cluster_id,analysis_order,reference_id,treatment_id,execution_class,strict_correct,semantic_correct,semantic_determinate,output_tokens,finish_reason
f7fd2cb7d8a6cbac338bdac4ab1b7f67,1,BASE,T0_OFF,primary,False,False,False,436,stop
f7fd2cb7d8a6cbac338bdac4ab1b7f67,1,BASE,T1_SILENT_CHECK,primary,True,True,True,537,stop
f7fd2cb7d8a6cbac338bdac4ab1b7f67,1,METADATA_TOKEN_MATCHED_TO_MASK,T1_SILENT_CHECK,primary,True,True,True,432,stop
f7fd2cb7d8a6cbac338bdac4ab1b7f67,1,MASK_SENTINEL,T1_SILENT_CHECK,primary,True,True,True,468,stop
f7fd2cb7d8a6cbac338bdac4ab1b7f67,1,MASK_SENTINEL,T0_OFF,primary,True,True,True,539,stop
f7fd2cb7d8a6cbac338bdac4ab1b7f67,1,METADATA_TOKEN_MATCHED_TO_MASK,T0_OFF,primary,True,True,True,505,stop
4c22d7a74ab6a85f999b960ab023ce4c,198,BASE,T0_OFF,primary,True,True,True,771,stop
4c22d7a74ab6a85f999b960ab023ce4c,198,MASK_SENTINEL,T0_OFF,primary,True,True,True,750,stop
4c22d7a74ab6a85f999b960ab023ce4c,198,MASK_SENTINEL,T1_SILENT_CHECK,primary,True,True,True,774,stop
4c22d7a74ab6a85f999b960ab023ce4c,198,BASE,T1_SILENT_CHECK,primary,True,True,True,814,stop
4c22d7a74ab6a85f999b960ab023ce4c,198,METADATA_TOKEN_MATCHED_TO_MASK,T1_SILENT_CHECK,primary,True,True,True,695,stop
4c22d7a74ab6a85f999b960ab023ce4c,198,METADATA_TOKEN_MATCHED_TO_MASK,T0_OFF,primary,True,True,True,856,stop
6590e3e9e8a64d510ea19301b300eb21,228,BASE,T0_OFF,primary,False,False,False,339,stop
6590e3e9e8a64d510ea19301b300eb21,228,MASK_SENTINEL,T0_OFF,primary,False,False,True,359,stop
6590e3e9e8a64d510ea19301b300eb21,228,BASE,T1_SILENT_CHECK,primary,False,False,True,378,stop
6590e3e9e8a64d510ea19301b300eb21,228,METADATA_TOKEN_MATCHED_TO_MASK,T0_OFF,primary,False,False,False,357,stop
6590e3e9e8a64d510ea19301b300eb21,228,MASK_SENTINEL,T1_SILENT_CHECK,primary,False,False,True,441,stop
6590e3e9e8a64d510ea19301b300eb21,228,METADATA_TOKEN_MATCHED_TO_MASK,T1_SILENT_CHECK,primary,False,False,True,435,stop
5f83dcf4dcb73eb5c1032fdd4093a907,122,BASE,T0_OFF,primary,True,True,True,518,stop
5f83dcf4dcb73eb5c1032fdd4093a907,122,BASE,T1_SILENT_CHECK,primary,True,True,True,539,stop
5f83dcf4dcb73eb5c1032fdd4093a907,122,MASK_SENTINEL,T0_OFF,primary,True,True,True,533,stop
5f83dcf4dcb73eb5c1032fdd4093a907,122,MASK_SENTINEL,T1_SILENT_CHECK,primary,True,True,True,545,stop
5f83dcf4dcb73eb5c1032fdd4093a907,122,METADATA_TOKEN_MATCHED_TO_MASK,T0_OFF,primary,True,True,True,577,stop
5f83dcf4dcb73eb5c1032fdd4093a907,122,METADATA_TOKEN_MATCHED_TO_MASK,T1_SILENT_CHECK,primary,True,True,True,545,stop
a0a1a59283191bc8867704323d80322f,9,BASE,T0_OFF,primary,True,True,True,466,stop
a0a1a59283191bc8867704323d80322f,9,BASE,T1_SILENT_CHECK,primary,True,True,True,431,stop
a0a1a59283191bc8867704323d80322f,9,MASK_SENTINEL,T0_OFF,primary,True,True,True,458,stop
a0a1a59283191bc8867704323d80322f,9,MASK_SENTINEL,T1_SILENT_CHECK,primary,True,True,True,441,stop
a0a1a59283191bc8867704323d80322f,9,METADATA_TOKEN_MATCHED_TO_MASK,T0_OFF,primary,True,True,True,467,stop
a0a1a59283191bc8867704323d80322f,9,METADATA_TOKEN_MATCHED_TO_MASK,T1_SILENT_CHECK,primary,True,True,True,446,stop
a0a1a59283191bc8867704323d80322f,9,BASE,T1_SILENT_CHECK,integrity_duplicate,True,True,True,431,stop
a0a1a59283191bc8867704323d80322f,9,BASE,T0_OFF,integrity_duplicate,True,True,True,466,stop
a0a1a59283191bc8867704323d80322f,9,MASK_SENTINEL,T0_OFF,integrity_duplicate,True,True,True,458,stop
a0a1a59283191bc8867704323d80322f,9,MASK_SENTINEL,T1_SILENT_CHECK,integrity_duplicate,True,True,True,441,stop
a0a1a59283191bc8867704323d80322f,9,METADATA_TOKEN_MATCHED_TO_MASK,T0_OFF,integrity_duplicate,True,True,True,467,stop
a0a1a59283191bc8867704323d80322f,9,METADATA_TOKEN_MATCHED_TO_MASK,T1_SILENT_CHECK,integrity_duplicate,True,True,True,446,stop
970a8b45efef7e277b9cbd0b58b6c579,195,BASE,T1_SILENT_CHECK,primary,True,True,True,409,stop
970a8b45efef7e277b9cbd0b58b6c579,195,BASE,T0_OFF,primary,True,True,True,426,stop
970a8b45efef7e277b9cbd0b58b6c579,195,MASK_SENTINEL,T0_OFF,primary,True,True,True,413,stop
970a8b45efef7e277b9cbd0b58b6c579,195,MASK_SENTINEL,T1_SILENT_CHECK,primary,True,True,True,396,stop
970a8b45efef7e277b9cbd0b58b6c579,195,METADATA_TOKEN_MATCHED_TO_MASK,T0_OFF,primary,True,True,True,406,stop
970a8b45efef7e277b9cbd0b58b6c579,195,METADATA_TOKEN_MATCHED_TO_MASK,T1_SILENT_CHECK,primary,True,True,True,401,stop
eb33a00e8cc63e9618a519d78d75c6f3,248,BASE,T1_SILENT_CHECK,primary,False,False,True,111,stop
eb33a00e8cc63e9618a519d78d75c6f3,248,BASE,T0_OFF,primary,False,False,True,165,stop
eb33a00e8cc63e9618a519d78d75c6f3,248,METADATA_TOKEN_MATCHED_TO_MASK,T1_SILENT_CHECK,primary,False,False,True,90,stop
eb33a00e8cc63e9618a519d78d75c6f3,248,MASK_SENTINEL,T0_OFF,primary,False,False,False,197,stop
eb33a00e8cc63e9618a519d78d75c6f3,248,MASK_SENTINEL,T1_SILENT_CHECK,primary,False,False,True,159,stop
eb33a00e8cc63e9618a519d78d75c6f3,248,METADATA_TOKEN_MATCHED_TO_MASK,T0_OFF,primary,False,False,True,257,stop
4b53aee6813ee44bd4bd3f3bd9cd87fd,224,BASE,T0_OFF,primary,True,True,True,107,stop
4b53aee6813ee44bd4bd3f3bd9cd87fd,224,BASE,T1_SILENT_CHECK,primary,True,True,True,97,stop
4b53aee6813ee44bd4bd3f3bd9cd87fd,224,MASK_SENTINEL,T1_SILENT_CHECK,primary,True,True,True,105,stop
4b53aee6813ee44bd4bd3f3bd9cd87fd,224,MASK_SENTINEL,T0_OFF,primary,True,True,True,323,stop
4b53aee6813ee44bd4bd3f3bd9cd87fd,224,METADATA_TOKEN_MATCHED_TO_MASK,T0_OFF,primary,True,True,True,301,stop
4b53aee6813ee44bd4bd3f3bd9cd87fd,224,METADATA_TOKEN_MATCHED_TO_MASK,T1_SILENT_CHECK,primary,True,True,True,274,stop
4f3b8ad1d90c604ab26863f975192ea7,249,BASE,T1_SILENT_CHECK,primary,True,True,True,645,stop
4f3b8ad1d90c604ab26863f975192ea7,249,MASK_SENTINEL,T1_SILENT_CHECK,primary,True,True,True,640,stop
4f3b8ad1d90c604ab26863f975192ea7,249,BASE,T0_OFF,primary,True,True,True,719,stop
4f3b8ad1d90c604ab26863f975192ea7,249,METADATA_TOKEN_MATCHED_TO_MASK,T1_SILENT_CHECK,primary,True,True,True,658,stop
4f3b8ad1d90c604ab26863f975192ea7,249,MASK_SENTINEL,T0_OFF,primary,True,True,True,701,stop
4f3b8ad1d90c604ab26863f975192ea7,249,METADATA_TOKEN_MATCHED_TO_MASK,T0_OFF,primary,True,True,True,701,stop
da0f9a615393ed9974fe671e1cf13eb2,80,BASE,T1_SILENT_CHECK,primary,True,True,True,723,stop
da0f9a615393ed9974fe671e1cf13eb2,80,BASE,T0_OFF,primary,False,True,True,977,stop
da0f9a615393ed9974fe671e1cf13eb2,80,METADATA_TOKEN_MATCHED_TO_MASK,T0_OFF,primary,False,False,True,1032,stop
da0f9a615393ed9974fe671e1cf13eb2,80,METADATA_TOKEN_MATCHED_TO_MASK,T1_SILENT_CHECK,primary,False,False,True,1147,stop
da0f9a615393ed9974fe671e1cf13eb2,80,MASK_SENTINEL,T1_SILENT_CHECK,primary,True,True,True,1234,stop
da0f9a615393ed9974fe671e1cf13eb2,80,BASE,T1_SILENT_CHECK,integrity_duplicate,True,True,True,723,stop
da0f9a615393ed9974fe671e1cf13eb2,80,BASE,T0_OFF,integrity_duplicate,False,True,True,977,stop
da0f9a615393ed9974fe671e1cf13eb2,80,MASK_SENTINEL,T0_OFF,primary,False,False,True,2237,stop
da0f9a615393ed9974fe671e1cf13eb2,80,METADATA_TOKEN_MATCHED_TO_MASK,T0_OFF,integrity_duplicate,False,False,True,1032,stop
da0f9a615393ed9974fe671e1cf13eb2,80,MASK_SENTINEL,T1_SILENT_CHECK,integrity_duplicate,True,True,True,1234,stop
da0f9a615393ed9974fe671e1cf13eb2,80,METADATA_TOKEN_MATCHED_TO_MASK,T1_SILENT_CHECK,integrity_duplicate,False,False,True,1147,stop
da0f9a615393ed9974fe671e1cf13eb2,80,MASK_SENTINEL,T0_OFF,integrity_duplicate,False,False,True,2237,stop
f11a0c5f1e2de7da29cfc2f8f5541305,36,BASE,T0_OFF,primary,False,False,True,8192,length
f11a0c5f1e2de7da29cfc2f8f5541305,36,BASE,T1_SILENT_CHECK,primary,False,False,False,8192,length
f11a0c5f1e2de7da29cfc2f8f5541305,36,MASK_SENTINEL,T0_OFF,primary,False,False,True,8192,length
f11a0c5f1e2de7da29cfc2f8f5541305,36,MASK_SENTINEL,T1_SILENT_CHECK,primary,False,False,True,8192,length
f11a0c5f1e2de7da29cfc2f8f5541305,36,METADATA_TOKEN_MATCHED_TO_MASK,T0_OFF,primary,False,True,True,8192,length
f11a0c5f1e2de7da29cfc2f8f5541305,36,METADATA_TOKEN_MATCHED_TO_MASK,T1_SILENT_CHECK,primary,False,False,True,8192,length
ae347834bd9ff916cfea9382de9e0ece,208,BASE,T0_OFF,primary,True,True,True,405,stop
ae347834bd9ff916cfea9382de9e0ece,208,BASE,T1_SILENT_CHECK,primary,True,True,True,432,stop
ae347834bd9ff916cfea9382de9e0ece,208,MASK_SENTINEL,T0_OFF,primary,True,True,True,435,stop
ae347834bd9ff916cfea9382de9e0ece,208,MASK_SENTINEL,T1_SILENT_CHECK,primary,True,True,True,405,stop
ae347834bd9ff916cfea9382de9e0ece,208,METADATA_TOKEN_MATCHED_TO_MASK,T0_OFF,primary,True,True,True,435,stop
ae347834bd9ff916cfea9382de9e0ece,208,METADATA_TOKEN_MATCHED_TO_MASK,T1_SILENT_CHECK,primary,True,True,True,412,stop
94b2136f2b120626c87c0391ebcfa0b7,148,BASE,T0_OFF,primary,False,False,True,742,stop
94b2136f2b120626c87c0391ebcfa0b7,148,BASE,T1_SILENT_CHECK,primary,True,True,True,689,stop
94b2136f2b120626c87c0391ebcfa0b7,148,MASK_SENTINEL,T0_OFF,primary,False,False,True,813,stop
94b2136f2b120626c87c0391ebcfa0b7,148,METADATA_TOKEN_MATCHED_TO_MASK,T1_SILENT_CHECK,primary,True,True,True,773,stop
94b2136f2b120626c87c0391ebcfa0b7,148,MASK_SENTINEL,T1_SILENT_CHECK,primary,False,False,True,887,stop
94b2136f2b120626c87c0391ebcfa0b7,148,METADATA_TOKEN_MATCHED_TO_MASK,T0_OFF,primary,False,False,True,961,stop
622d6f22bcfa4d01198ab75aedc84783,200,BASE,T0_OFF,primary,True,True,True,316,stop
622d6f22bcfa4d01198ab75aedc84783,200,BASE,T1_SILENT_CHECK,primary,True,True,True,354,stop
622d6f22bcfa4d01198ab75aedc84783,200,MASK_SENTINEL,T0_OFF,primary,True,True,True,294,stop
622d6f22bcfa4d01198ab75aedc84783,200,METADATA_TOKEN_MATCHED_TO_MASK,T0_OFF,primary,True,True,True,296,stop
622d6f22bcfa4d01198ab75aedc84783,200,MASK_SENTINEL,T1_SILENT_CHECK,primary,True,True,True,343,stop
622d6f22bcfa4d01198ab75aedc84783,200,METADATA_TOKEN_MATCHED_TO_MASK,T1_SILENT_CHECK,primary,True,True,True,391,stop
8b18fc7ec69c957ff58c3bff846ec3d6,257,MASK_SENTINEL,T1_SILENT_CHECK,primary,True,True,True,487,stop
8b18fc7ec69c957ff58c3bff846ec3d6,257,BASE,T1_SILENT_CHECK,primary,True,True,True,572,stop
8b18fc7ec69c957ff58c3bff846ec3d6,257,BASE,T0_OFF,primary,False,True,True,581,stop
8b18fc7ec69c957ff58c3bff846ec3d6,257,METADATA_TOKEN_MATCHED_TO_MASK,T0_OFF,primary,True,True,True,571,stop
8b18fc7ec69c957ff58c3bff846ec3d6,257,MASK_SENTINEL,T0_OFF,primary,True,True,True,622,stop
8b18fc7ec69c957ff58c3bff846ec3d6,257,METADATA_TOKEN_MATCHED_TO_MASK,T1_SILENT_CHECK,primary,True,True,True,615,stop
e8c3617f33f27d3c462deeeae64c209b,127,BASE,T0_OFF,primary,False,False,False,1187,stop
e8c3617f33f27d3c462deeeae64c209b,127,BASE,T1_SILENT_CHECK,primary,True,True,True,1246,stop
e8c3617f33f27d3c462deeeae64c209b,127,MASK_SENTINEL,T0_OFF,primary,True,True,True,911,stop
e8c3617f33f27d3c462deeeae64c209b,127,METADATA_TOKEN_MATCHED_TO_MASK,T0_OFF,primary,False,True,True,1052,stop
e8c3617f33f27d3c462deeeae64c209b,127,MASK_SENTINEL,T1_SILENT_CHECK,primary,True,True,True,1111,stop
e8c3617f33f27d3c462deeeae64c209b,127,METADATA_TOKEN_MATCHED_TO_MASK,T1_SILENT_CHECK,primary,True,True,True,1111,stop
267c60870434da33b48ce6cb0e4e10d1,41,BASE,T0_OFF,primary,False,False,False,8192,length
267c60870434da33b48ce6cb0e4e10d1,41,BASE,T1_SILENT_CHECK,primary,False,False,False,8192,length
267c60870434da33b48ce6cb0e4e10d1,41,MASK_SENTINEL,T0_OFF,primary,False,False,True,8192,length
267c60870434da33b48ce6cb0e4e10d1,41,MASK_SENTINEL,T1_SILENT_CHECK,primary,False,False,False,8192,length
267c60870434da33b48ce6cb0e4e10d1,41,METADATA_TOKEN_MATCHED_TO_MASK,T0_OFF,primary,False,False,True,8192,length
267c60870434da33b48ce6cb0e4e10d1,41,METADATA_TOKEN_MATCHED_TO_MASK,T1_SILENT_CHECK,primary,False,False,True,8192,length
267c60870434da33b48ce6cb0e4e10d1,41,BASE,T0_OFF,integrity_duplicate,False,False,False,8192,length
267c60870434da33b48ce6cb0e4e10d1,41,BASE,T1_SILENT_CHECK,integrity_duplicate,False,False,False,8192,length
267c60870434da33b48ce6cb0e4e10d1,41,MASK_SENTINEL,T0_OFF,integrity_duplicate,False,False,True,8192,length
267c60870434da33b48ce6cb0e4e10d1,41,MASK_SENTINEL,T1_SILENT_CHECK,integrity_duplicate,False,False,False,8192,length
267c60870434da33b48ce6cb0e4e10d1,41,METADATA_TOKEN_MATCHED_TO_MASK,T0_OFF,integrity_duplicate,False,False,True,8192,length
267c60870434da33b48ce6cb0e4e10d1,41,METADATA_TOKEN_MATCHED_TO_MASK,T1_SILENT_CHECK,integrity_duplicate,False,False,True,8192,length
a3303236c97dc3b336e1dfc6e5240b18,283,MASK_SENTINEL,T0_OFF,primary,True,True,True,253,stop
a3303236c97dc3b336e1dfc6e5240b18,283,BASE,T0_OFF,primary,False,False,False,320,stop
a3303236c97dc3b336e1dfc6e5240b18,283,BASE,T1_SILENT_CHECK,primary,True,True,True,324,stop
a3303236c97dc3b336e1dfc6e5240b18,283,MASK_SENTINEL,T1_SILENT_CHECK,primary,True,True,True,235,stop
a3303236c97dc3b336e1dfc6e5240b18,283,METADATA_TOKEN_MATCHED_TO_MASK,T0_OFF,primary,True,True,True,311,stop
a3303236c97dc3b336e1dfc6e5240b18,283,METADATA_TOKEN_MATCHED_TO_MASK,T1_SILENT_CHECK,primary,True,True,True,312,stop
a3303236c97dc3b336e1dfc6e5240b18,283,BASE,T0_OFF,integrity_duplicate,False,False,False,320,stop
a3303236c97dc3b336e1dfc6e5240b18,283,MASK_SENTINEL,T0_OFF,integrity_duplicate,True,True,True,253,stop
a3303236c97dc3b336e1dfc6e5240b18,283,MASK_SENTINEL,T1_SILENT_CHECK,integrity_duplicate,True,True,True,235,stop
a3303236c97dc3b336e1dfc6e5240b18,283,BASE,T1_SILENT_CHECK,integrity_duplicate,True,True,True,324,stop
a3303236c97dc3b336e1dfc6e5240b18,283,METADATA_TOKEN_MATCHED_TO_MASK,T0_OFF,integrity_duplicate,True,True,True,311,stop
a3303236c97dc3b336e1dfc6e5240b18,283,METADATA_TOKEN_MATCHED_TO_MASK,T1_SILENT_CHECK,integrity_duplicate,True,True,True,312,stop
69928d9f943235c4bcbb47fcc6503ce3,297,BASE,T0_OFF,primary,False,False,False,559,stop
69928d9f943235c4bcbb47fcc6503ce3,297,BASE,T1_SILENT_CHECK,primary,False,False,True,599,stop
69928d9f943235c4bcbb47fcc6503ce3,297,METADATA_TOKEN_MATCHED_TO_MASK,T0_OFF,primary,False,False,False,516,stop
69928d9f943235c4bcbb47fcc6503ce3,297,MASK_SENTINEL,T0_OFF,primary,False,False,False,618,stop
69928d9f943235c4bcbb47fcc6503ce3,297,MASK_SENTINEL,T1_SILENT_CHECK,primary,False,False,True,617,stop
69928d9f943235c4bcbb47fcc6503ce3,297,METADATA_TOKEN_MATCHED_TO_MASK,T1_SILENT_CHECK,primary,False,False,True,628,stop
b5ac3967f5cb4ad946af8e085103c3b4,64,MASK_SENTINEL,T1_SILENT_CHECK,primary,False,False,True,480,stop
b5ac3967f5cb4ad946af8e085103c3b4,64,MASK_SENTINEL,T0_OFF,primary,False,False,True,544,stop
b5ac3967f5cb4ad946af8e085103c3b4,64,BASE,T1_SILENT_CHECK,primary,False,False,True,587,stop
b5ac3967f5cb4ad946af8e085103c3b4,64,BASE,T0_OFF,primary,False,True,True,654,stop
b5ac3967f5cb4ad946af8e085103c3b4,64,METADATA_TOKEN_MATCHED_TO_MASK,T0_OFF,primary,True,True,True,665,stop
b5ac3967f5cb4ad946af8e085103c3b4,64,METADATA_TOKEN_MATCHED_TO_MASK,T1_SILENT_CHECK,primary,True,True,True,620,stop
a38fc645bc2a9a6ce072679b76782da7,288,BASE,T1_SILENT_CHECK,primary,True,True,True,178,stop
a38fc645bc2a9a6ce072679b76782da7,288,MASK_SENTINEL,T1_SILENT_CHECK,primary,True,True,True,225,stop
a38fc645bc2a9a6ce072679b76782da7,288,BASE,T1_SILENT_CHECK,integrity_duplicate,True,True,True,178,stop
a38fc645bc2a9a6ce072679b76782da7,288,MASK_SENTINEL,T0_OFF,primary,True,True,True,383,stop
a38fc645bc2a9a6ce072679b76782da7,288,METADATA_TOKEN_MATCHED_TO_MASK,T1_SILENT_CHECK,primary,True,True,True,235,stop
a38fc645bc2a9a6ce072679b76782da7,288,METADATA_TOKEN_MATCHED_TO_MASK,T0_OFF,primary,False,False,False,334,stop
a38fc645bc2a9a6ce072679b76782da7,288,BASE,T0_OFF,primary,False,False,False,465,stop
a38fc645bc2a9a6ce072679b76782da7,288,MASK_SENTINEL,T1_SILENT_CHECK,integrity_duplicate,True,True,True,225,stop
a38fc645bc2a9a6ce072679b76782da7,288,METADATA_TOKEN_MATCHED_TO_MASK,T1_SILENT_CHECK,integrity_duplicate,True,True,True,235,stop
a38fc645bc2a9a6ce072679b76782da7,288,MASK_SENTINEL,T0_OFF,integrity_duplicate,True,True,True,383,stop
a38fc645bc2a9a6ce072679b76782da7,288,BASE,T0_OFF,integrity_duplicate,False,False,False,465,stop
a38fc645bc2a9a6ce072679b76782da7,288,METADATA_TOKEN_MATCHED_TO_MASK,T0_OFF,integrity_duplicate,False,False,False,334,stop
93864ba9d496984089eaf2d8b3e76c31,201,BASE,T1_SILENT_CHECK,primary,False,False,True,650,stop
93864ba9d496984089eaf2d8b3e76c31,201,MASK_SENTINEL,T0_OFF,primary,False,False,True,651,stop
93864ba9d496984089eaf2d8b3e76c31,201,BASE,T0_OFF,primary,True,True,True,788,stop
93864ba9d496984089eaf2d8b3e76c31,201,METADATA_TOKEN_MATCHED_TO_MASK,T0_OFF,primary,False,False,False,654,stop
93864ba9d496984089eaf2d8b3e76c31,201,MASK_SENTINEL,T1_SILENT_CHECK,primary,False,False,True,686,stop
93864ba9d496984089eaf2d8b3e76c31,201,METADATA_TOKEN_MATCHED_TO_MASK,T1_SILENT_CHECK,primary,False,False,True,686,stop
93864ba9d496984089eaf2d8b3e76c31,201,BASE,T1_SILENT_CHECK,integrity_duplicate,False,False,True,650,stop
93864ba9d496984089eaf2d8b3e76c31,201,BASE,T0_OFF,integrity_duplicate,True,True,True,788,stop
93864ba9d496984089eaf2d8b3e76c31,201,MASK_SENTINEL,T0_OFF,integrity_duplicate,False,False,True,651,stop
93864ba9d496984089eaf2d8b3e76c31,201,METADATA_TOKEN_MATCHED_TO_MASK,T0_OFF,integrity_duplicate,False,False,False,654,stop
93864ba9d496984089eaf2d8b3e76c31,201,MASK_SENTINEL,T1_SILENT_CHECK,integrity_duplicate,False,False,True,686,stop
93864ba9d496984089eaf2d8b3e76c31,201,METADATA_TOKEN_MATCHED_TO_MASK,T1_SILENT_CHECK,integrity_duplicate,False,False,True,686,stop
5019486bf2935a9d7a6092dc080c5a5c,163,BASE,T0_OFF,primary,False,False,False,359,stop
5019486bf2935a9d7a6092dc080c5a5c,163,BASE,T1_SILENT_CHECK,primary,True,True,True,420,stop
5019486bf2935a9d7a6092dc080c5a5c,163,METADATA_TOKEN_MATCHED_TO_MASK,T1_SILENT_CHECK,primary,False,False,True,257,stop
5019486bf2935a9d7a6092dc080c5a5c,163,MASK_SENTINEL,T1_SILENT_CHECK,primary,True,True,True,289,stop
5019486bf2935a9d7a6092dc080c5a5c,163,MASK_SENTINEL,T0_OFF,primary,False,True,True,430,stop
5019486bf2935a9d7a6092dc080c5a5c,163,METADATA_TOKEN_MATCHED_TO_MASK,T0_OFF,primary,True,True,True,809,stop
a9168224ef9fa96fc09a87c906d4bbf2,72,BASE,T1_SILENT_CHECK,primary,False,False,True,530,stop
a9168224ef9fa96fc09a87c906d4bbf2,72,METADATA_TOKEN_MATCHED_TO_MASK,T0_OFF,primary,False,False,True,527,stop
a9168224ef9fa96fc09a87c906d4bbf2,72,METADATA_TOKEN_MATCHED_TO_MASK,T1_SILENT_CHECK,primary,False,False,True,520,stop
a9168224ef9fa96fc09a87c906d4bbf2,72,BASE,T0_OFF,primary,False,False,True,650,stop
a9168224ef9fa96fc09a87c906d4bbf2,72,MASK_SENTINEL,T1_SILENT_CHECK,primary,False,False,True,651,stop
a9168224ef9fa96fc09a87c906d4bbf2,72,MASK_SENTINEL,T0_OFF,primary,False,False,True,741,stop
3b83f42a27bf8a02ab2626ecdfefd6cc,130,BASE,T0_OFF,primary,False,True,True,329,stop
3b83f42a27bf8a02ab2626ecdfefd6cc,130,BASE,T1_SILENT_CHECK,primary,True,True,True,326,stop
3b83f42a27bf8a02ab2626ecdfefd6cc,130,MASK_SENTINEL,T0_OFF,primary,True,True,True,320,stop
3b83f42a27bf8a02ab2626ecdfefd6cc,130,MASK_SENTINEL,T1_SILENT_CHECK,primary,True,True,True,296,stop
3b83f42a27bf8a02ab2626ecdfefd6cc,130,METADATA_TOKEN_MATCHED_TO_MASK,T0_OFF,primary,True,True,True,359,stop
3b83f42a27bf8a02ab2626ecdfefd6cc,130,METADATA_TOKEN_MATCHED_TO_MASK,T1_SILENT_CHECK,primary,True,True,True,301,stop
480d9676025c4c65ad7a7273d134ba2e,233,BASE,T0_OFF,primary,False,False,False,294,stop
480d9676025c4c65ad7a7273d134ba2e,233,BASE,T1_SILENT_CHECK,primary,False,False,True,354,stop
480d9676025c4c65ad7a7273d134ba2e,233,MASK_SENTINEL,T0_OFF,primary,False,False,True,352,stop
480d9676025c4c65ad7a7273d134ba2e,233,MASK_SENTINEL,T1_SILENT_CHECK,primary,False,False,True,320,stop
480d9676025c4c65ad7a7273d134ba2e,233,METADATA_TOKEN_MATCHED_TO_MASK,T1_SILENT_CHECK,primary,False,False,True,329,stop
480d9676025c4c65ad7a7273d134ba2e,233,METADATA_TOKEN_MATCHED_TO_MASK,T0_OFF,primary,False,False,True,375,stop
20f8720bc00a7422636647591d420c69,42,BASE,T0_OFF,primary,True,True,True,541,stop
20f8720bc00a7422636647591d420c69,42,BASE,T1_SILENT_CHECK,primary,True,True,True,454,stop
20f8720bc00a7422636647591d420c69,42,MASK_SENTINEL,T1_SILENT_CHECK,primary,True,True,True,439,stop
20f8720bc00a7422636647591d420c69,42,MASK_SENTINEL,T0_OFF,primary,True,True,True,468,stop
20f8720bc00a7422636647591d420c69,42,METADATA_TOKEN_MATCHED_TO_MASK,T1_SILENT_CHECK,primary,True,True,True,454,stop
20f8720bc00a7422636647591d420c69,42,METADATA_TOKEN_MATCHED_TO_MASK,T0_OFF,primary,True,True,True,517,stop
319d08f37f59a8781453083e8a0092f9,8,BASE,T0_OFF,primary,False,True,True,328,stop
319d08f37f59a8781453083e8a0092f9,8,BASE,T1_SILENT_CHECK,primary,True,True,True,321,stop
319d08f37f59a8781453083e8a0092f9,8,MASK_SENTINEL,T1_SILENT_CHECK,primary,True,True,True,321,stop
319d08f37f59a8781453083e8a0092f9,8,MASK_SENTINEL,T0_OFF,primary,False,True,True,366,stop
319d08f37f59a8781453083e8a0092f9,8,METADATA_TOKEN_MATCHED_TO_MASK,T0_OFF,primary,False,False,False,427,stop
319d08f37f59a8781453083e8a0092f9,8,METADATA_TOKEN_MATCHED_TO_MASK,T1_SILENT_CHECK,primary,False,False,True,722,stop
138e7e9e8a1eb8b6557f2ba63bc5a05e,169,BASE,T0_OFF,primary,False,False,False,316,stop
138e7e9e8a1eb8b6557f2ba63bc5a05e,169,MASK_SENTINEL,T0_OFF,primary,True,True,True,354,stop
138e7e9e8a1eb8b6557f2ba63bc5a05e,169,BASE,T1_SILENT_CHECK,primary,True,True,True,420,stop
138e7e9e8a1eb8b6557f2ba63bc5a05e,169,MASK_SENTINEL,T1_SILENT_CHECK,primary,True,True,True,403,stop
138e7e9e8a1eb8b6557f2ba63bc5a05e,169,METADATA_TOKEN_MATCHED_TO_MASK,T0_OFF,primary,False,False,False,300,stop
138e7e9e8a1eb8b6557f2ba63bc5a05e,169,METADATA_TOKEN_MATCHED_TO_MASK,T1_SILENT_CHECK,primary,True,True,True,405,stop
7464c28956601e5784edeb3e0b5d9c71,52,BASE,T1_SILENT_CHECK,primary,False,False,True,1693,stop
7464c28956601e5784edeb3e0b5d9c71,52,METADATA_TOKEN_MATCHED_TO_MASK,T1_SILENT_CHECK,primary,False,False,True,1820,stop
7464c28956601e5784edeb3e0b5d9c71,52,MASK_SENTINEL,T1_SILENT_CHECK,primary,False,False,True,2657,stop
7464c28956601e5784edeb3e0b5d9c71,52,METADATA_TOKEN_MATCHED_TO_MASK,T0_OFF,primary,False,False,True,3612,stop
7464c28956601e5784edeb3e0b5d9c71,52,BASE,T0_OFF,primary,False,False,True,4738,stop
7464c28956601e5784edeb3e0b5d9c71,52,MASK_SENTINEL,T0_OFF,primary,False,False,True,5528,stop
f59910ad6e5579d7fc4e79c426e6c5ce,77,BASE,T1_SILENT_CHECK,primary,True,True,True,764,stop
f59910ad6e5579d7fc4e79c426e6c5ce,77,MASK_SENTINEL,T1_SILENT_CHECK,primary,True,True,True,891,stop
f59910ad6e5579d7fc4e79c426e6c5ce,77,METADATA_TOKEN_MATCHED_TO_MASK,T1_SILENT_CHECK,primary,True,True,True,914,stop
f59910ad6e5579d7fc4e79c426e6c5ce,77,METADATA_TOKEN_MATCHED_TO_MASK,T0_OFF,primary,True,True,True,928,stop
f59910ad6e5579d7fc4e79c426e6c5ce,77,BASE,T0_OFF,primary,False,False,False,8192,length
f59910ad6e5579d7fc4e79c426e6c5ce,77,MASK_SENTINEL,T0_OFF,primary,False,False,False,8192,length
66201e766c45b934f3790d56b9b1707c,164,BASE,T1_SILENT_CHECK,primary,True,True,True,117,stop
66201e766c45b934f3790d56b9b1707c,164,MASK_SENTINEL,T0_OFF,primary,False,False,True,175,stop
66201e766c45b934f3790d56b9b1707c,164,MASK_SENTINEL,T1_SILENT_CHECK,primary,True,True,True,143,stop
66201e766c45b934f3790d56b9b1707c,164,BASE,T0_OFF,primary,False,False,False,223,stop
66201e766c45b934f3790d56b9b1707c,164,METADATA_TOKEN_MATCHED_TO_MASK,T0_OFF,primary,True,True,True,109,stop
66201e766c45b934f3790d56b9b1707c,164,METADATA_TOKEN_MATCHED_TO_MASK,T1_SILENT_CHECK,primary,True,True,True,117,stop
66201e766c45b934f3790d56b9b1707c,164,BASE,T1_SILENT_CHECK,integrity_duplicate,True,True,True,117,stop
66201e766c45b934f3790d56b9b1707c,164,METADATA_TOKEN_MATCHED_TO_MASK,T0_OFF,integrity_duplicate,True,True,True,109,stop
66201e766c45b934f3790d56b9b1707c,164,MASK_SENTINEL,T1_SILENT_CHECK,integrity_duplicate,True,True,True,143,stop
66201e766c45b934f3790d56b9b1707c,164,MASK_SENTINEL,T0_OFF,integrity_duplicate,False,False,True,175,stop
66201e766c45b934f3790d56b9b1707c,164,BASE,T0_OFF,integrity_duplicate,False,False,False,223,stop
66201e766c45b934f3790d56b9b1707c,164,METADATA_TOKEN_MATCHED_TO_MASK,T1_SILENT_CHECK,integrity_duplicate,True,True,True,117,stop
36a07561a457ed8846a4ef42c041208e,85,BASE,T1_SILENT_CHECK,primary,True,True,True,450,stop
36a07561a457ed8846a4ef42c041208e,85,BASE,T0_OFF,primary,True,True,True,518,stop
36a07561a457ed8846a4ef42c041208e,85,MASK_SENTINEL,T1_SILENT_CHECK,primary,True,True,True,417,stop
36a07561a457ed8846a4ef42c041208e,85,MASK_SENTINEL,T0_OFF,primary,True,True,True,486,stop
36a07561a457ed8846a4ef42c041208e,85,METADATA_TOKEN_MATCHED_TO_MASK,T1_SILENT_CHECK,primary,True,True,True,399,stop
36a07561a457ed8846a4ef42c041208e,85,METADATA_TOKEN_MATCHED_TO_MASK,T0_OFF,primary,True,True,True,455,stop
36a07561a457ed8846a4ef42c041208e,85,BASE,T1_SILENT_CHECK,integrity_duplicate,True,True,True,450,stop
36a07561a457ed8846a4ef42c041208e,85,BASE,T0_OFF,integrity_duplicate,True,True,True,518,stop
36a07561a457ed8846a4ef42c041208e,85,MASK_SENTINEL,T1_SILENT_CHECK,integrity_duplicate,True,True,True,417,stop
36a07561a457ed8846a4ef42c041208e,85,MASK_SENTINEL,T0_OFF,integrity_duplicate,True,True,True,486,stop
36a07561a457ed8846a4ef42c041208e,85,METADATA_TOKEN_MATCHED_TO_MASK,T1_SILENT_CHECK,integrity_duplicate,True,True,True,399,stop
36a07561a457ed8846a4ef42c041208e,85,METADATA_TOKEN_MATCHED_TO_MASK,T0_OFF,integrity_duplicate,True,True,True,455,stop
23e4b26ffa761b8925f554dcc061bef4,192,BASE,T1_SILENT_CHECK,primary,True,True,True,432,stop
23e4b26ffa761b8925f554dcc061bef4,192,BASE,T0_OFF,primary,False,False,False,513,stop
23e4b26ffa761b8925f554dcc061bef4,192,MASK_SENTINEL,T0_OFF,primary,True,True,True,471,stop
23e4b26ffa761b8925f554dcc061bef4,192,MASK_SENTINEL,T1_SILENT_CHECK,primary,True,True,True,472,stop
23e4b26ffa761b8925f554dcc061bef4,192,METADATA_TOKEN_MATCHED_TO_MASK,T0_OFF,primary,False,False,False,498,stop
23e4b26ffa761b8925f554dcc061bef4,192,METADATA_TOKEN_MATCHED_TO_MASK,T1_SILENT_CHECK,primary,True,True,True,499,stop
31448f99fde51086388bae34fe8e96a7,262,BASE,T0_OFF,primary,False,False,False,421,stop
31448f99fde51086388bae34fe8e96a7,262,BASE,T1_SILENT_CHECK,primary,True,True,True,459,stop
31448f99fde51086388bae34fe8e96a7,262,MASK_SENTINEL,T0_OFF,primary,True,True,True,445,stop
31448f99fde51086388bae34fe8e96a7,262,METADATA_TOKEN_MATCHED_TO_MASK,T0_OFF,primary,False,False,False,368,stop
31448f99fde51086388bae34fe8e96a7,262,MASK_SENTINEL,T1_SILENT_CHECK,primary,True,True,True,424,stop
31448f99fde51086388bae34fe8e96a7,262,METADATA_TOKEN_MATCHED_TO_MASK,T1_SILENT_CHECK,primary,True,True,True,417,stop
91baad01b8ac6ff345b8177b3488bf5b,105,BASE,T0_OFF,primary,True,True,True,381,stop
91baad01b8ac6ff345b8177b3488bf5b,105,BASE,T1_SILENT_CHECK,primary,True,True,True,325,stop
91baad01b8ac6ff345b8177b3488bf5b,105,MASK_SENTINEL,T0_OFF,primary,True,True,True,384,stop
91baad01b8ac6ff345b8177b3488bf5b,105,MASK_SENTINEL,T1_SILENT_CHECK,primary,True,True,True,373,stop
91baad01b8ac6ff345b8177b3488bf5b,105,METADATA_TOKEN_MATCHED_TO_MASK,T1_SILENT_CHECK,primary,True,True,True,305,stop
91baad01b8ac6ff345b8177b3488bf5b,105,METADATA_TOKEN_MATCHED_TO_MASK,T0_OFF,primary,True,True,True,382,stop
b69f43541b28bfe843851fc0077c475b,220,BASE,T0_OFF,primary,False,False,False,179,stop
b69f43541b28bfe843851fc0077c475b,220,BASE,T1_SILENT_CHECK,primary,True,True,True,175,stop
b69f43541b28bfe843851fc0077c475b,220,MASK_SENTINEL,T0_OFF,primary,True,True,True,215,stop
b69f43541b28bfe843851fc0077c475b,220,METADATA_TOKEN_MATCHED_TO_MASK,T0_OFF,primary,True,True,True,198,stop
b69f43541b28bfe843851fc0077c475b,220,METADATA_TOKEN_MATCHED_TO_MASK,T1_SILENT_CHECK,primary,True,True,True,184,stop
b69f43541b28bfe843851fc0077c475b,220,MASK_SENTINEL,T1_SILENT_CHECK,primary,True,True,True,274,stop
93d02c030dbde8a46bbee57e8a06ea8b,282,BASE,T0_OFF,primary,True,True,True,511,stop
93d02c030dbde8a46bbee57e8a06ea8b,282,MASK_SENTINEL,T1_SILENT_CHECK,primary,True,True,True,680,stop
93d02c030dbde8a46bbee57e8a06ea8b,282,BASE,T0_OFF,integrity_duplicate,True,True,True,511,stop
93d02c030dbde8a46bbee57e8a06ea8b,282,METADATA_TOKEN_MATCHED_TO_MASK,T1_SILENT_CHECK,primary,True,True,True,638,stop
93d02c030dbde8a46bbee57e8a06ea8b,282,MASK_SENTINEL,T0_OFF,primary,True,True,True,864,stop
93d02c030dbde8a46bbee57e8a06ea8b,282,BASE,T1_SILENT_CHECK,primary,True,True,True,918,stop
93d02c030dbde8a46bbee57e8a06ea8b,282,METADATA_TOKEN_MATCHED_TO_MASK,T0_OFF,primary,False,True,True,820,stop
93d02c030dbde8a46bbee57e8a06ea8b,282,BASE,T1_SILENT_CHECK,integrity_duplicate,True,True,True,918,stop
93d02c030dbde8a46bbee57e8a06ea8b,282,MASK_SENTINEL,T0_OFF,integrity_duplicate,True,True,True,864,stop
93d02c030dbde8a46bbee57e8a06ea8b,282,MASK_SENTINEL,T1_SILENT_CHECK,integrity_duplicate,True,True,True,680,stop
93d02c030dbde8a46bbee57e8a06ea8b,282,METADATA_TOKEN_MATCHED_TO_MASK,T1_SILENT_CHECK,integrity_duplicate,True,True,True,638,stop
93d02c030dbde8a46bbee57e8a06ea8b,282,METADATA_TOKEN_MATCHED_TO_MASK,T0_OFF,integrity_duplicate,False,True,True,820,stop
ec3bb8a8af56a143bfc029c4271a7187,160,BASE,T0_OFF,primary,False,False,True,372,stop
ec3bb8a8af56a143bfc029c4271a7187,160,BASE,T1_SILENT_CHECK,primary,True,True,True,375,stop
ec3bb8a8af56a143bfc029c4271a7187,160,MASK_SENTINEL,T0_OFF,primary,False,False,True,391,stop
ec3bb8a8af56a143bfc029c4271a7187,160,MASK_SENTINEL,T1_SILENT_CHECK,primary,True,True,True,366,stop
ec3bb8a8af56a143bfc029c4271a7187,160,METADATA_TOKEN_MATCHED_TO_MASK,T0_OFF,primary,False,False,True,388,stop
ec3bb8a8af56a143bfc029c4271a7187,160,METADATA_TOKEN_MATCHED_TO_MASK,T1_SILENT_CHECK,primary,True,True,True,403,stop
9b6fa21c9ce50ab4305a480a20a5c5c6,263,BASE,T0_OFF,primary,False,False,False,238,stop
9b6fa21c9ce50ab4305a480a20a5c5c6,263,MASK_SENTINEL,T0_OFF,primary,True,True,True,241,stop
9b6fa21c9ce50ab4305a480a20a5c5c6,263,BASE,T1_SILENT_CHECK,primary,False,False,True,283,stop
9b6fa21c9ce50ab4305a480a20a5c5c6,263,MASK_SENTINEL,T1_SILENT_CHECK,primary,False,False,True,221,stop
9b6fa21c9ce50ab4305a480a20a5c5c6,263,METADATA_TOKEN_MATCHED_TO_MASK,T1_SILENT_CHECK,primary,False,False,True,269,stop
9b6fa21c9ce50ab4305a480a20a5c5c6,263,METADATA_TOKEN_MATCHED_TO_MASK,T0_OFF,primary,False,False,False,290,stop
a49e114478290f91754e4024ca0b6e04,188,MASK_SENTINEL,T0_OFF,primary,True,True,True,401,stop
a49e114478290f91754e4024ca0b6e04,188,BASE,T0_OFF,primary,False,False,True,574,stop
a49e114478290f91754e4024ca0b6e04,188,MASK_SENTINEL,T1_SILENT_CHECK,primary,True,True,True,431,stop
a49e114478290f91754e4024ca0b6e04,188,METADATA_TOKEN_MATCHED_TO_MASK,T0_OFF,primary,True,True,True,466,stop
a49e114478290f91754e4024ca0b6e04,188,METADATA_TOKEN_MATCHED_TO_MASK,T1_SILENT_CHECK,primary,True,True,True,450,stop
a49e114478290f91754e4024ca0b6e04,188,BASE,T1_SILENT_CHECK,primary,False,False,True,593,stop
c4b96a253ef4be9fecabdd711e821ef3,4,BASE,T0_OFF,primary,True,True,True,336,stop
c4b96a253ef4be9fecabdd711e821ef3,4,MASK_SENTINEL,T1_SILENT_CHECK,primary,True,True,True,340,stop
c4b96a253ef4be9fecabdd711e821ef3,4,MASK_SENTINEL,T0_OFF,primary,True,True,True,388,stop
c4b96a253ef4be9fecabdd711e821ef3,4,METADATA_TOKEN_MATCHED_TO_MASK,T0_OFF,primary,False,False,False,380,stop
c4b96a253ef4be9fecabdd711e821ef3,4,METADATA_TOKEN_MATCHED_TO_MASK,T1_SILENT_CHECK,primary,True,True,True,353,stop
c4b96a253ef4be9fecabdd711e821ef3,4,BASE,T1_SILENT_CHECK,primary,True,True,True,419,stop
6ac288f07354bedcec8d000a12fd484a,232,BASE,T1_SILENT_CHECK,primary,True,True,True,210,stop
6ac288f07354bedcec8d000a12fd484a,232,BASE,T0_OFF,primary,False,False,False,293,stop
6ac288f07354bedcec8d000a12fd484a,232,MASK_SENTINEL,T0_OFF,primary,False,False,False,297,stop
6ac288f07354bedcec8d000a12fd484a,232,METADATA_TOKEN_MATCHED_TO_MASK,T1_SILENT_CHECK,primary,True,True,True,274,stop
6ac288f07354bedcec8d000a12fd484a,232,MASK_SENTINEL,T1_SILENT_CHECK,primary,True,True,True,298,stop
6ac288f07354bedcec8d000a12fd484a,232,METADATA_TOKEN_MATCHED_TO_MASK,T0_OFF,primary,False,False,False,314,stop
ba5fabc965344c89b4ce7717c5251169,49,BASE,T0_OFF,primary,False,False,False,397,stop
ba5fabc965344c89b4ce7717c5251169,49,MASK_SENTINEL,T0_OFF,primary,False,False,False,348,stop
ba5fabc965344c89b4ce7717c5251169,49,MASK_SENTINEL,T1_SILENT_CHECK,primary,False,False,True,309,stop
ba5fabc965344c89b4ce7717c5251169,49,BASE,T1_SILENT_CHECK,primary,False,False,True,389,stop
ba5fabc965344c89b4ce7717c5251169,49,METADATA_TOKEN_MATCHED_TO_MASK,T0_OFF,primary,False,False,False,354,stop
ba5fabc965344c89b4ce7717c5251169,49,METADATA_TOKEN_MATCHED_TO_MASK,T1_SILENT_CHECK,primary,False,False,True,309,stop
3573f7bcc74488634d2f76204ac21145,268,BASE,T0_OFF,primary,False,False,True,763,stop
3573f7bcc74488634d2f76204ac21145,268,BASE,T1_SILENT_CHECK,primary,False,False,True,827,stop
3573f7bcc74488634d2f76204ac21145,268,MASK_SENTINEL,T1_SILENT_CHECK,primary,False,False,True,714,stop
3573f7bcc74488634d2f76204ac21145,268,METADATA_TOKEN_MATCHED_TO_MASK,T0_OFF,primary,False,False,False,731,stop
3573f7bcc74488634d2f76204ac21145,268,METADATA_TOKEN_MATCHED_TO_MASK,T1_SILENT_CHECK,primary,False,False,True,705,stop
3573f7bcc74488634d2f76204ac21145,268,MASK_SENTINEL,T0_OFF,primary,False,False,True,1023,stop
e7a92c75724983af33b7f0d634b8ddb8,100,BASE,T0_OFF,primary,True,True,True,380,stop
e7a92c75724983af33b7f0d634b8ddb8,100,BASE,T1_SILENT_CHECK,primary,True,True,True,417,stop
e7a92c75724983af33b7f0d634b8ddb8,100,METADATA_TOKEN_MATCHED_TO_MASK,T0_OFF,primary,False,False,False,369,stop
e7a92c75724983af33b7f0d634b8ddb8,100,MASK_SENTINEL,T1_SILENT_CHECK,primary,True,True,True,399,stop
e7a92c75724983af33b7f0d634b8ddb8,100,MASK_SENTINEL,T0_OFF,primary,False,False,True,492,stop
e7a92c75724983af33b7f0d634b8ddb8,100,METADATA_TOKEN_MATCHED_TO_MASK,T1_SILENT_CHECK,primary,True,True,True,447,stop
3c94e2bae2a1069b551053a9a069e242,123,BASE,T0_OFF,primary,False,True,True,991,stop
3c94e2bae2a1069b551053a9a069e242,123,BASE,T1_SILENT_CHECK,primary,True,True,True,822,stop
3c94e2bae2a1069b551053a9a069e242,123,MASK_SENTINEL,T0_OFF,primary,True,True,True,771,stop
3c94e2bae2a1069b551053a9a069e242,123,METADATA_TOKEN_MATCHED_TO_MASK,T0_OFF,primary,True,True,True,771,stop
3c94e2bae2a1069b551053a9a069e242,123,MASK_SENTINEL,T1_SILENT_CHECK,primary,True,True,True,919,stop
3c94e2bae2a1069b551053a9a069e242,123,METADATA_TOKEN_MATCHED_TO_MASK,T1_SILENT_CHECK,primary,True,True,True,919,stop
d89ab8fc984fe6e858841e803b3bfe72,124,MASK_SENTINEL,T0_OFF,primary,True,True,True,691,stop
d89ab8fc984fe6e858841e803b3bfe72,124,BASE,T1_SILENT_CHECK,primary,True,True,True,809,stop
d89ab8fc984fe6e858841e803b3bfe72,124,MASK_SENTINEL,T1_SILENT_CHECK,primary,True,True,True,819,stop
d89ab8fc984fe6e858841e803b3bfe72,124,METADATA_TOKEN_MATCHED_TO_MASK,T0_OFF,primary,True,True,True,921,stop
d89ab8fc984fe6e858841e803b3bfe72,124,METADATA_TOKEN_MATCHED_TO_MASK,T1_SILENT_CHECK,primary,True,True,True,876,stop
d89ab8fc984fe6e858841e803b3bfe72,124,BASE,T0_OFF,primary,True,True,True,1426,stop
08f4ad736a1511e2e155ab07a5ea0005,6,BASE,T1_SILENT_CHECK,primary,True,True,True,294,stop
08f4ad736a1511e2e155ab07a5ea0005,6,BASE,T0_OFF,primary,True,True,True,309,stop
08f4ad736a1511e2e155ab07a5ea0005,6,MASK_SENTINEL,T1_SILENT_CHECK,primary,True,True,True,345,stop
08f4ad736a1511e2e155ab07a5ea0005,6,MASK_SENTINEL,T0_OFF,primary,True,True,True,376,stop
08f4ad736a1511e2e155ab07a5ea0005,6,METADATA_TOKEN_MATCHED_TO_MASK,T0_OFF,primary,True,True,True,325,stop
08f4ad736a1511e2e155ab07a5ea0005,6,METADATA_TOKEN_MATCHED_TO_MASK,T1_SILENT_CHECK,primary,True,True,True,261,stop
d39887e8ea8635091991f8ebebb78c86,147,BASE,T1_SILENT_CHECK,primary,False,False,True,306,stop
d39887e8ea8635091991f8ebebb78c86,147,BASE,T0_OFF,primary,False,False,False,390,stop
d39887e8ea8635091991f8ebebb78c86,147,MASK_SENTINEL,T0_OFF,primary,False,False,True,405,stop
d39887e8ea8635091991f8ebebb78c86,147,METADATA_TOKEN_MATCHED_TO_MASK,T0_OFF,primary,False,False,False,386,stop
d39887e8ea8635091991f8ebebb78c86,147,MASK_SENTINEL,T1_SILENT_CHECK,primary,False,False,True,395,stop
d39887e8ea8635091991f8ebebb78c86,147,METADATA_TOKEN_MATCHED_TO_MASK,T1_SILENT_CHECK,primary,False,False,True,396,stop
ef541ef56d5a1d1b62de07f5ecf3ed70,73,BASE,T1_SILENT_CHECK,primary,False,False,True,1187,stop
ef541ef56d5a1d1b62de07f5ecf3ed70,73,BASE,T0_OFF,primary,False,False,True,1233,stop
ef541ef56d5a1d1b62de07f5ecf3ed70,73,MASK_SENTINEL,T0_OFF,primary,False,False,True,1037,stop
ef541ef56d5a1d1b62de07f5ecf3ed70,73,MASK_SENTINEL,T1_SILENT_CHECK,primary,True,True,True,1090,stop
ef541ef56d5a1d1b62de07f5ecf3ed70,73,METADATA_TOKEN_MATCHED_TO_MASK,T0_OFF,primary,False,True,True,1061,stop
ef541ef56d5a1d1b62de07f5ecf3ed70,73,METADATA_TOKEN_MATCHED_TO_MASK,T1_SILENT_CHECK,primary,False,False,True,1095,stop
4839643866612cda6c5fddd5a7334d00,291,BASE,T1_SILENT_CHECK,primary,True,True,True,232,stop
4839643866612cda6c5fddd5a7334d00,291,MASK_SENTINEL,T0_OFF,primary,True,True,True,238,stop
4839643866612cda6c5fddd5a7334d00,291,BASE,T0_OFF,primary,False,False,True,273,stop
4839643866612cda6c5fddd5a7334d00,291,MASK_SENTINEL,T1_SILENT_CHECK,primary,True,True,True,219,stop
4839643866612cda6c5fddd5a7334d00,291,METADATA_TOKEN_MATCHED_TO_MASK,T1_SILENT_CHECK,primary,True,True,True,234,stop
4839643866612cda6c5fddd5a7334d00,291,METADATA_TOKEN_MATCHED_TO_MASK,T0_OFF,primary,True,True,True,259,stop
d8054ad4aba3ddbafd0a153582ac3313,168,BASE,T0_OFF,primary,False,False,False,96,stop
d8054ad4aba3ddbafd0a153582ac3313,168,BASE,T1_SILENT_CHECK,primary,True,True,True,101,stop
d8054ad4aba3ddbafd0a153582ac3313,168,MASK_SENTINEL,T0_OFF,primary,True,True,True,71,stop
d8054ad4aba3ddbafd0a153582ac3313,168,METADATA_TOKEN_MATCHED_TO_MASK,T0_OFF,primary,True,True,True,51,stop
d8054ad4aba3ddbafd0a153582ac3313,168,MASK_SENTINEL,T1_SILENT_CHECK,primary,True,True,True,87,stop
d8054ad4aba3ddbafd0a153582ac3313,168,METADATA_TOKEN_MATCHED_TO_MASK,T1_SILENT_CHECK,primary,True,True,True,88,stop
75bb4a9d1f666122bd42a4d798da6f37,90,BASE,T0_OFF,primary,True,True,True,199,stop
75bb4a9d1f666122bd42a4d798da6f37,90,MASK_SENTINEL,T0_OFF,primary,True,True,True,177,stop
75bb4a9d1f666122bd42a4d798da6f37,90,BASE,T1_SILENT_CHECK,primary,True,True,True,266,stop
75bb4a9d1f666122bd42a4d798da6f37,90,MASK_SENTINEL,T1_SILENT_CHECK,primary,True,True,True,167,stop
75bb4a9d1f666122bd42a4d798da6f37,90,METADATA_TOKEN_MATCHED_TO_MASK,T0_OFF,primary,True,True,True,188,stop
75bb4a9d1f666122bd42a4d798da6f37,90,METADATA_TOKEN_MATCHED_TO_MASK,T1_SILENT_CHECK,primary,True,True,True,235,stop
bc5afc8821001238fda96323918e62f6,121,BASE,T1_SILENT_CHECK,primary,False,False,True,1419,stop
bc5afc8821001238fda96323918e62f6,121,BASE,T0_OFF,primary,False,False,False,1539,stop
bc5afc8821001238fda96323918e62f6,121,MASK_SENTINEL,T0_OFF,primary,True,True,True,1380,stop
bc5afc8821001238fda96323918e62f6,121,MASK_SENTINEL,T1_SILENT_CHECK,primary,False,False,True,1340,stop
bc5afc8821001238fda96323918e62f6,121,METADATA_TOKEN_MATCHED_TO_MASK,T0_OFF,primary,False,False,False,1147,stop
bc5afc8821001238fda96323918e62f6,121,METADATA_TOKEN_MATCHED_TO_MASK,T1_SILENT_CHECK,primary,False,False,True,1637,stop
bc5afc8821001238fda96323918e62f6,121,BASE,T1_SILENT_CHECK,integrity_duplicate,False,False,True,1419,stop
bc5afc8821001238fda96323918e62f6,121,BASE,T0_OFF,integrity_duplicate,False,False,False,1539,stop
bc5afc8821001238fda96323918e62f6,121,METADATA_TOKEN_MATCHED_TO_MASK,T0_OFF,integrity_duplicate,False,False,False,1147,stop
bc5afc8821001238fda96323918e62f6,121,MASK_SENTINEL,T0_OFF,integrity_duplicate,True,True,True,1380,stop
bc5afc8821001238fda96323918e62f6,121,MASK_SENTINEL,T1_SILENT_CHECK,integrity_duplicate,False,False,True,1340,stop
bc5afc8821001238fda96323918e62f6,121,METADATA_TOKEN_MATCHED_TO_MASK,T1_SILENT_CHECK,integrity_duplicate,False,False,True,1637,stop
c1c931cdf863ec0b6e806b6e2837af78,267,BASE,T1_SILENT_CHECK,primary,True,True,True,747,stop
c1c931cdf863ec0b6e806b6e2837af78,267,BASE,T0_OFF,primary,True,True,True,778,stop
c1c931cdf863ec0b6e806b6e2837af78,267,MASK_SENTINEL,T0_OFF,primary,True,True,True,781,stop
c1c931cdf863ec0b6e806b6e2837af78,267,MASK_SENTINEL,T1_SILENT_CHECK,primary,True,True,True,744,stop
c1c931cdf863ec0b6e806b6e2837af78,267,METADATA_TOKEN_MATCHED_TO_MASK,T0_OFF,primary,True,True,True,769,stop
c1c931cdf863ec0b6e806b6e2837af78,267,METADATA_TOKEN_MATCHED_TO_MASK,T1_SILENT_CHECK,primary,True,True,True,777,stop
9fb94cc2d77518073d87ffef9573a165,156,BASE,T1_SILENT_CHECK,primary,True,True,True,489,stop
9fb94cc2d77518073d87ffef9573a165,156,BASE,T0_OFF,primary,False,False,False,615,stop
9fb94cc2d77518073d87ffef9573a165,156,MASK_SENTINEL,T1_SILENT_CHECK,primary,True,True,True,540,stop
9fb94cc2d77518073d87ffef9573a165,156,MASK_SENTINEL,T0_OFF,primary,False,False,False,670,stop
9fb94cc2d77518073d87ffef9573a165,156,METADATA_TOKEN_MATCHED_TO_MASK,T1_SILENT_CHECK,primary,True,True,True,560,stop
9fb94cc2d77518073d87ffef9573a165,156,METADATA_TOKEN_MATCHED_TO_MASK,T0_OFF,primary,False,False,False,661,stop
59ed0aabf32e763c772c1801148b076f,230,BASE,T1_SILENT_CHECK,primary,True,True,True,108,stop
59ed0aabf32e763c772c1801148b076f,230,MASK_SENTINEL,T0_OFF,primary,True,True,True,100,stop
59ed0aabf32e763c772c1801148b076f,230,METADATA_TOKEN_MATCHED_TO_MASK,T0_OFF,primary,False,False,False,55,stop
59ed0aabf32e763c772c1801148b076f,230,MASK_SENTINEL,T1_SILENT_CHECK,primary,True,True,True,63,stop
59ed0aabf32e763c772c1801148b076f,230,BASE,T0_OFF,primary,True,True,True,146,stop
59ed0aabf32e763c772c1801148b076f,230,METADATA_TOKEN_MATCHED_TO_MASK,T1_SILENT_CHECK,primary,True,True,True,83,stop
a4d31c3ad0e8ac312f0d2ed9f6f8ddc9,270,BASE,T0_OFF,primary,True,True,True,710,stop
a4d31c3ad0e8ac312f0d2ed9f6f8ddc9,270,BASE,T1_SILENT_CHECK,primary,True,True,True,737,stop
a4d31c3ad0e8ac312f0d2ed9f6f8ddc9,270,MASK_SENTINEL,T0_OFF,primary,True,True,True,743,stop
a4d31c3ad0e8ac312f0d2ed9f6f8ddc9,270,METADATA_TOKEN_MATCHED_TO_MASK,T0_OFF,primary,True,True,True,699,stop
a4d31c3ad0e8ac312f0d2ed9f6f8ddc9,270,MASK_SENTINEL,T1_SILENT_CHECK,primary,True,True,True,737,stop
a4d31c3ad0e8ac312f0d2ed9f6f8ddc9,270,METADATA_TOKEN_MATCHED_TO_MASK,T1_SILENT_CHECK,primary,True,True,True,738,stop
0cc859f5068a51dee849b8aee23a8a92,5,BASE,T1_SILENT_CHECK,primary,True,True,True,285,stop
0cc859f5068a51dee849b8aee23a8a92,5,BASE,T0_OFF,primary,True,True,True,377,stop
0cc859f5068a51dee849b8aee23a8a92,5,MASK_SENTINEL,T0_OFF,primary,True,True,True,358,stop
0cc859f5068a51dee849b8aee23a8a92,5,METADATA_TOKEN_MATCHED_TO_MASK,T1_SILENT_CHECK,primary,True,True,True,291,stop
0cc859f5068a51dee849b8aee23a8a92,5,METADATA_TOKEN_MATCHED_TO_MASK,T0_OFF,primary,True,True,True,340,stop
0cc859f5068a51dee849b8aee23a8a92,5,MASK_SENTINEL,T1_SILENT_CHECK,primary,True,True,True,437,stop
ddf21c9f39f3dd9d834e9639091c24fa,112,BASE,T0_OFF,primary,False,True,True,915,stop
ddf21c9f39f3dd9d834e9639091c24fa,112,BASE,T1_SILENT_CHECK,primary,True,True,True,865,stop
ddf21c9f39f3dd9d834e9639091c24fa,112,MASK_SENTINEL,T0_OFF,primary,True,True,True,874,stop
ddf21c9f39f3dd9d834e9639091c24fa,112,MASK_SENTINEL,T1_SILENT_CHECK,primary,True,True,True,893,stop
ddf21c9f39f3dd9d834e9639091c24fa,112,METADATA_TOKEN_MATCHED_TO_MASK,T0_OFF,primary,True,True,True,923,stop
ddf21c9f39f3dd9d834e9639091c24fa,112,METADATA_TOKEN_MATCHED_TO_MASK,T1_SILENT_CHECK,primary,True,True,True,773,stop
a4fc7da53c41268260e5aa5d4ca856dc,11,BASE,T0_OFF,primary,False,False,False,293,stop
a4fc7da53c41268260e5aa5d4ca856dc,11,MASK_SENTINEL,T0_OFF,primary,True,True,True,329,stop
a4fc7da53c41268260e5aa5d4ca856dc,11,BASE,T1_SILENT_CHECK,primary,True,True,True,409,stop
a4fc7da53c41268260e5aa5d4ca856dc,11,MASK_SENTINEL,T1_SILENT_CHECK,primary,True,True,True,412,stop
a4fc7da53c41268260e5aa5d4ca856dc,11,METADATA_TOKEN_MATCHED_TO_MASK,T0_OFF,primary,True,True,True,327,stop
a4fc7da53c41268260e5aa5d4ca856dc,11,METADATA_TOKEN_MATCHED_TO_MASK,T1_SILENT_CHECK,primary,True,True,True,359,stop
1ef3b46e0c25c576e9432d2bcfccd2d9,16,BASE,T1_SILENT_CHECK,primary,True,True,True,296,stop
1ef3b46e0c25c576e9432d2bcfccd2d9,16,BASE,T0_OFF,primary,True,True,True,356,stop
1ef3b46e0c25c576e9432d2bcfccd2d9,16,METADATA_TOKEN_MATCHED_TO_MASK,T0_OFF,primary,True,True,True,363,stop
1ef3b46e0c25c576e9432d2bcfccd2d9,16,MASK_SENTINEL,T0_OFF,primary,True,True,True,465,stop
1ef3b46e0c25c576e9432d2bcfccd2d9,16,METADATA_TOKEN_MATCHED_TO_MASK,T1_SILENT_CHECK,primary,True,True,True,409,stop
1ef3b46e0c25c576e9432d2bcfccd2d9,16,MASK_SENTINEL,T1_SILENT_CHECK,primary,True,True,True,481,stop
776cde21448149943a25398f34639753,265,BASE,T0_OFF,primary,True,True,True,706,stop
776cde21448149943a25398f34639753,265,BASE,T1_SILENT_CHECK,primary,True,True,True,694,stop
776cde21448149943a25398f34639753,265,METADATA_TOKEN_MATCHED_TO_MASK,T0_OFF,primary,True,True,True,655,stop
776cde21448149943a25398f34639753,265,MASK_SENTINEL,T1_SILENT_CHECK,primary,True,True,True,767,stop
776cde21448149943a25398f34639753,265,BASE,T0_OFF,integrity_duplicate,True,True,True,706,stop
776cde21448149943a25398f34639753,265,METADATA_TOKEN_MATCHED_TO_MASK,T1_SILENT_CHECK,primary,True,True,True,767,stop
776cde21448149943a25398f34639753,265,BASE,T1_SILENT_CHECK,integrity_duplicate,True,True,True,694,stop
776cde21448149943a25398f34639753,265,METADATA_TOKEN_MATCHED_TO_MASK,T0_OFF,integrity_duplicate,True,True,True,655,stop
776cde21448149943a25398f34639753,265,MASK_SENTINEL,T1_SILENT_CHECK,integrity_duplicate,True,True,True,767,stop
776cde21448149943a25398f34639753,265,METADATA_TOKEN_MATCHED_TO_MASK,T1_SILENT_CHECK,integrity_duplicate,True,True,True,767,stop
776cde21448149943a25398f34639753,265,MASK_SENTINEL,T0_OFF,primary,False,False,False,8192,length
776cde21448149943a25398f34639753,265,MASK_SENTINEL,T0_OFF,integrity_duplicate,False,False,False,8192,length
b4155da1cef62a3e5ac7fff6f5dc9661,227,BASE,T1_SILENT_CHECK,primary,False,False,True,29,stop
b4155da1cef62a3e5ac7fff6f5dc9661,227,BASE,T0_OFF,primary,False,False,True,62,stop
b4155da1cef62a3e5ac7fff6f5dc9661,227,MASK_SENTINEL,T1_SILENT_CHECK,primary,False,False,True,55,stop
b4155da1cef62a3e5ac7fff6f5dc9661,227,METADATA_TOKEN_MATCHED_TO_MASK,T1_SILENT_CHECK,primary,False,False,True,55,stop
b4155da1cef62a3e5ac7fff6f5dc9661,227,METADATA_TOKEN_MATCHED_TO_MASK,T0_OFF,primary,False,False,True,78,stop
b4155da1cef62a3e5ac7fff6f5dc9661,227,MASK_SENTINEL,T0_OFF,primary,False,False,True,289,stop
15d4a73c8d7775202d3d70787116f201,149,BASE,T0_OFF,primary,False,False,False,430,stop
15d4a73c8d7775202d3d70787116f201,149,BASE,T1_SILENT_CHECK,primary,True,True,True,432,stop
15d4a73c8d7775202d3d70787116f201,149,MASK_SENTINEL,T0_OFF,primary,True,True,True,431,stop
15d4a73c8d7775202d3d70787116f201,149,MASK_SENTINEL,T1_SILENT_CHECK,primary,True,True,True,440,stop
15d4a73c8d7775202d3d70787116f201,149,METADATA_TOKEN_MATCHED_TO_MASK,T1_SILENT_CHECK,primary,True,True,True,421,stop
15d4a73c8d7775202d3d70787116f201,149,METADATA_TOKEN_MATCHED_TO_MASK,T0_OFF,primary,False,False,False,475,stop
2a9d86633cb9dbab3ed7e49866956600,162,BASE,T0_OFF,primary,False,False,True,510,stop
2a9d86633cb9dbab3ed7e49866956600,162,METADATA_TOKEN_MATCHED_TO_MASK,T0_OFF,primary,False,False,True,459,stop
2a9d86633cb9dbab3ed7e49866956600,162,METADATA_TOKEN_MATCHED_TO_MASK,T1_SILENT_CHECK,primary,False,False,True,435,stop
2a9d86633cb9dbab3ed7e49866956600,162,BASE,T1_SILENT_CHECK,primary,False,False,True,516,stop
2a9d86633cb9dbab3ed7e49866956600,162,MASK_SENTINEL,T1_SILENT_CHECK,primary,False,False,True,512,stop
2a9d86633cb9dbab3ed7e49866956600,162,MASK_SENTINEL,T0_OFF,primary,False,False,True,543,stop
61439cdcf8da2a236a4c85991fdf36f5,296,BASE,T0_OFF,primary,True,True,True,220,stop
61439cdcf8da2a236a4c85991fdf36f5,296,MASK_SENTINEL,T0_OFF,primary,True,True,True,198,stop
61439cdcf8da2a236a4c85991fdf36f5,296,BASE,T1_SILENT_CHECK,primary,True,True,True,247,stop
61439cdcf8da2a236a4c85991fdf36f5,296,METADATA_TOKEN_MATCHED_TO_MASK,T0_OFF,primary,True,True,True,195,stop
61439cdcf8da2a236a4c85991fdf36f5,296,MASK_SENTINEL,T1_SILENT_CHECK,primary,True,True,True,228,stop
61439cdcf8da2a236a4c85991fdf36f5,296,METADATA_TOKEN_MATCHED_TO_MASK,T1_SILENT_CHECK,primary,True,True,True,235,stop
08e03cd517efb3959e23a452c5662005,114,BASE,T0_OFF,primary,True,True,True,769,stop
08e03cd517efb3959e23a452c5662005,114,BASE,T1_SILENT_CHECK,primary,True,True,True,909,stop
08e03cd517efb3959e23a452c5662005,114,METADATA_TOKEN_MATCHED_TO_MASK,T0_OFF,primary,True,True,True,827,stop
08e03cd517efb3959e23a452c5662005,114,MASK_SENTINEL,T1_SILENT_CHECK,primary,True,True,True,911,stop
08e03cd517efb3959e23a452c5662005,114,MASK_SENTINEL,T0_OFF,primary,True,True,True,964,stop
08e03cd517efb3959e23a452c5662005,114,METADATA_TOKEN_MATCHED_TO_MASK,T1_SILENT_CHECK,primary,True,True,True,915,stop
010c3c6cf11ea047922951708541fbd3,178,BASE,T0_OFF,primary,True,True,True,359,stop
010c3c6cf11ea047922951708541fbd3,178,MASK_SENTINEL,T0_OFF,primary,True,True,True,311,stop
010c3c6cf11ea047922951708541fbd3,178,BASE,T1_SILENT_CHECK,primary,True,True,True,392,stop
010c3c6cf11ea047922951708541fbd3,178,METADATA_TOKEN_MATCHED_TO_MASK,T1_SILENT_CHECK,primary,True,True,True,257,stop
010c3c6cf11ea047922951708541fbd3,178,MASK_SENTINEL,T1_SILENT_CHECK,primary,True,True,True,356,stop
010c3c6cf11ea047922951708541fbd3,178,METADATA_TOKEN_MATCHED_TO_MASK,T0_OFF,primary,False,False,True,354,stop
010c3c6cf11ea047922951708541fbd3,178,BASE,T0_OFF,integrity_duplicate,True,True,True,359,stop
010c3c6cf11ea047922951708541fbd3,178,MASK_SENTINEL,T0_OFF,integrity_duplicate,True,True,True,311,stop
010c3c6cf11ea047922951708541fbd3,178,BASE,T1_SILENT_CHECK,integrity_duplicate,True,True,True,392,stop
010c3c6cf11ea047922951708541fbd3,178,MASK_SENTINEL,T1_SILENT_CHECK,integrity_duplicate,True,True,True,356,stop
010c3c6cf11ea047922951708541fbd3,178,METADATA_TOKEN_MATCHED_TO_MASK,T0_OFF,integrity_duplicate,False,False,True,354,stop
010c3c6cf11ea047922951708541fbd3,178,METADATA_TOKEN_MATCHED_TO_MASK,T1_SILENT_CHECK,integrity_duplicate,True,True,True,257,stop
c4e9c98fd9dd64edb5960fd183af3b60,92,BASE,T1_SILENT_CHECK,primary,True,True,True,227,stop
c4e9c98fd9dd64edb5960fd183af3b60,92,BASE,T0_OFF,primary,True,True,True,229,stop
c4e9c98fd9dd64edb5960fd183af3b60,92,MASK_SENTINEL,T0_OFF,primary,True,True,True,225,stop
c4e9c98fd9dd64edb5960fd183af3b60,92,MASK_SENTINEL,T1_SILENT_CHECK,primary,True,True,True,216,stop
c4e9c98fd9dd64edb5960fd183af3b60,92,METADATA_TOKEN_MATCHED_TO_MASK,T0_OFF,primary,True,True,True,225,stop
c4e9c98fd9dd64edb5960fd183af3b60,92,METADATA_TOKEN_MATCHED_TO_MASK,T1_SILENT_CHECK,primary,True,True,True,216,stop
db450c22a674ece157bece61bf72abb0,29,BASE,T0_OFF,primary,True,True,True,422,stop
db450c22a674ece157bece61bf72abb0,29,MASK_SENTINEL,T1_SILENT_CHECK,primary,True,True,True,425,stop
db450c22a674ece157bece61bf72abb0,29,BASE,T1_SILENT_CHECK,primary,True,True,True,482,stop
db450c22a674ece157bece61bf72abb0,29,MASK_SENTINEL,T0_OFF,primary,True,True,True,490,stop
db450c22a674ece157bece61bf72abb0,29,METADATA_TOKEN_MATCHED_TO_MASK,T0_OFF,primary,True,True,True,475,stop
db450c22a674ece157bece61bf72abb0,29,METADATA_TOKEN_MATCHED_TO_MASK,T1_SILENT_CHECK,primary,True,True,True,479,stop
f6e1cab0bd6943b377d1aa944961c13d,79,BASE,T0_OFF,primary,False,True,True,605,stop
f6e1cab0bd6943b377d1aa944961c13d,79,BASE,T1_SILENT_CHECK,primary,True,True,True,493,stop
f6e1cab0bd6943b377d1aa944961c13d,79,MASK_SENTINEL,T1_SILENT_CHECK,primary,True,True,True,554,stop
f6e1cab0bd6943b377d1aa944961c13d,79,METADATA_TOKEN_MATCHED_TO_MASK,T1_SILENT_CHECK,primary,True,True,True,594,stop
f6e1cab0bd6943b377d1aa944961c13d,79,MASK_SENTINEL,T0_OFF,primary,True,True,True,670,stop
f6e1cab0bd6943b377d1aa944961c13d,79,METADATA_TOKEN_MATCHED_TO_MASK,T0_OFF,primary,False,True,True,615,stop
d94eb4af49580144181ac1ebf1eccc13,247,BASE,T1_SILENT_CHECK,primary,True,True,True,277,stop
d94eb4af49580144181ac1ebf1eccc13,247,BASE,T0_OFF,primary,False,True,True,300,stop
d94eb4af49580144181ac1ebf1eccc13,247,MASK_SENTINEL,T0_OFF,primary,True,True,True,296,stop
d94eb4af49580144181ac1ebf1eccc13,247,METADATA_TOKEN_MATCHED_TO_MASK,T1_SILENT_CHECK,primary,True,True,True,273,stop
d94eb4af49580144181ac1ebf1eccc13,247,MASK_SENTINEL,T1_SILENT_CHECK,primary,True,True,True,335,stop
d94eb4af49580144181ac1ebf1eccc13,247,METADATA_TOKEN_MATCHED_TO_MASK,T0_OFF,primary,True,True,True,317,stop
9534e506dc724dd443ef90866308264d,294,BASE,T0_OFF,primary,True,True,True,426,stop
9534e506dc724dd443ef90866308264d,294,BASE,T1_SILENT_CHECK,primary,True,True,True,430,stop
9534e506dc724dd443ef90866308264d,294,MASK_SENTINEL,T0_OFF,primary,True,True,True,420,stop
9534e506dc724dd443ef90866308264d,294,MASK_SENTINEL,T1_SILENT_CHECK,primary,True,True,True,441,stop
9534e506dc724dd443ef90866308264d,294,METADATA_TOKEN_MATCHED_TO_MASK,T0_OFF,primary,True,True,True,421,stop
9534e506dc724dd443ef90866308264d,294,METADATA_TOKEN_MATCHED_TO_MASK,T1_SILENT_CHECK,primary,True,True,True,459,stop
50f037263ef3062bef9f147ebdf116ca,213,BASE,T0_OFF,primary,True,True,True,364,stop
50f037263ef3062bef9f147ebdf116ca,213,BASE,T1_SILENT_CHECK,primary,True,True,True,359,stop
50f037263ef3062bef9f147ebdf116ca,213,MASK_SENTINEL,T0_OFF,primary,True,True,True,359,stop
50f037263ef3062bef9f147ebdf116ca,213,MASK_SENTINEL,T1_SILENT_CHECK,primary,True,True,True,311,stop
50f037263ef3062bef9f147ebdf116ca,213,METADATA_TOKEN_MATCHED_TO_MASK,T0_OFF,primary,True,True,True,358,stop
50f037263ef3062bef9f147ebdf116ca,213,METADATA_TOKEN_MATCHED_TO_MASK,T1_SILENT_CHECK,primary,True,True,True,354,stop
f1a1a8a7ce75a4d51b09e2fcb20610f5,3,BASE,T0_OFF,primary,True,True,True,260,stop
f1a1a8a7ce75a4d51b09e2fcb20610f5,3,BASE,T1_SILENT_CHECK,primary,True,True,True,236,stop
f1a1a8a7ce75a4d51b09e2fcb20610f5,3,MASK_SENTINEL,T0_OFF,primary,True,True,True,266,stop
f1a1a8a7ce75a4d51b09e2fcb20610f5,3,MASK_SENTINEL,T1_SILENT_CHECK,primary,True,True,True,216,stop
f1a1a8a7ce75a4d51b09e2fcb20610f5,3,METADATA_TOKEN_MATCHED_TO_MASK,T1_SILENT_CHECK,primary,True,True,True,223,stop
f1a1a8a7ce75a4d51b09e2fcb20610f5,3,METADATA_TOKEN_MATCHED_TO_MASK,T0_OFF,primary,False,False,False,320,stop
f1a1a8a7ce75a4d51b09e2fcb20610f5,3,BASE,T0_OFF,integrity_duplicate,True,True,True,260,stop
f1a1a8a7ce75a4d51b09e2fcb20610f5,3,BASE,T1_SILENT_CHECK,integrity_duplicate,True,True,True,236,stop
f1a1a8a7ce75a4d51b09e2fcb20610f5,3,MASK_SENTINEL,T1_SILENT_CHECK,integrity_duplicate,True,True,True,216,stop
f1a1a8a7ce75a4d51b09e2fcb20610f5,3,MASK_SENTINEL,T0_OFF,integrity_duplicate,True,True,True,266,stop
f1a1a8a7ce75a4d51b09e2fcb20610f5,3,METADATA_TOKEN_MATCHED_TO_MASK,T1_SILENT_CHECK,integrity_duplicate,True,True,True,223,stop
f1a1a8a7ce75a4d51b09e2fcb20610f5,3,METADATA_TOKEN_MATCHED_TO_MASK,T0_OFF,integrity_duplicate,False,False,False,320,stop
db7cfefe8bd3cb1c45ef5e88b88fa003,219,BASE,T0_OFF,primary,False,False,True,775,stop
db7cfefe8bd3cb1c45ef5e88b88fa003,219,MASK_SENTINEL,T0_OFF,primary,False,False,True,583,stop
db7cfefe8bd3cb1c45ef5e88b88fa003,219,METADATA_TOKEN_MATCHED_TO_MASK,T0_OFF,primary,False,False,True,604,stop
db7cfefe8bd3cb1c45ef5e88b88fa003,219,BASE,T1_SILENT_CHECK,primary,True,True,True,686,stop
db7cfefe8bd3cb1c45ef5e88b88fa003,219,MASK_SENTINEL,T1_SILENT_CHECK,primary,False,False,True,779,stop
db7cfefe8bd3cb1c45ef5e88b88fa003,219,METADATA_TOKEN_MATCHED_TO_MASK,T1_SILENT_CHECK,primary,False,False,True,788,stop
dd22bf5557e824f653d445d1b6c558b9,141,BASE,T1_SILENT_CHECK,primary,True,True,True,217,stop
dd22bf5557e824f653d445d1b6c558b9,141,METADATA_TOKEN_MATCHED_TO_MASK,T1_SILENT_CHECK,primary,True,True,True,286,stop
dd22bf5557e824f653d445d1b6c558b9,141,BASE,T0_OFF,primary,False,False,False,433,stop
dd22bf5557e824f653d445d1b6c558b9,141,MASK_SENTINEL,T1_SILENT_CHECK,primary,True,True,True,371,stop
dd22bf5557e824f653d445d1b6c558b9,141,BASE,T1_SILENT_CHECK,integrity_duplicate,True,True,True,217,stop
dd22bf5557e824f653d445d1b6c558b9,141,METADATA_TOKEN_MATCHED_TO_MASK,T0_OFF,primary,True,True,True,371,stop
dd22bf5557e824f653d445d1b6c558b9,141,MASK_SENTINEL,T0_OFF,primary,True,True,True,434,stop
dd22bf5557e824f653d445d1b6c558b9,141,BASE,T0_OFF,integrity_duplicate,False,False,False,433,stop
dd22bf5557e824f653d445d1b6c558b9,141,METADATA_TOKEN_MATCHED_TO_MASK,T1_SILENT_CHECK,integrity_duplicate,True,True,True,286,stop
dd22bf5557e824f653d445d1b6c558b9,141,MASK_SENTINEL,T1_SILENT_CHECK,integrity_duplicate,True,True,True,371,stop
dd22bf5557e824f653d445d1b6c558b9,141,MASK_SENTINEL,T0_OFF,integrity_duplicate,True,True,True,434,stop
dd22bf5557e824f653d445d1b6c558b9,141,METADATA_TOKEN_MATCHED_TO_MASK,T0_OFF,integrity_duplicate,True,True,True,371,stop
a6237aa3826901c37f1482264744f540,39,BASE,T0_OFF,primary,True,True,True,754,stop
a6237aa3826901c37f1482264744f540,39,BASE,T1_SILENT_CHECK,primary,True,True,True,808,stop
a6237aa3826901c37f1482264744f540,39,MASK_SENTINEL,T0_OFF,primary,False,False,True,884,stop
a6237aa3826901c37f1482264744f540,39,MASK_SENTINEL,T1_SILENT_CHECK,primary,True,True,True,782,stop
a6237aa3826901c37f1482264744f540,39,METADATA_TOKEN_MATCHED_TO_MASK,T1_SILENT_CHECK,primary,True,True,True,708,stop
a6237aa3826901c37f1482264744f540,39,METADATA_TOKEN_MATCHED_TO_MASK,T0_OFF,primary,False,False,True,1049,stop
e27d6074a978c5c7f53ac3288cb00a10,223,BASE,T0_OFF,primary,True,True,True,469,stop
e27d6074a978c5c7f53ac3288cb00a10,223,BASE,T1_SILENT_CHECK,primary,True,True,True,334,stop
e27d6074a978c5c7f53ac3288cb00a10,223,METADATA_TOKEN_MATCHED_TO_MASK,T1_SILENT_CHECK,primary,True,True,True,413,stop
e27d6074a978c5c7f53ac3288cb00a10,223,MASK_SENTINEL,T0_OFF,primary,True,True,True,457,stop
e27d6074a978c5c7f53ac3288cb00a10,223,METADATA_TOKEN_MATCHED_TO_MASK,T0_OFF,primary,True,True,True,434,stop
e27d6074a978c5c7f53ac3288cb00a10,223,MASK_SENTINEL,T1_SILENT_CHECK,primary,True,True,True,461,stop
765804ceb17ad2e93ac35e16ece15095,20,BASE,T0_OFF,primary,True,True,True,86,stop
765804ceb17ad2e93ac35e16ece15095,20,BASE,T1_SILENT_CHECK,primary,True,True,True,132,stop
765804ceb17ad2e93ac35e16ece15095,20,MASK_SENTINEL,T1_SILENT_CHECK,primary,True,True,True,117,stop
765804ceb17ad2e93ac35e16ece15095,20,METADATA_TOKEN_MATCHED_TO_MASK,T0_OFF,primary,True,True,True,76,stop
765804ceb17ad2e93ac35e16ece15095,20,MASK_SENTINEL,T0_OFF,primary,True,True,True,217,stop
765804ceb17ad2e93ac35e16ece15095,20,METADATA_TOKEN_MATCHED_TO_MASK,T1_SILENT_CHECK,primary,True,True,True,130,stop
751d7a3ae27064b1cd33a4a05df20f6f,23,MASK_SENTINEL,T0_OFF,primary,True,True,True,428,stop
751d7a3ae27064b1cd33a4a05df20f6f,23,BASE,T1_SILENT_CHECK,primary,True,True,True,554,stop
751d7a3ae27064b1cd33a4a05df20f6f,23,BASE,T0_OFF,primary,False,True,True,670,stop
751d7a3ae27064b1cd33a4a05df20f6f,23,METADATA_TOKEN_MATCHED_TO_MASK,T0_OFF,primary,False,False,True,568,stop
751d7a3ae27064b1cd33a4a05df20f6f,23,MASK_SENTINEL,T1_SILENT_CHECK,primary,False,False,True,654,stop
751d7a3ae27064b1cd33a4a05df20f6f,23,METADATA_TOKEN_MATCHED_TO_MASK,T1_SILENT_CHECK,primary,True,True,True,607,stop
8f8b2e6332b500d128c021b978a0d2ac,131,BASE,T0_OFF,primary,False,False,False,322,stop
8f8b2e6332b500d128c021b978a0d2ac,131,BASE,T1_SILENT_CHECK,primary,True,True,True,297,stop
8f8b2e6332b500d128c021b978a0d2ac,131,MASK_SENTINEL,T0_OFF,primary,False,False,False,309,stop
8f8b2e6332b500d128c021b978a0d2ac,131,METADATA_TOKEN_MATCHED_TO_MASK,T0_OFF,primary,False,False,False,265,stop
8f8b2e6332b500d128c021b978a0d2ac,131,MASK_SENTINEL,T1_SILENT_CHECK,primary,True,True,True,355,stop
8f8b2e6332b500d128c021b978a0d2ac,131,METADATA_TOKEN_MATCHED_TO_MASK,T1_SILENT_CHECK,primary,True,True,True,351,stop
a7167a32eadb7ee10961bc35000ab700,184,BASE,T0_OFF,primary,True,True,True,528,stop
a7167a32eadb7ee10961bc35000ab700,184,BASE,T1_SILENT_CHECK,primary,False,False,True,501,stop
a7167a32eadb7ee10961bc35000ab700,184,MASK_SENTINEL,T0_OFF,primary,False,False,True,551,stop
a7167a32eadb7ee10961bc35000ab700,184,MASK_SENTINEL,T1_SILENT_CHECK,primary,True,True,True,534,stop
a7167a32eadb7ee10961bc35000ab700,184,METADATA_TOKEN_MATCHED_TO_MASK,T0_OFF,primary,False,False,True,557,stop
a7167a32eadb7ee10961bc35000ab700,184,METADATA_TOKEN_MATCHED_TO_MASK,T1_SILENT_CHECK,primary,False,False,True,510,stop
e24c948f676cfb1eaba8a631f754fa25,146,BASE,T0_OFF,primary,False,False,False,334,stop
e24c948f676cfb1eaba8a631f754fa25,146,MASK_SENTINEL,T1_SILENT_CHECK,primary,False,False,True,261,stop
e24c948f676cfb1eaba8a631f754fa25,146,MASK_SENTINEL,T0_OFF,primary,False,False,False,265,stop
e24c948f676cfb1eaba8a631f754fa25,146,BASE,T1_SILENT_CHECK,primary,False,False,True,278,stop
e24c948f676cfb1eaba8a631f754fa25,146,METADATA_TOKEN_MATCHED_TO_MASK,T1_SILENT_CHECK,primary,False,False,True,291,stop
e24c948f676cfb1eaba8a631f754fa25,146,METADATA_TOKEN_MATCHED_TO_MASK,T0_OFF,primary,False,False,False,383,stop
2261403379731a7d80d139267c9f2f18,10,BASE,T1_SILENT_CHECK,primary,True,True,True,332,stop
2261403379731a7d80d139267c9f2f18,10,BASE,T0_OFF,primary,True,True,True,364,stop
2261403379731a7d80d139267c9f2f18,10,MASK_SENTINEL,T1_SILENT_CHECK,primary,True,True,True,288,stop
2261403379731a7d80d139267c9f2f18,10,MASK_SENTINEL,T0_OFF,primary,True,True,True,388,stop
2261403379731a7d80d139267c9f2f18,10,METADATA_TOKEN_MATCHED_TO_MASK,T1_SILENT_CHECK,primary,True,True,True,324,stop
2261403379731a7d80d139267c9f2f18,10,METADATA_TOKEN_MATCHED_TO_MASK,T0_OFF,primary,True,True,True,428,stop
5b0153b0657fedeeddae7adff4a4fe51,118,BASE,T0_OFF,primary,False,True,True,706,stop
5b0153b0657fedeeddae7adff4a4fe51,118,BASE,T1_SILENT_CHECK,primary,True,True,True,676,stop
5b0153b0657fedeeddae7adff4a4fe51,118,MASK_SENTINEL,T0_OFF,primary,True,True,True,704,stop
5b0153b0657fedeeddae7adff4a4fe51,118,MASK_SENTINEL,T1_SILENT_CHECK,primary,True,True,True,676,stop
5b0153b0657fedeeddae7adff4a4fe51,118,METADATA_TOKEN_MATCHED_TO_MASK,T0_OFF,primary,True,True,True,704,stop
5b0153b0657fedeeddae7adff4a4fe51,118,METADATA_TOKEN_MATCHED_TO_MASK,T1_SILENT_CHECK,primary,True,True,True,676,stop
386ee11fe805976db964bb6586fc2205,180,BASE,T0_OFF,primary,False,False,False,434,stop
386ee11fe805976db964bb6586fc2205,180,BASE,T1_SILENT_CHECK,primary,True,True,True,418,stop
386ee11fe805976db964bb6586fc2205,180,MASK_SENTINEL,T0_OFF,primary,True,True,True,379,stop
386ee11fe805976db964bb6586fc2205,180,MASK_SENTINEL,T1_SILENT_CHECK,primary,True,True,True,475,stop
386ee11fe805976db964bb6586fc2205,180,METADATA_TOKEN_MATCHED_TO_MASK,T0_OFF,primary,True,True,True,380,stop
386ee11fe805976db964bb6586fc2205,180,METADATA_TOKEN_MATCHED_TO_MASK,T1_SILENT_CHECK,primary,True,True,True,392,stop
103574f7cbc55eed24ce0860dd9e5ef6,65,BASE,T1_SILENT_CHECK,primary,True,True,True,474,stop
103574f7cbc55eed24ce0860dd9e5ef6,65,BASE,T0_OFF,primary,True,True,True,513,stop
103574f7cbc55eed24ce0860dd9e5ef6,65,MASK_SENTINEL,T1_SILENT_CHECK,primary,True,True,True,481,stop
103574f7cbc55eed24ce0860dd9e5ef6,65,MASK_SENTINEL,T0_OFF,primary,False,True,True,524,stop
103574f7cbc55eed24ce0860dd9e5ef6,65,METADATA_TOKEN_MATCHED_TO_MASK,T1_SILENT_CHECK,primary,True,True,True,465,stop
103574f7cbc55eed24ce0860dd9e5ef6,65,METADATA_TOKEN_MATCHED_TO_MASK,T0_OFF,primary,False,True,True,507,stop
67276bd10c814e6038dc30fadb35cb22,210,BASE,T0_OFF,primary,True,True,True,441,stop
67276bd10c814e6038dc30fadb35cb22,210,BASE,T1_SILENT_CHECK,primary,True,True,True,422,stop
67276bd10c814e6038dc30fadb35cb22,210,MASK_SENTINEL,T0_OFF,primary,True,True,True,422,stop
67276bd10c814e6038dc30fadb35cb22,210,MASK_SENTINEL,T1_SILENT_CHECK,primary,True,True,True,422,stop
67276bd10c814e6038dc30fadb35cb22,210,METADATA_TOKEN_MATCHED_TO_MASK,T0_OFF,primary,True,True,True,422,stop
67276bd10c814e6038dc30fadb35cb22,210,METADATA_TOKEN_MATCHED_TO_MASK,T1_SILENT_CHECK,primary,True,True,True,422,stop
1e4362d74d7a9e01d45de69a40c0afae,47,BASE,T0_OFF,primary,False,False,False,1673,stop
1e4362d74d7a9e01d45de69a40c0afae,47,MASK_SENTINEL,T0_OFF,primary,False,False,True,1578,stop
1e4362d74d7a9e01d45de69a40c0afae,47,BASE,T0_OFF,integrity_duplicate,False,False,False,1673,stop
1e4362d74d7a9e01d45de69a40c0afae,47,MASK_SENTINEL,T0_OFF,integrity_duplicate,False,False,True,1578,stop
1e4362d74d7a9e01d45de69a40c0afae,47,METADATA_TOKEN_MATCHED_TO_MASK,T0_OFF,primary,False,True,True,2356,stop
1e4362d74d7a9e01d45de69a40c0afae,47,METADATA_TOKEN_MATCHED_TO_MASK,T0_OFF,integrity_duplicate,False,True,True,2356,stop
1e4362d74d7a9e01d45de69a40c0afae,47,BASE,T1_SILENT_CHECK,primary,False,False,True,8192,length
1e4362d74d7a9e01d45de69a40c0afae,47,MASK_SENTINEL,T1_SILENT_CHECK,primary,False,False,True,8192,length
1e4362d74d7a9e01d45de69a40c0afae,47,METADATA_TOKEN_MATCHED_TO_MASK,T1_SILENT_CHECK,primary,False,False,True,8151,stop
1e4362d74d7a9e01d45de69a40c0afae,47,BASE,T1_SILENT_CHECK,integrity_duplicate,False,False,True,8192,length
1e4362d74d7a9e01d45de69a40c0afae,47,MASK_SENTINEL,T1_SILENT_CHECK,integrity_duplicate,False,False,True,8192,length
1e4362d74d7a9e01d45de69a40c0afae,47,METADATA_TOKEN_MATCHED_TO_MASK,T1_SILENT_CHECK,integrity_duplicate,False,False,True,8151,stop
5c99fcd4702248ef10fedc4bcbb981f5,264,BASE,T1_SILENT_CHECK,primary,True,True,True,274,stop
5c99fcd4702248ef10fedc4bcbb981f5,264,MASK_SENTINEL,T1_SILENT_CHECK,primary,True,True,True,286,stop
5c99fcd4702248ef10fedc4bcbb981f5,264,MASK_SENTINEL,T0_OFF,primary,True,True,True,332,stop
5c99fcd4702248ef10fedc4bcbb981f5,264,BASE,T0_OFF,primary,False,False,False,379,stop
5c99fcd4702248ef10fedc4bcbb981f5,264,METADATA_TOKEN_MATCHED_TO_MASK,T0_OFF,primary,False,False,False,297,stop
5c99fcd4702248ef10fedc4bcbb981f5,264,METADATA_TOKEN_MATCHED_TO_MASK,T1_SILENT_CHECK,primary,True,True,True,372,stop
067200b9cbc5e55034ad5de25b36b816,186,MASK_SENTINEL,T0_OFF,primary,False,False,False,404,stop
067200b9cbc5e55034ad5de25b36b816,186,BASE,T0_OFF,primary,False,False,False,472,stop
067200b9cbc5e55034ad5de25b36b816,186,BASE,T1_SILENT_CHECK,primary,True,True,True,465,stop
067200b9cbc5e55034ad5de25b36b816,186,METADATA_TOKEN_MATCHED_TO_MASK,T0_OFF,primary,False,False,True,346,stop
067200b9cbc5e55034ad5de25b36b816,186,MASK_SENTINEL,T1_SILENT_CHECK,primary,False,False,True,646,stop
067200b9cbc5e55034ad5de25b36b816,186,METADATA_TOKEN_MATCHED_TO_MASK,T1_SILENT_CHECK,primary,True,True,True,542,stop
026800fbede407024cd1a7546b84122a,7,MASK_SENTINEL,T0_OFF,primary,True,True,True,860,stop
026800fbede407024cd1a7546b84122a,7,METADATA_TOKEN_MATCHED_TO_MASK,T0_OFF,primary,False,True,True,1027,stop
026800fbede407024cd1a7546b84122a,7,METADATA_TOKEN_MATCHED_TO_MASK,T1_SILENT_CHECK,primary,True,True,True,1109,stop
026800fbede407024cd1a7546b84122a,7,BASE,T1_SILENT_CHECK,primary,True,True,True,1329,stop
026800fbede407024cd1a7546b84122a,7,MASK_SENTINEL,T1_SILENT_CHECK,primary,True,True,True,1476,stop
026800fbede407024cd1a7546b84122a,7,BASE,T0_OFF,primary,True,True,True,1553,stop
79cbf33a656538578226c0bb3959ced1,185,BASE,T0_OFF,primary,False,True,True,419,stop
79cbf33a656538578226c0bb3959ced1,185,BASE,T1_SILENT_CHECK,primary,True,True,True,382,stop
79cbf33a656538578226c0bb3959ced1,185,MASK_SENTINEL,T0_OFF,primary,False,True,True,386,stop
79cbf33a656538578226c0bb3959ced1,185,MASK_SENTINEL,T1_SILENT_CHECK,primary,True,True,True,418,stop
79cbf33a656538578226c0bb3959ced1,185,METADATA_TOKEN_MATCHED_TO_MASK,T0_OFF,primary,True,True,True,414,stop
79cbf33a656538578226c0bb3959ced1,185,METADATA_TOKEN_MATCHED_TO_MASK,T1_SILENT_CHECK,primary,True,True,True,389,stop
274bd476c966470c91fa3e9ee13815dd,120,BASE,T0_OFF,primary,True,True,True,693,stop
274bd476c966470c91fa3e9ee13815dd,120,BASE,T1_SILENT_CHECK,primary,False,False,True,692,stop
274bd476c966470c91fa3e9ee13815dd,120,BASE,T0_OFF,integrity_duplicate,True,True,True,693,stop
274bd476c966470c91fa3e9ee13815dd,120,MASK_SENTINEL,T0_OFF,primary,True,True,True,1001,stop
274bd476c966470c91fa3e9ee13815dd,120,MASK_SENTINEL,T1_SILENT_CHECK,primary,True,True,True,888,stop
274bd476c966470c91fa3e9ee13815dd,120,METADATA_TOKEN_MATCHED_TO_MASK,T1_SILENT_CHECK,primary,True,True,True,976,stop
274bd476c966470c91fa3e9ee13815dd,120,BASE,T1_SILENT_CHECK,integrity_duplicate,False,False,True,692,stop
274bd476c966470c91fa3e9ee13815dd,120,METADATA_TOKEN_MATCHED_TO_MASK,T0_OFF,primary,True,True,True,1202,stop
274bd476c966470c91fa3e9ee13815dd,120,MASK_SENTINEL,T1_SILENT_CHECK,integrity_duplicate,True,True,True,888,stop
274bd476c966470c91fa3e9ee13815dd,120,MASK_SENTINEL,T0_OFF,integrity_duplicate,True,True,True,1001,stop
274bd476c966470c91fa3e9ee13815dd,120,METADATA_TOKEN_MATCHED_TO_MASK,T0_OFF,integrity_duplicate,True,True,True,1202,stop
274bd476c966470c91fa3e9ee13815dd,120,METADATA_TOKEN_MATCHED_TO_MASK,T1_SILENT_CHECK,integrity_duplicate,True,True,True,976,stop
7f0aaac8d0b99653d05d1f935b3cbeec,145,BASE,T0_OFF,primary,False,False,False,467,stop
7f0aaac8d0b99653d05d1f935b3cbeec,145,BASE,T1_SILENT_CHECK,primary,True,True,True,454,stop
7f0aaac8d0b99653d05d1f935b3cbeec,145,MASK_SENTINEL,T0_OFF,primary,True,True,True,446,stop
7f0aaac8d0b99653d05d1f935b3cbeec,145,MASK_SENTINEL,T1_SILENT_CHECK,primary,True,True,True,469,stop
7f0aaac8d0b99653d05d1f935b3cbeec,145,METADATA_TOKEN_MATCHED_TO_MASK,T0_OFF,primary,True,True,True,464,stop
7f0aaac8d0b99653d05d1f935b3cbeec,145,METADATA_TOKEN_MATCHED_TO_MASK,T1_SILENT_CHECK,primary,True,True,True,446,stop
0925ac69625af260d99e9291c3014149,54,BASE,T1_SILENT_CHECK,primary,True,True,True,670,stop
0925ac69625af260d99e9291c3014149,54,BASE,T0_OFF,primary,True,True,True,779,stop
0925ac69625af260d99e9291c3014149,54,MASK_SENTINEL,T0_OFF,primary,True,True,True,686,stop
0925ac69625af260d99e9291c3014149,54,MASK_SENTINEL,T1_SILENT_CHECK,primary,True,True,True,751,stop
0925ac69625af260d99e9291c3014149,54,METADATA_TOKEN_MATCHED_TO_MASK,T1_SILENT_CHECK,primary,True,True,True,670,stop
0925ac69625af260d99e9291c3014149,54,METADATA_TOKEN_MATCHED_TO_MASK,T0_OFF,primary,True,True,True,724,stop
cfe1b887308980c707bd1f37822f9fc7,272,BASE,T0_OFF,primary,True,True,True,593,stop
cfe1b887308980c707bd1f37822f9fc7,272,BASE,T1_SILENT_CHECK,primary,True,True,True,583,stop
cfe1b887308980c707bd1f37822f9fc7,272,MASK_SENTINEL,T0_OFF,primary,True,True,True,598,stop
cfe1b887308980c707bd1f37822f9fc7,272,MASK_SENTINEL,T1_SILENT_CHECK,primary,True,True,True,596,stop
cfe1b887308980c707bd1f37822f9fc7,272,METADATA_TOKEN_MATCHED_TO_MASK,T0_OFF,primary,False,False,False,594,stop
cfe1b887308980c707bd1f37822f9fc7,272,METADATA_TOKEN_MATCHED_TO_MASK,T1_SILENT_CHECK,primary,True,True,True,592,stop
fe0288d1bc44ab1b13f925428507810f,256,BASE,T0_OFF,primary,False,False,False,166,stop
fe0288d1bc44ab1b13f925428507810f,256,BASE,T1_SILENT_CHECK,primary,True,True,True,170,stop
fe0288d1bc44ab1b13f925428507810f,256,MASK_SENTINEL,T0_OFF,primary,True,True,True,164,stop
fe0288d1bc44ab1b13f925428507810f,256,MASK_SENTINEL,T1_SILENT_CHECK,primary,True,True,True,171,stop
fe0288d1bc44ab1b13f925428507810f,256,METADATA_TOKEN_MATCHED_TO_MASK,T1_SILENT_CHECK,primary,True,True,True,114,stop
fe0288d1bc44ab1b13f925428507810f,256,METADATA_TOKEN_MATCHED_TO_MASK,T0_OFF,primary,False,False,False,161,stop
a85e217a0e2f9f368a6912692fb557f5,259,BASE,T1_SILENT_CHECK,primary,True,True,True,657,stop
a85e217a0e2f9f368a6912692fb557f5,259,MASK_SENTINEL,T1_SILENT_CHECK,primary,True,True,True,635,stop
a85e217a0e2f9f368a6912692fb557f5,259,MASK_SENTINEL,T0_OFF,primary,True,True,True,666,stop
a85e217a0e2f9f368a6912692fb557f5,259,BASE,T0_OFF,primary,True,True,True,705,stop
a85e217a0e2f9f368a6912692fb557f5,259,METADATA_TOKEN_MATCHED_TO_MASK,T1_SILENT_CHECK,primary,True,True,True,627,stop
a85e217a0e2f9f368a6912692fb557f5,259,METADATA_TOKEN_MATCHED_TO_MASK,T0_OFF,primary,True,True,True,715,stop
e7a6b89d480ea4d0175870df6693215a,70,MASK_SENTINEL,T0_OFF,primary,True,True,True,333,stop
e7a6b89d480ea4d0175870df6693215a,70,BASE,T1_SILENT_CHECK,primary,True,True,True,376,stop
e7a6b89d480ea4d0175870df6693215a,70,BASE,T0_OFF,primary,True,True,True,413,stop
e7a6b89d480ea4d0175870df6693215a,70,MASK_SENTINEL,T1_SILENT_CHECK,primary,True,True,True,336,stop
e7a6b89d480ea4d0175870df6693215a,70,METADATA_TOKEN_MATCHED_TO_MASK,T1_SILENT_CHECK,primary,True,True,True,311,stop
e7a6b89d480ea4d0175870df6693215a,70,METADATA_TOKEN_MATCHED_TO_MASK,T0_OFF,primary,True,True,True,323,stop
e7a6b89d480ea4d0175870df6693215a,70,BASE,T1_SILENT_CHECK,integrity_duplicate,True,True,True,376,stop
e7a6b89d480ea4d0175870df6693215a,70,BASE,T0_OFF,integrity_duplicate,True,True,True,413,stop
e7a6b89d480ea4d0175870df6693215a,70,MASK_SENTINEL,T0_OFF,integrity_duplicate,True,True,True,333,stop
e7a6b89d480ea4d0175870df6693215a,70,MASK_SENTINEL,T1_SILENT_CHECK,integrity_duplicate,True,True,True,336,stop
e7a6b89d480ea4d0175870df6693215a,70,METADATA_TOKEN_MATCHED_TO_MASK,T0_OFF,integrity_duplicate,True,True,True,323,stop
e7a6b89d480ea4d0175870df6693215a,70,METADATA_TOKEN_MATCHED_TO_MASK,T1_SILENT_CHECK,integrity_duplicate,True,True,True,311,stop
d35f3b2e715d9eee473b9e2eb69c2b01,108,MASK_SENTINEL,T0_OFF,primary,True,True,True,202,stop
d35f3b2e715d9eee473b9e2eb69c2b01,108,BASE,T0_OFF,primary,True,True,True,273,stop
d35f3b2e715d9eee473b9e2eb69c2b01,108,BASE,T1_SILENT_CHECK,primary,True,True,True,253,stop
d35f3b2e715d9eee473b9e2eb69c2b01,108,METADATA_TOKEN_MATCHED_TO_MASK,T0_OFF,primary,True,True,True,226,stop
d35f3b2e715d9eee473b9e2eb69c2b01,108,METADATA_TOKEN_MATCHED_TO_MASK,T1_SILENT_CHECK,primary,True,True,True,253,stop
d35f3b2e715d9eee473b9e2eb69c2b01,108,MASK_SENTINEL,T1_SILENT_CHECK,primary,True,True,True,274,stop
8e080bea661562554ec8c50ceae30b4e,237,BASE,T0_OFF,primary,True,True,True,83,stop
8e080bea661562554ec8c50ceae30b4e,237,BASE,T1_SILENT_CHECK,primary,True,True,True,119,stop
8e080bea661562554ec8c50ceae30b4e,237,METADATA_TOKEN_MATCHED_TO_MASK,T0_OFF,primary,True,True,True,91,stop
8e080bea661562554ec8c50ceae30b4e,237,MASK_SENTINEL,T1_SILENT_CHECK,primary,True,True,True,104,stop
8e080bea661562554ec8c50ceae30b4e,237,MASK_SENTINEL,T0_OFF,primary,True,True,True,110,stop
8e080bea661562554ec8c50ceae30b4e,237,METADATA_TOKEN_MATCHED_TO_MASK,T1_SILENT_CHECK,primary,True,True,True,83,stop
3aa12dd5e69201ef7b7b8d7f1486669a,206,BASE,T0_OFF,primary,True,True,True,766,stop
3aa12dd5e69201ef7b7b8d7f1486669a,206,BASE,T1_SILENT_CHECK,primary,True,True,True,803,stop
3aa12dd5e69201ef7b7b8d7f1486669a,206,MASK_SENTINEL,T0_OFF,primary,True,True,True,803,stop
3aa12dd5e69201ef7b7b8d7f1486669a,206,MASK_SENTINEL,T1_SILENT_CHECK,primary,True,True,True,785,stop
3aa12dd5e69201ef7b7b8d7f1486669a,206,METADATA_TOKEN_MATCHED_TO_MASK,T0_OFF,primary,True,True,True,804,stop
3aa12dd5e69201ef7b7b8d7f1486669a,206,METADATA_TOKEN_MATCHED_TO_MASK,T1_SILENT_CHECK,primary,True,True,True,817,stop
1d5c95eb90f92d8fc58be006dee5d941,34,BASE,T0_OFF,primary,True,True,True,215,stop
1d5c95eb90f92d8fc58be006dee5d941,34,BASE,T1_SILENT_CHECK,primary,True,True,True,213,stop
1d5c95eb90f92d8fc58be006dee5d941,34,MASK_SENTINEL,T0_OFF,primary,True,True,True,187,stop
1d5c95eb90f92d8fc58be006dee5d941,34,MASK_SENTINEL,T1_SILENT_CHECK,primary,True,True,True,195,stop
1d5c95eb90f92d8fc58be006dee5d941,34,METADATA_TOKEN_MATCHED_TO_MASK,T0_OFF,primary,True,True,True,211,stop
1d5c95eb90f92d8fc58be006dee5d941,34,METADATA_TOKEN_MATCHED_TO_MASK,T1_SILENT_CHECK,primary,True,True,True,213,stop
f6083c1117117fbe660cb6e21a92942e,260,BASE,T0_OFF,primary,False,False,False,718,stop
f6083c1117117fbe660cb6e21a92942e,260,BASE,T1_SILENT_CHECK,primary,False,False,True,825,stop
f6083c1117117fbe660cb6e21a92942e,260,MASK_SENTINEL,T1_SILENT_CHECK,primary,False,False,True,786,stop
f6083c1117117fbe660cb6e21a92942e,260,METADATA_TOKEN_MATCHED_TO_MASK,T1_SILENT_CHECK,primary,False,False,True,867,stop
f6083c1117117fbe660cb6e21a92942e,260,METADATA_TOKEN_MATCHED_TO_MASK,T0_OFF,primary,False,False,True,875,stop
f6083c1117117fbe660cb6e21a92942e,260,MASK_SENTINEL,T0_OFF,primary,True,True,True,1005,stop
39b1eb56938492dc85d0e9be5ccb74cc,46,BASE,T0_OFF,primary,False,False,False,501,stop
39b1eb56938492dc85d0e9be5ccb74cc,46,BASE,T1_SILENT_CHECK,primary,True,True,True,430,stop
39b1eb56938492dc85d0e9be5ccb74cc,46,MASK_SENTINEL,T0_OFF,primary,False,False,False,495,stop
39b1eb56938492dc85d0e9be5ccb74cc,46,MASK_SENTINEL,T1_SILENT_CHECK,primary,True,True,True,401,stop
39b1eb56938492dc85d0e9be5ccb74cc,46,METADATA_TOKEN_MATCHED_TO_MASK,T1_SILENT_CHECK,primary,True,True,True,400,stop
39b1eb56938492dc85d0e9be5ccb74cc,46,METADATA_TOKEN_MATCHED_TO_MASK,T0_OFF,primary,False,False,False,534,stop
39b1eb56938492dc85d0e9be5ccb74cc,46,BASE,T1_SILENT_CHECK,integrity_duplicate,True,True,True,430,stop
39b1eb56938492dc85d0e9be5ccb74cc,46,BASE,T0_OFF,integrity_duplicate,False,False,False,501,stop
39b1eb56938492dc85d0e9be5ccb74cc,46,MASK_SENTINEL,T1_SILENT_CHECK,integrity_duplicate,True,True,True,401,stop
39b1eb56938492dc85d0e9be5ccb74cc,46,MASK_SENTINEL,T0_OFF,integrity_duplicate,False,False,False,495,stop
39b1eb56938492dc85d0e9be5ccb74cc,46,METADATA_TOKEN_MATCHED_TO_MASK,T1_SILENT_CHECK,integrity_duplicate,True,True,True,400,stop
39b1eb56938492dc85d0e9be5ccb74cc,46,METADATA_TOKEN_MATCHED_TO_MASK,T0_OFF,integrity_duplicate,False,False,False,534,stop
89d4dbb6cb0663298ddc6f915dbfc5e3,128,BASE,T0_OFF,primary,False,True,True,766,stop
89d4dbb6cb0663298ddc6f915dbfc5e3,128,BASE,T1_SILENT_CHECK,primary,True,True,True,894,stop
89d4dbb6cb0663298ddc6f915dbfc5e3,128,MASK_SENTINEL,T0_OFF,primary,True,True,True,882,stop
89d4dbb6cb0663298ddc6f915dbfc5e3,128,MASK_SENTINEL,T1_SILENT_CHECK,primary,True,True,True,887,stop
89d4dbb6cb0663298ddc6f915dbfc5e3,128,METADATA_TOKEN_MATCHED_TO_MASK,T0_OFF,primary,True,True,True,773,stop
89d4dbb6cb0663298ddc6f915dbfc5e3,128,METADATA_TOKEN_MATCHED_TO_MASK,T1_SILENT_CHECK,primary,True,True,True,817,stop
77715d2564c97d93efda6fa06a2cf803,218,BASE,T0_OFF,primary,True,True,True,324,stop
77715d2564c97d93efda6fa06a2cf803,218,BASE,T1_SILENT_CHECK,primary,True,True,True,325,stop
77715d2564c97d93efda6fa06a2cf803,218,MASK_SENTINEL,T0_OFF,primary,True,True,True,325,stop
77715d2564c97d93efda6fa06a2cf803,218,MASK_SENTINEL,T1_SILENT_CHECK,primary,True,True,True,317,stop
77715d2564c97d93efda6fa06a2cf803,218,METADATA_TOKEN_MATCHED_TO_MASK,T0_OFF,primary,True,True,True,327,stop
77715d2564c97d93efda6fa06a2cf803,218,METADATA_TOKEN_MATCHED_TO_MASK,T1_SILENT_CHECK,primary,True,True,True,330,stop
658fe64ef81de6dd9145b382a076bcbb,53,BASE,T0_OFF,primary,True,True,True,531,stop
658fe64ef81de6dd9145b382a076bcbb,53,BASE,T1_SILENT_CHECK,primary,True,True,True,516,stop
658fe64ef81de6dd9145b382a076bcbb,53,MASK_SENTINEL,T0_OFF,primary,True,True,True,532,stop
658fe64ef81de6dd9145b382a076bcbb,53,MASK_SENTINEL,T1_SILENT_CHECK,primary,True,True,True,471,stop
658fe64ef81de6dd9145b382a076bcbb,53,METADATA_TOKEN_MATCHED_TO_MASK,T0_OFF,primary,True,True,True,573,stop
658fe64ef81de6dd9145b382a076bcbb,53,METADATA_TOKEN_MATCHED_TO_MASK,T1_SILENT_CHECK,primary,True,True,True,469,stop
64c732b025425b313af7b4e4b08d6a7f,207,BASE,T0_OFF,primary,True,True,True,707,stop
64c732b025425b313af7b4e4b08d6a7f,207,BASE,T1_SILENT_CHECK,primary,True,True,True,645,stop
64c732b025425b313af7b4e4b08d6a7f,207,MASK_SENTINEL,T1_SILENT_CHECK,primary,True,True,True,500,stop
64c732b025425b313af7b4e4b08d6a7f,207,MASK_SENTINEL,T0_OFF,primary,True,True,True,676,stop
64c732b025425b313af7b4e4b08d6a7f,207,METADATA_TOKEN_MATCHED_TO_MASK,T1_SILENT_CHECK,primary,True,True,True,573,stop
64c732b025425b313af7b4e4b08d6a7f,207,METADATA_TOKEN_MATCHED_TO_MASK,T0_OFF,primary,True,True,True,659,stop
7a364d623f7610eeded2c74fbe31835b,78,BASE,T1_SILENT_CHECK,primary,True,True,True,235,stop
7a364d623f7610eeded2c74fbe31835b,78,BASE,T0_OFF,primary,False,False,False,319,stop
7a364d623f7610eeded2c74fbe31835b,78,MASK_SENTINEL,T0_OFF,primary,True,True,True,295,stop
7a364d623f7610eeded2c74fbe31835b,78,MASK_SENTINEL,T1_SILENT_CHECK,primary,True,True,True,319,stop
7a364d623f7610eeded2c74fbe31835b,78,METADATA_TOKEN_MATCHED_TO_MASK,T1_SILENT_CHECK,primary,True,True,True,117,stop
7a364d623f7610eeded2c74fbe31835b,78,METADATA_TOKEN_MATCHED_TO_MASK,T0_OFF,primary,True,True,True,268,stop
4924f0b9e07a07c678ab2dcd614f5c5c,194,MASK_SENTINEL,T0_OFF,primary,True,True,True,454,stop
4924f0b9e07a07c678ab2dcd614f5c5c,194,BASE,T1_SILENT_CHECK,primary,False,False,True,529,stop
4924f0b9e07a07c678ab2dcd614f5c5c,194,BASE,T0_OFF,primary,True,True,True,656,stop
4924f0b9e07a07c678ab2dcd614f5c5c,194,METADATA_TOKEN_MATCHED_TO_MASK,T0_OFF,primary,True,True,True,447,stop
4924f0b9e07a07c678ab2dcd614f5c5c,194,MASK_SENTINEL,T1_SILENT_CHECK,primary,False,False,True,602,stop
4924f0b9e07a07c678ab2dcd614f5c5c,194,METADATA_TOKEN_MATCHED_TO_MASK,T1_SILENT_CHECK,primary,False,False,True,603,stop
7d290259837e2c72acdd7e56d9a71fba,99,BASE,T0_OFF,primary,True,True,True,444,stop
7d290259837e2c72acdd7e56d9a71fba,99,BASE,T1_SILENT_CHECK,primary,True,True,True,491,stop
7d290259837e2c72acdd7e56d9a71fba,99,MASK_SENTINEL,T0_OFF,primary,True,True,True,487,stop
7d290259837e2c72acdd7e56d9a71fba,99,MASK_SENTINEL,T1_SILENT_CHECK,primary,True,True,True,368,stop
7d290259837e2c72acdd7e56d9a71fba,99,METADATA_TOKEN_MATCHED_TO_MASK,T0_OFF,primary,True,True,True,378,stop
7d290259837e2c72acdd7e56d9a71fba,99,METADATA_TOKEN_MATCHED_TO_MASK,T1_SILENT_CHECK,primary,True,True,True,387,stop
7d290259837e2c72acdd7e56d9a71fba,99,BASE,T0_OFF,integrity_duplicate,True,True,True,444,stop
7d290259837e2c72acdd7e56d9a71fba,99,MASK_SENTINEL,T1_SILENT_CHECK,integrity_duplicate,True,True,True,368,stop
7d290259837e2c72acdd7e56d9a71fba,99,BASE,T1_SILENT_CHECK,integrity_duplicate,True,True,True,491,stop
7d290259837e2c72acdd7e56d9a71fba,99,MASK_SENTINEL,T0_OFF,integrity_duplicate,True,True,True,487,stop
7d290259837e2c72acdd7e56d9a71fba,99,METADATA_TOKEN_MATCHED_TO_MASK,T0_OFF,integrity_duplicate,True,True,True,378,stop
7d290259837e2c72acdd7e56d9a71fba,99,METADATA_TOKEN_MATCHED_TO_MASK,T1_SILENT_CHECK,integrity_duplicate,True,True,True,387,stop
9d57f95c222dfa9f467ce93c4f51f3f8,226,BASE,T0_OFF,primary,False,False,True,77,stop
9d57f95c222dfa9f467ce93c4f51f3f8,226,BASE,T1_SILENT_CHECK,primary,False,False,True,86,stop
9d57f95c222dfa9f467ce93c4f51f3f8,226,MASK_SENTINEL,T0_OFF,primary,False,False,True,36,stop
9d57f95c222dfa9f467ce93c4f51f3f8,226,MASK_SENTINEL,T1_SILENT_CHECK,primary,False,False,True,54,stop
9d57f95c222dfa9f467ce93c4f51f3f8,226,METADATA_TOKEN_MATCHED_TO_MASK,T0_OFF,primary,False,False,True,37,stop
9d57f95c222dfa9f467ce93c4f51f3f8,226,MASK_SENTINEL,T0_OFF,integrity_duplicate,False,False,True,36,stop
9d57f95c222dfa9f467ce93c4f51f3f8,226,METADATA_TOKEN_MATCHED_TO_MASK,T1_SILENT_CHECK,primary,False,False,True,74,stop
9d57f95c222dfa9f467ce93c4f51f3f8,226,METADATA_TOKEN_MATCHED_TO_MASK,T0_OFF,integrity_duplicate,False,False,True,37,stop
9d57f95c222dfa9f467ce93c4f51f3f8,226,BASE,T0_OFF,integrity_duplicate,False,False,True,77,stop
9d57f95c222dfa9f467ce93c4f51f3f8,226,MASK_SENTINEL,T1_SILENT_CHECK,integrity_duplicate,False,False,True,54,stop
9d57f95c222dfa9f467ce93c4f51f3f8,226,BASE,T1_SILENT_CHECK,integrity_duplicate,False,False,True,86,stop
9d57f95c222dfa9f467ce93c4f51f3f8,226,METADATA_TOKEN_MATCHED_TO_MASK,T1_SILENT_CHECK,integrity_duplicate,False,False,True,74,stop
72f58d4bb369e8ffa42de87167da8918,66,BASE,T0_OFF,primary,True,True,True,561,stop
72f58d4bb369e8ffa42de87167da8918,66,BASE,T1_SILENT_CHECK,primary,True,True,True,488,stop
72f58d4bb369e8ffa42de87167da8918,66,MASK_SENTINEL,T1_SILENT_CHECK,primary,True,True,True,491,stop
72f58d4bb369e8ffa42de87167da8918,66,METADATA_TOKEN_MATCHED_TO_MASK,T1_SILENT_CHECK,primary,True,True,True,488,stop
72f58d4bb369e8ffa42de87167da8918,66,MASK_SENTINEL,T0_OFF,primary,True,True,True,635,stop
72f58d4bb369e8ffa42de87167da8918,66,METADATA_TOKEN_MATCHED_TO_MASK,T0_OFF,primary,True,True,True,590,stop
0f5c7bb12b74985418446fd62cc65a15,86,BASE,T1_SILENT_CHECK,primary,False,False,True,465,stop
0f5c7bb12b74985418446fd62cc65a15,86,MASK_SENTINEL,T1_SILENT_CHECK,primary,False,False,True,477,stop
0f5c7bb12b74985418446fd62cc65a15,86,METADATA_TOKEN_MATCHED_TO_MASK,T1_SILENT_CHECK,primary,False,False,True,393,stop
0f5c7bb12b74985418446fd62cc65a15,86,METADATA_TOKEN_MATCHED_TO_MASK,T0_OFF,primary,False,False,True,458,stop
0f5c7bb12b74985418446fd62cc65a15,86,BASE,T0_OFF,primary,True,True,True,798,stop
0f5c7bb12b74985418446fd62cc65a15,86,MASK_SENTINEL,T0_OFF,primary,False,False,True,839,stop
d1eba89dadd3c9a16a036d57f8a09433,236,BASE,T1_SILENT_CHECK,primary,True,True,True,245,stop
d1eba89dadd3c9a16a036d57f8a09433,236,BASE,T0_OFF,primary,False,False,False,292,stop
d1eba89dadd3c9a16a036d57f8a09433,236,MASK_SENTINEL,T1_SILENT_CHECK,primary,True,True,True,266,stop
d1eba89dadd3c9a16a036d57f8a09433,236,MASK_SENTINEL,T0_OFF,primary,True,True,True,299,stop
d1eba89dadd3c9a16a036d57f8a09433,236,METADATA_TOKEN_MATCHED_TO_MASK,T0_OFF,primary,False,False,False,259,stop
d1eba89dadd3c9a16a036d57f8a09433,236,METADATA_TOKEN_MATCHED_TO_MASK,T1_SILENT_CHECK,primary,True,True,True,269,stop
d1eba89dadd3c9a16a036d57f8a09433,236,BASE,T0_OFF,integrity_duplicate,False,False,False,292,stop
d1eba89dadd3c9a16a036d57f8a09433,236,BASE,T1_SILENT_CHECK,integrity_duplicate,True,True,True,245,stop
d1eba89dadd3c9a16a036d57f8a09433,236,MASK_SENTINEL,T0_OFF,integrity_duplicate,True,True,True,299,stop
d1eba89dadd3c9a16a036d57f8a09433,236,MASK_SENTINEL,T1_SILENT_CHECK,integrity_duplicate,True,True,True,266,stop
d1eba89dadd3c9a16a036d57f8a09433,236,METADATA_TOKEN_MATCHED_TO_MASK,T0_OFF,integrity_duplicate,False,False,False,259,stop
d1eba89dadd3c9a16a036d57f8a09433,236,METADATA_TOKEN_MATCHED_TO_MASK,T1_SILENT_CHECK,integrity_duplicate,True,True,True,269,stop
aa579d83194016a90b240add339e76b8,298,BASE,T0_OFF,primary,True,True,True,358,stop
aa579d83194016a90b240add339e76b8,298,BASE,T1_SILENT_CHECK,primary,True,True,True,337,stop
aa579d83194016a90b240add339e76b8,298,MASK_SENTINEL,T1_SILENT_CHECK,primary,True,True,True,247,stop
aa579d83194016a90b240add339e76b8,298,MASK_SENTINEL,T0_OFF,primary,True,True,True,291,stop
aa579d83194016a90b240add339e76b8,298,METADATA_TOKEN_MATCHED_TO_MASK,T1_SILENT_CHECK,primary,True,True,True,276,stop
aa579d83194016a90b240add339e76b8,298,METADATA_TOKEN_MATCHED_TO_MASK,T0_OFF,primary,True,True,True,351,stop
3c5bc9939db421c9d9ead14f91cdcf04,25,BASE,T1_SILENT_CHECK,primary,True,True,True,413,stop
3c5bc9939db421c9d9ead14f91cdcf04,25,BASE,T0_OFF,primary,True,True,True,429,stop
3c5bc9939db421c9d9ead14f91cdcf04,25,MASK_SENTINEL,T0_OFF,primary,True,True,True,413,stop
3c5bc9939db421c9d9ead14f91cdcf04,25,MASK_SENTINEL,T1_SILENT_CHECK,primary,True,True,True,470,stop
3c5bc9939db421c9d9ead14f91cdcf04,25,METADATA_TOKEN_MATCHED_TO_MASK,T0_OFF,primary,True,True,True,504,stop
3c5bc9939db421c9d9ead14f91cdcf04,25,METADATA_TOKEN_MATCHED_TO_MASK,T1_SILENT_CHECK,primary,True,True,True,413,stop
f33fae9a40808f23a25145afe57bf25f,165,MASK_SENTINEL,T1_SILENT_CHECK,primary,False,False,True,290,stop
f33fae9a40808f23a25145afe57bf25f,165,BASE,T1_SILENT_CHECK,primary,False,False,True,322,stop
f33fae9a40808f23a25145afe57bf25f,165,METADATA_TOKEN_MATCHED_TO_MASK,T1_SILENT_CHECK,primary,False,False,True,296,stop
f33fae9a40808f23a25145afe57bf25f,165,MASK_SENTINEL,T0_OFF,primary,False,False,True,373,stop
f33fae9a40808f23a25145afe57bf25f,165,BASE,T0_OFF,primary,False,False,True,483,stop
f33fae9a40808f23a25145afe57bf25f,165,METADATA_TOKEN_MATCHED_TO_MASK,T0_OFF,primary,False,False,True,513,stop
fcf058f9dd79c50913813e56e0f6d8db,172,BASE,T0_OFF,primary,False,False,False,334,stop
fcf058f9dd79c50913813e56e0f6d8db,172,BASE,T1_SILENT_CHECK,primary,True,True,True,336,stop
fcf058f9dd79c50913813e56e0f6d8db,172,MASK_SENTINEL,T0_OFF,primary,True,True,True,306,stop
fcf058f9dd79c50913813e56e0f6d8db,172,METADATA_TOKEN_MATCHED_TO_MASK,T0_OFF,primary,False,False,False,278,stop
fcf058f9dd79c50913813e56e0f6d8db,172,MASK_SENTINEL,T1_SILENT_CHECK,primary,True,True,True,351,stop
fcf058f9dd79c50913813e56e0f6d8db,172,METADATA_TOKEN_MATCHED_TO_MASK,T1_SILENT_CHECK,primary,True,True,True,327,stop
fcf058f9dd79c50913813e56e0f6d8db,172,MASK_SENTINEL,T0_OFF,integrity_duplicate,True,True,True,306,stop
fcf058f9dd79c50913813e56e0f6d8db,172,BASE,T0_OFF,integrity_duplicate,False,False,False,334,stop
fcf058f9dd79c50913813e56e0f6d8db,172,BASE,T1_SILENT_CHECK,integrity_duplicate,True,True,True,336,stop
fcf058f9dd79c50913813e56e0f6d8db,172,MASK_SENTINEL,T1_SILENT_CHECK,integrity_duplicate,True,True,True,351,stop
fcf058f9dd79c50913813e56e0f6d8db,172,METADATA_TOKEN_MATCHED_TO_MASK,T0_OFF,integrity_duplicate,False,False,False,278,stop
fcf058f9dd79c50913813e56e0f6d8db,172,METADATA_TOKEN_MATCHED_TO_MASK,T1_SILENT_CHECK,integrity_duplicate,True,True,True,327,stop
cd9d62d7ede72bedc2a5872aeb623190,221,BASE,T0_OFF,primary,False,False,False,66,stop
cd9d62d7ede72bedc2a5872aeb623190,221,BASE,T1_SILENT_CHECK,primary,True,True,True,67,stop
cd9d62d7ede72bedc2a5872aeb623190,221,MASK_SENTINEL,T1_SILENT_CHECK,primary,True,True,True,74,stop
cd9d62d7ede72bedc2a5872aeb623190,221,MASK_SENTINEL,T0_OFF,primary,True,True,True,129,stop
cd9d62d7ede72bedc2a5872aeb623190,221,METADATA_TOKEN_MATCHED_TO_MASK,T0_OFF,primary,True,True,True,63,stop
cd9d62d7ede72bedc2a5872aeb623190,221,METADATA_TOKEN_MATCHED_TO_MASK,T1_SILENT_CHECK,primary,True,True,True,66,stop
e85ea92a035e55327b8363ccf1e43cca,144,BASE,T1_SILENT_CHECK,primary,False,False,True,318,stop
e85ea92a035e55327b8363ccf1e43cca,144,BASE,T0_OFF,primary,False,False,False,340,stop
e85ea92a035e55327b8363ccf1e43cca,144,MASK_SENTINEL,T1_SILENT_CHECK,primary,False,False,True,314,stop
e85ea92a035e55327b8363ccf1e43cca,144,METADATA_TOKEN_MATCHED_TO_MASK,T0_OFF,primary,False,False,False,310,stop
e85ea92a035e55327b8363ccf1e43cca,144,MASK_SENTINEL,T0_OFF,primary,False,False,False,514,stop
e85ea92a035e55327b8363ccf1e43cca,144,METADATA_TOKEN_MATCHED_TO_MASK,T1_SILENT_CHECK,primary,False,False,True,502,stop
e22e0034307cf2302b1a0e57a79e0141,134,BASE,T0_OFF,primary,False,False,False,351,stop
e22e0034307cf2302b1a0e57a79e0141,134,BASE,T1_SILENT_CHECK,primary,False,False,True,299,stop
e22e0034307cf2302b1a0e57a79e0141,134,MASK_SENTINEL,T0_OFF,primary,False,False,False,326,stop
e22e0034307cf2302b1a0e57a79e0141,134,MASK_SENTINEL,T1_SILENT_CHECK,primary,False,False,True,342,stop
e22e0034307cf2302b1a0e57a79e0141,134,METADATA_TOKEN_MATCHED_TO_MASK,T1_SILENT_CHECK,primary,False,False,True,335,stop
e22e0034307cf2302b1a0e57a79e0141,134,METADATA_TOKEN_MATCHED_TO_MASK,T0_OFF,primary,False,False,False,406,stop
88f31b0ad008610f4defcb51ebb8e3d3,239,BASE,T0_OFF,primary,False,False,False,171,stop
88f31b0ad008610f4defcb51ebb8e3d3,239,BASE,T1_SILENT_CHECK,primary,True,True,True,167,stop
88f31b0ad008610f4defcb51ebb8e3d3,239,MASK_SENTINEL,T0_OFF,primary,False,False,False,149,stop
88f31b0ad008610f4defcb51ebb8e3d3,239,METADATA_TOKEN_MATCHED_TO_MASK,T0_OFF,primary,False,False,False,150,stop
88f31b0ad008610f4defcb51ebb8e3d3,239,MASK_SENTINEL,T1_SILENT_CHECK,primary,True,True,True,168,stop
88f31b0ad008610f4defcb51ebb8e3d3,239,METADATA_TOKEN_MATCHED_TO_MASK,T1_SILENT_CHECK,primary,True,True,True,167,stop
a47453c5ec015cb0d5b503af9e5b1a60,271,BASE,T0_OFF,primary,True,True,True,1144,stop
a47453c5ec015cb0d5b503af9e5b1a60,271,MASK_SENTINEL,T0_OFF,primary,True,True,True,1148,stop
a47453c5ec015cb0d5b503af9e5b1a60,271,BASE,T1_SILENT_CHECK,primary,True,True,True,1295,stop
a47453c5ec015cb0d5b503af9e5b1a60,271,METADATA_TOKEN_MATCHED_TO_MASK,T0_OFF,primary,True,True,True,1272,stop
a47453c5ec015cb0d5b503af9e5b1a60,271,MASK_SENTINEL,T1_SILENT_CHECK,primary,True,True,True,1314,stop
a47453c5ec015cb0d5b503af9e5b1a60,271,METADATA_TOKEN_MATCHED_TO_MASK,T1_SILENT_CHECK,primary,True,True,True,1623,stop
4a9049f77d2b1f643ac9fa908423948d,125,BASE,T1_SILENT_CHECK,primary,True,True,True,568,stop
4a9049f77d2b1f643ac9fa908423948d,125,BASE,T0_OFF,primary,False,False,False,720,stop
4a9049f77d2b1f643ac9fa908423948d,125,MASK_SENTINEL,T0_OFF,primary,False,False,False,615,stop
4a9049f77d2b1f643ac9fa908423948d,125,MASK_SENTINEL,T1_SILENT_CHECK,primary,True,True,True,642,stop
4a9049f77d2b1f643ac9fa908423948d,125,METADATA_TOKEN_MATCHED_TO_MASK,T0_OFF,primary,False,False,False,680,stop
4a9049f77d2b1f643ac9fa908423948d,125,METADATA_TOKEN_MATCHED_TO_MASK,T1_SILENT_CHECK,primary,True,True,True,756,stop
3396439755127d2bac7a3a1c8a342d7c,157,BASE,T0_OFF,primary,False,False,False,446,stop
3396439755127d2bac7a3a1c8a342d7c,157,BASE,T1_SILENT_CHECK,primary,True,True,True,433,stop
3396439755127d2bac7a3a1c8a342d7c,157,MASK_SENTINEL,T0_OFF,primary,True,True,True,376,stop
3396439755127d2bac7a3a1c8a342d7c,157,MASK_SENTINEL,T1_SILENT_CHECK,primary,True,True,True,468,stop
3396439755127d2bac7a3a1c8a342d7c,157,METADATA_TOKEN_MATCHED_TO_MASK,T0_OFF,primary,False,False,False,428,stop
3396439755127d2bac7a3a1c8a342d7c,157,METADATA_TOKEN_MATCHED_TO_MASK,T1_SILENT_CHECK,primary,True,True,True,490,stop
e9d2148bf64f6bb0f56eb459ed9051b7,27,BASE,T1_SILENT_CHECK,primary,True,True,True,406,stop
e9d2148bf64f6bb0f56eb459ed9051b7,27,BASE,T0_OFF,primary,True,True,True,444,stop
e9d2148bf64f6bb0f56eb459ed9051b7,27,MASK_SENTINEL,T0_OFF,primary,True,True,True,427,stop
e9d2148bf64f6bb0f56eb459ed9051b7,27,MASK_SENTINEL,T1_SILENT_CHECK,primary,True,True,True,420,stop
e9d2148bf64f6bb0f56eb459ed9051b7,27,METADATA_TOKEN_MATCHED_TO_MASK,T1_SILENT_CHECK,primary,True,True,True,396,stop
e9d2148bf64f6bb0f56eb459ed9051b7,27,METADATA_TOKEN_MATCHED_TO_MASK,T0_OFF,primary,True,True,True,437,stop
2f66bdeb240c2336a6c7abf1b160be34,88,BASE,T0_OFF,primary,False,False,True,430,stop
2f66bdeb240c2336a6c7abf1b160be34,88,BASE,T1_SILENT_CHECK,primary,False,False,True,440,stop
2f66bdeb240c2336a6c7abf1b160be34,88,MASK_SENTINEL,T1_SILENT_CHECK,primary,False,False,True,401,stop
2f66bdeb240c2336a6c7abf1b160be34,88,METADATA_TOKEN_MATCHED_TO_MASK,T0_OFF,primary,False,False,True,355,stop
2f66bdeb240c2336a6c7abf1b160be34,88,MASK_SENTINEL,T0_OFF,primary,False,False,True,466,stop
2f66bdeb240c2336a6c7abf1b160be34,88,METADATA_TOKEN_MATCHED_TO_MASK,T1_SILENT_CHECK,primary,False,False,True,312,stop
46c9dfcf9704a27483fbbabca60eff86,116,BASE,T0_OFF,primary,False,False,False,834,stop
46c9dfcf9704a27483fbbabca60eff86,116,BASE,T1_SILENT_CHECK,primary,True,True,True,774,stop
46c9dfcf9704a27483fbbabca60eff86,116,MASK_SENTINEL,T0_OFF,primary,True,True,True,755,stop
46c9dfcf9704a27483fbbabca60eff86,116,MASK_SENTINEL,T1_SILENT_CHECK,primary,True,True,True,776,stop
46c9dfcf9704a27483fbbabca60eff86,116,METADATA_TOKEN_MATCHED_TO_MASK,T0_OFF,primary,False,False,False,897,stop
46c9dfcf9704a27483fbbabca60eff86,116,METADATA_TOKEN_MATCHED_TO_MASK,T1_SILENT_CHECK,primary,True,True,True,850,stop
cc9650641fad65d657949e75d224543c,240,BASE,T1_SILENT_CHECK,primary,False,False,True,66,stop
cc9650641fad65d657949e75d224543c,240,BASE,T0_OFF,primary,False,False,True,87,stop
cc9650641fad65d657949e75d224543c,240,MASK_SENTINEL,T1_SILENT_CHECK,primary,False,False,True,81,stop
cc9650641fad65d657949e75d224543c,240,MASK_SENTINEL,T0_OFF,primary,False,False,True,122,stop
cc9650641fad65d657949e75d224543c,240,METADATA_TOKEN_MATCHED_TO_MASK,T1_SILENT_CHECK,primary,False,False,True,109,stop
cc9650641fad65d657949e75d224543c,240,METADATA_TOKEN_MATCHED_TO_MASK,T0_OFF,primary,False,False,False,235,stop
6d2f7a57363486e54c25c6fe9c8c1e49,24,BASE,T1_SILENT_CHECK,primary,True,True,True,388,stop
6d2f7a57363486e54c25c6fe9c8c1e49,24,BASE,T0_OFF,primary,True,True,True,420,stop
6d2f7a57363486e54c25c6fe9c8c1e49,24,MASK_SENTINEL,T0_OFF,primary,True,True,True,387,stop
6d2f7a57363486e54c25c6fe9c8c1e49,24,MASK_SENTINEL,T1_SILENT_CHECK,primary,True,True,True,387,stop
6d2f7a57363486e54c25c6fe9c8c1e49,24,METADATA_TOKEN_MATCHED_TO_MASK,T1_SILENT_CHECK,primary,True,True,True,386,stop
6d2f7a57363486e54c25c6fe9c8c1e49,24,METADATA_TOKEN_MATCHED_TO_MASK,T0_OFF,primary,True,True,True,396,stop
3969b5fe43b89a9022e83b2f8100b297,289,BASE,T0_OFF,primary,False,False,True,314,stop
3969b5fe43b89a9022e83b2f8100b297,289,MASK_SENTINEL,T0_OFF,primary,False,False,True,246,stop
3969b5fe43b89a9022e83b2f8100b297,289,BASE,T1_SILENT_CHECK,primary,False,False,True,414,stop
3969b5fe43b89a9022e83b2f8100b297,289,METADATA_TOKEN_MATCHED_TO_MASK,T0_OFF,primary,False,False,True,247,stop
3969b5fe43b89a9022e83b2f8100b297,289,MASK_SENTINEL,T1_SILENT_CHECK,primary,False,False,True,398,stop
3969b5fe43b89a9022e83b2f8100b297,289,MASK_SENTINEL,T0_OFF,integrity_duplicate,False,False,True,246,stop
3969b5fe43b89a9022e83b2f8100b297,289,BASE,T0_OFF,integrity_duplicate,False,False,True,314,stop
3969b5fe43b89a9022e83b2f8100b297,289,METADATA_TOKEN_MATCHED_TO_MASK,T1_SILENT_CHECK,primary,False,False,True,435,stop
3969b5fe43b89a9022e83b2f8100b297,289,METADATA_TOKEN_MATCHED_TO_MASK,T0_OFF,integrity_duplicate,False,False,True,247,stop
3969b5fe43b89a9022e83b2f8100b297,289,MASK_SENTINEL,T1_SILENT_CHECK,integrity_duplicate,False,False,True,398,stop
3969b5fe43b89a9022e83b2f8100b297,289,BASE,T1_SILENT_CHECK,integrity_duplicate,False,False,True,414,stop
3969b5fe43b89a9022e83b2f8100b297,289,METADATA_TOKEN_MATCHED_TO_MASK,T1_SILENT_CHECK,integrity_duplicate,False,False,True,435,stop
977f51ef65a1c3f47440bf41892c292a,266,BASE,T0_OFF,primary,False,False,False,364,stop
977f51ef65a1c3f47440bf41892c292a,266,BASE,T1_SILENT_CHECK,primary,True,True,True,357,stop
977f51ef65a1c3f47440bf41892c292a,266,MASK_SENTINEL,T0_OFF,primary,True,True,True,379,stop
977f51ef65a1c3f47440bf41892c292a,266,MASK_SENTINEL,T1_SILENT_CHECK,primary,True,True,True,369,stop
977f51ef65a1c3f47440bf41892c292a,266,METADATA_TOKEN_MATCHED_TO_MASK,T0_OFF,primary,False,False,False,379,stop
977f51ef65a1c3f47440bf41892c292a,266,METADATA_TOKEN_MATCHED_TO_MASK,T1_SILENT_CHECK,primary,True,True,True,364,stop
977f51ef65a1c3f47440bf41892c292a,266,BASE,T0_OFF,integrity_duplicate,False,False,False,364,stop
977f51ef65a1c3f47440bf41892c292a,266,BASE,T1_SILENT_CHECK,integrity_duplicate,True,True,True,357,stop
977f51ef65a1c3f47440bf41892c292a,266,MASK_SENTINEL,T0_OFF,integrity_duplicate,True,True,True,379,stop
977f51ef65a1c3f47440bf41892c292a,266,MASK_SENTINEL,T1_SILENT_CHECK,integrity_duplicate,True,True,True,369,stop
977f51ef65a1c3f47440bf41892c292a,266,METADATA_TOKEN_MATCHED_TO_MASK,T0_OFF,integrity_duplicate,False,False,False,379,stop
977f51ef65a1c3f47440bf41892c292a,266,METADATA_TOKEN_MATCHED_TO_MASK,T1_SILENT_CHECK,integrity_duplicate,True,True,True,364,stop
866f375e8c58b9998d395cbc00aa4732,137,BASE,T0_OFF,primary,False,False,False,246,stop
866f375e8c58b9998d395cbc00aa4732,137,BASE,T1_SILENT_CHECK,primary,False,False,True,258,stop
866f375e8c58b9998d395cbc00aa4732,137,MASK_SENTINEL,T0_OFF,primary,False,False,True,212,stop
866f375e8c58b9998d395cbc00aa4732,137,METADATA_TOKEN_MATCHED_TO_MASK,T0_OFF,primary,False,False,False,216,stop
866f375e8c58b9998d395cbc00aa4732,137,MASK_SENTINEL,T1_SILENT_CHECK,primary,False,False,True,225,stop
866f375e8c58b9998d395cbc00aa4732,137,METADATA_TOKEN_MATCHED_TO_MASK,T1_SILENT_CHECK,primary,False,False,True,223,stop
c900fc18fab5d815c839e12d7f2cacde,57,MASK_SENTINEL,T1_SILENT_CHECK,primary,True,True,True,405,stop
c900fc18fab5d815c839e12d7f2cacde,57,BASE,T0_OFF,primary,False,True,True,622,stop
c900fc18fab5d815c839e12d7f2cacde,57,BASE,T1_SILENT_CHECK,primary,True,True,True,635,stop
c900fc18fab5d815c839e12d7f2cacde,57,METADATA_TOKEN_MATCHED_TO_MASK,T0_OFF,primary,False,True,True,631,stop
c900fc18fab5d815c839e12d7f2cacde,57,METADATA_TOKEN_MATCHED_TO_MASK,T1_SILENT_CHECK,primary,True,True,True,618,stop
c900fc18fab5d815c839e12d7f2cacde,57,MASK_SENTINEL,T0_OFF,primary,False,False,False,819,stop
f77c8907a00076cdbf1030d9f85a759b,91,BASE,T0_OFF,primary,True,True,True,328,stop
f77c8907a00076cdbf1030d9f85a759b,91,BASE,T1_SILENT_CHECK,primary,True,True,True,302,stop
f77c8907a00076cdbf1030d9f85a759b,91,MASK_SENTINEL,T0_OFF,primary,True,True,True,297,stop
f77c8907a00076cdbf1030d9f85a759b,91,MASK_SENTINEL,T1_SILENT_CHECK,primary,True,True,True,311,stop
f77c8907a00076cdbf1030d9f85a759b,91,METADATA_TOKEN_MATCHED_TO_MASK,T0_OFF,primary,True,True,True,293,stop
f77c8907a00076cdbf1030d9f85a759b,91,METADATA_TOKEN_MATCHED_TO_MASK,T1_SILENT_CHECK,primary,True,True,True,286,stop
0a3ab4cc4da12f8ff766e77398014da5,253,BASE,T0_OFF,primary,False,False,False,148,stop
0a3ab4cc4da12f8ff766e77398014da5,253,BASE,T1_SILENT_CHECK,primary,True,True,True,155,stop
0a3ab4cc4da12f8ff766e77398014da5,253,MASK_SENTINEL,T1_SILENT_CHECK,primary,True,True,True,159,stop
0a3ab4cc4da12f8ff766e77398014da5,253,METADATA_TOKEN_MATCHED_TO_MASK,T0_OFF,primary,False,False,False,163,stop
0a3ab4cc4da12f8ff766e77398014da5,253,METADATA_TOKEN_MATCHED_TO_MASK,T1_SILENT_CHECK,primary,True,True,True,185,stop
0a3ab4cc4da12f8ff766e77398014da5,253,MASK_SENTINEL,T0_OFF,primary,True,True,True,233,stop
f9696633632de164fd264823993c1e11,117,BASE,T1_SILENT_CHECK,primary,True,True,True,796,stop
f9696633632de164fd264823993c1e11,117,BASE,T0_OFF,primary,True,True,True,927,stop
f9696633632de164fd264823993c1e11,117,MASK_SENTINEL,T0_OFF,primary,True,True,True,849,stop
f9696633632de164fd264823993c1e11,117,MASK_SENTINEL,T1_SILENT_CHECK,primary,True,True,True,824,stop
f9696633632de164fd264823993c1e11,117,METADATA_TOKEN_MATCHED_TO_MASK,T0_OFF,primary,True,True,True,829,stop
f9696633632de164fd264823993c1e11,117,METADATA_TOKEN_MATCHED_TO_MASK,T1_SILENT_CHECK,primary,True,True,True,1106,stop
f9696633632de164fd264823993c1e11,117,BASE,T0_OFF,integrity_duplicate,True,True,True,927,stop
f9696633632de164fd264823993c1e11,117,BASE,T1_SILENT_CHECK,integrity_duplicate,True,True,True,796,stop
f9696633632de164fd264823993c1e11,117,MASK_SENTINEL,T0_OFF,integrity_duplicate,True,True,True,849,stop
f9696633632de164fd264823993c1e11,117,MASK_SENTINEL,T1_SILENT_CHECK,integrity_duplicate,True,True,True,824,stop
f9696633632de164fd264823993c1e11,117,METADATA_TOKEN_MATCHED_TO_MASK,T0_OFF,integrity_duplicate,True,True,True,829,stop
f9696633632de164fd264823993c1e11,117,METADATA_TOKEN_MATCHED_TO_MASK,T1_SILENT_CHECK,integrity_duplicate,True,True,True,1106,stop
c114ad64c85813b037fdcbcf6b9c84e2,61,BASE,T0_OFF,primary,False,False,False,657,stop
c114ad64c85813b037fdcbcf6b9c84e2,61,BASE,T1_SILENT_CHECK,primary,True,True,True,791,stop
c114ad64c85813b037fdcbcf6b9c84e2,61,MASK_SENTINEL,T0_OFF,primary,False,False,False,674,stop
c114ad64c85813b037fdcbcf6b9c84e2,61,BASE,T0_OFF,integrity_duplicate,False,False,False,657,stop
c114ad64c85813b037fdcbcf6b9c84e2,61,METADATA_TOKEN_MATCHED_TO_MASK,T0_OFF,primary,False,False,False,706,stop
c114ad64c85813b037fdcbcf6b9c84e2,61,METADATA_TOKEN_MATCHED_TO_MASK,T1_SILENT_CHECK,primary,True,True,True,702,stop
c114ad64c85813b037fdcbcf6b9c84e2,61,MASK_SENTINEL,T0_OFF,integrity_duplicate,False,False,False,674,stop
c114ad64c85813b037fdcbcf6b9c84e2,61,BASE,T1_SILENT_CHECK,integrity_duplicate,True,True,True,791,stop
c114ad64c85813b037fdcbcf6b9c84e2,61,METADATA_TOKEN_MATCHED_TO_MASK,T0_OFF,integrity_duplicate,False,False,False,706,stop
c114ad64c85813b037fdcbcf6b9c84e2,61,METADATA_TOKEN_MATCHED_TO_MASK,T1_SILENT_CHECK,integrity_duplicate,True,True,True,702,stop
c114ad64c85813b037fdcbcf6b9c84e2,61,MASK_SENTINEL,T1_SILENT_CHECK,primary,True,True,True,1784,stop
c114ad64c85813b037fdcbcf6b9c84e2,61,MASK_SENTINEL,T1_SILENT_CHECK,integrity_duplicate,True,True,True,1784,stop
a57035abeb8382ebfd0032c69c665e8b,196,BASE,T1_SILENT_CHECK,primary,True,True,True,845,stop
a57035abeb8382ebfd0032c69c665e8b,196,MASK_SENTINEL,T0_OFF,primary,True,True,True,852,stop
a57035abeb8382ebfd0032c69c665e8b,196,BASE,T0_OFF,primary,True,True,True,962,stop
a57035abeb8382ebfd0032c69c665e8b,196,MASK_SENTINEL,T1_SILENT_CHECK,primary,True,True,True,881,stop
a57035abeb8382ebfd0032c69c665e8b,196,METADATA_TOKEN_MATCHED_TO_MASK,T0_OFF,primary,True,True,True,861,stop
a57035abeb8382ebfd0032c69c665e8b,196,METADATA_TOKEN_MATCHED_TO_MASK,T1_SILENT_CHECK,primary,True,True,True,852,stop
e34b1c3cb9b570ad41471cdda95cf9c1,177,BASE,T0_OFF,primary,True,True,True,437,stop
e34b1c3cb9b570ad41471cdda95cf9c1,177,MASK_SENTINEL,T0_OFF,primary,False,False,True,515,stop
e34b1c3cb9b570ad41471cdda95cf9c1,177,BASE,T1_SILENT_CHECK,primary,True,True,True,628,stop
e34b1c3cb9b570ad41471cdda95cf9c1,177,MASK_SENTINEL,T1_SILENT_CHECK,primary,False,False,True,505,stop
e34b1c3cb9b570ad41471cdda95cf9c1,177,METADATA_TOKEN_MATCHED_TO_MASK,T0_OFF,primary,True,True,True,498,stop
e34b1c3cb9b570ad41471cdda95cf9c1,177,BASE,T0_OFF,integrity_duplicate,True,True,True,437,stop
e34b1c3cb9b570ad41471cdda95cf9c1,177,METADATA_TOKEN_MATCHED_TO_MASK,T1_SILENT_CHECK,primary,True,True,True,523,stop
e34b1c3cb9b570ad41471cdda95cf9c1,177,MASK_SENTINEL,T0_OFF,integrity_duplicate,False,False,True,515,stop
e34b1c3cb9b570ad41471cdda95cf9c1,177,MASK_SENTINEL,T1_SILENT_CHECK,integrity_duplicate,False,False,True,505,stop
e34b1c3cb9b570ad41471cdda95cf9c1,177,METADATA_TOKEN_MATCHED_TO_MASK,T0_OFF,integrity_duplicate,True,True,True,498,stop
e34b1c3cb9b570ad41471cdda95cf9c1,177,BASE,T1_SILENT_CHECK,integrity_duplicate,True,True,True,628,stop
e34b1c3cb9b570ad41471cdda95cf9c1,177,METADATA_TOKEN_MATCHED_TO_MASK,T1_SILENT_CHECK,integrity_duplicate,True,True,True,523,stop
31030cbc3234803cacf739a60493b045,293,BASE,T1_SILENT_CHECK,primary,False,False,True,457,stop
31030cbc3234803cacf739a60493b045,293,BASE,T0_OFF,primary,False,False,False,474,stop
31030cbc3234803cacf739a60493b045,293,MASK_SENTINEL,T0_OFF,primary,False,False,True,450,stop
31030cbc3234803cacf739a60493b045,293,MASK_SENTINEL,T1_SILENT_CHECK,primary,False,False,True,427,stop
31030cbc3234803cacf739a60493b045,293,METADATA_TOKEN_MATCHED_TO_MASK,T0_OFF,primary,False,False,False,500,stop
31030cbc3234803cacf739a60493b045,293,METADATA_TOKEN_MATCHED_TO_MASK,T1_SILENT_CHECK,primary,False,False,True,502,stop
f43ba25e5ae6b6dfae1380e10f391856,258,BASE,T0_OFF,primary,True,True,True,232,stop
f43ba25e5ae6b6dfae1380e10f391856,258,BASE,T1_SILENT_CHECK,primary,True,True,True,207,stop
f43ba25e5ae6b6dfae1380e10f391856,258,MASK_SENTINEL,T0_OFF,primary,True,True,True,207,stop
f43ba25e5ae6b6dfae1380e10f391856,258,MASK_SENTINEL,T1_SILENT_CHECK,primary,True,True,True,207,stop
f43ba25e5ae6b6dfae1380e10f391856,258,METADATA_TOKEN_MATCHED_TO_MASK,T0_OFF,primary,True,True,True,202,stop
f43ba25e5ae6b6dfae1380e10f391856,258,METADATA_TOKEN_MATCHED_TO_MASK,T1_SILENT_CHECK,primary,True,True,True,207,stop
5b80fb62900eea983d4b620bf9d03583,295,BASE,T0_OFF,primary,True,True,True,199,stop
5b80fb62900eea983d4b620bf9d03583,295,MASK_SENTINEL,T1_SILENT_CHECK,primary,True,True,True,189,stop
5b80fb62900eea983d4b620bf9d03583,295,BASE,T1_SILENT_CHECK,primary,True,True,True,243,stop
5b80fb62900eea983d4b620bf9d03583,295,MASK_SENTINEL,T0_OFF,primary,True,True,True,200,stop
5b80fb62900eea983d4b620bf9d03583,295,METADATA_TOKEN_MATCHED_TO_MASK,T0_OFF,primary,True,True,True,197,stop
5b80fb62900eea983d4b620bf9d03583,295,METADATA_TOKEN_MATCHED_TO_MASK,T1_SILENT_CHECK,primary,True,True,True,194,stop
5b80fb62900eea983d4b620bf9d03583,295,BASE,T0_OFF,integrity_duplicate,True,True,True,199,stop
5b80fb62900eea983d4b620bf9d03583,295,MASK_SENTINEL,T1_SILENT_CHECK,integrity_duplicate,True,True,True,189,stop
5b80fb62900eea983d4b620bf9d03583,295,MASK_SENTINEL,T0_OFF,integrity_duplicate,True,True,True,200,stop
5b80fb62900eea983d4b620bf9d03583,295,METADATA_TOKEN_MATCHED_TO_MASK,T0_OFF,integrity_duplicate,True,True,True,197,stop
5b80fb62900eea983d4b620bf9d03583,295,BASE,T1_SILENT_CHECK,integrity_duplicate,True,True,True,243,stop
5b80fb62900eea983d4b620bf9d03583,295,METADATA_TOKEN_MATCHED_TO_MASK,T1_SILENT_CHECK,integrity_duplicate,True,True,True,194,stop
763e9a70edaefc9f196dbaf7a662d004,152,BASE,T1_SILENT_CHECK,primary,True,True,True,96,stop
763e9a70edaefc9f196dbaf7a662d004,152,BASE,T0_OFF,primary,False,False,False,165,stop
763e9a70edaefc9f196dbaf7a662d004,152,MASK_SENTINEL,T1_SILENT_CHECK,primary,True,True,True,94,stop
763e9a70edaefc9f196dbaf7a662d004,152,METADATA_TOKEN_MATCHED_TO_MASK,T1_SILENT_CHECK,primary,True,True,True,106,stop
763e9a70edaefc9f196dbaf7a662d004,152,MASK_SENTINEL,T0_OFF,primary,True,True,True,163,stop
763e9a70edaefc9f196dbaf7a662d004,152,METADATA_TOKEN_MATCHED_TO_MASK,T0_OFF,primary,True,True,True,164,stop
79172f023bf995163fe5a9864d2a9f63,190,BASE,T1_SILENT_CHECK,primary,False,False,True,434,stop
79172f023bf995163fe5a9864d2a9f63,190,BASE,T0_OFF,primary,False,False,False,468,stop
79172f023bf995163fe5a9864d2a9f63,190,MASK_SENTINEL,T0_OFF,primary,False,False,True,414,stop
79172f023bf995163fe5a9864d2a9f63,190,MASK_SENTINEL,T1_SILENT_CHECK,primary,False,False,True,392,stop
79172f023bf995163fe5a9864d2a9f63,190,METADATA_TOKEN_MATCHED_TO_MASK,T1_SILENT_CHECK,primary,False,False,True,388,stop
79172f023bf995163fe5a9864d2a9f63,190,METADATA_TOKEN_MATCHED_TO_MASK,T0_OFF,primary,False,False,False,426,stop
79172f023bf995163fe5a9864d2a9f63,190,BASE,T1_SILENT_CHECK,integrity_duplicate,False,False,True,434,stop
79172f023bf995163fe5a9864d2a9f63,190,BASE,T0_OFF,integrity_duplicate,False,False,False,468,stop
79172f023bf995163fe5a9864d2a9f63,190,MASK_SENTINEL,T0_OFF,integrity_duplicate,False,False,True,414,stop
79172f023bf995163fe5a9864d2a9f63,190,MASK_SENTINEL,T1_SILENT_CHECK,integrity_duplicate,False,False,True,392,stop
79172f023bf995163fe5a9864d2a9f63,190,METADATA_TOKEN_MATCHED_TO_MASK,T1_SILENT_CHECK,integrity_duplicate,False,False,True,388,stop
79172f023bf995163fe5a9864d2a9f63,190,METADATA_TOKEN_MATCHED_TO_MASK,T0_OFF,integrity_duplicate,False,False,False,426,stop
c36dbfd51702766c2821e65f28b8536e,229,BASE,T0_OFF,primary,True,True,True,161,stop
c36dbfd51702766c2821e65f28b8536e,229,MASK_SENTINEL,T0_OFF,primary,True,True,True,135,stop
c36dbfd51702766c2821e65f28b8536e,229,BASE,T1_SILENT_CHECK,primary,True,True,True,168,stop
c36dbfd51702766c2821e65f28b8536e,229,MASK_SENTINEL,T1_SILENT_CHECK,primary,True,True,True,133,stop
c36dbfd51702766c2821e65f28b8536e,229,METADATA_TOKEN_MATCHED_TO_MASK,T0_OFF,primary,True,True,True,127,stop
c36dbfd51702766c2821e65f28b8536e,229,METADATA_TOKEN_MATCHED_TO_MASK,T1_SILENT_CHECK,primary,True,True,True,179,stop
536287a53760d6c929ac2c48dcbb5ebb,173,MASK_SENTINEL,T1_SILENT_CHECK,primary,False,False,True,244,stop
536287a53760d6c929ac2c48dcbb5ebb,173,BASE,T0_OFF,primary,False,False,False,370,stop
536287a53760d6c929ac2c48dcbb5ebb,173,BASE,T1_SILENT_CHECK,primary,False,False,True,371,stop
536287a53760d6c929ac2c48dcbb5ebb,173,METADATA_TOKEN_MATCHED_TO_MASK,T0_OFF,primary,False,False,False,374,stop
536287a53760d6c929ac2c48dcbb5ebb,173,METADATA_TOKEN_MATCHED_TO_MASK,T1_SILENT_CHECK,primary,False,False,True,374,stop
536287a53760d6c929ac2c48dcbb5ebb,173,MASK_SENTINEL,T0_OFF,primary,False,False,False,539,stop
979811cbc8ed8a330d6af685beef7978,126,METADATA_TOKEN_MATCHED_TO_MASK,T0_OFF,primary,True,True,True,1161,stop
979811cbc8ed8a330d6af685beef7978,126,METADATA_TOKEN_MATCHED_TO_MASK,T1_SILENT_CHECK,primary,False,False,True,1103,stop
979811cbc8ed8a330d6af685beef7978,126,MASK_SENTINEL,T0_OFF,primary,False,False,True,1380,stop
979811cbc8ed8a330d6af685beef7978,126,BASE,T1_SILENT_CHECK,primary,False,False,True,1541,stop
979811cbc8ed8a330d6af685beef7978,126,MASK_SENTINEL,T1_SILENT_CHECK,primary,False,False,True,1602,stop
979811cbc8ed8a330d6af685beef7978,126,BASE,T0_OFF,primary,False,False,False,8192,length
c5deb951bd03a129da02e9b3661585e2,252,BASE,T0_OFF,primary,False,False,True,159,stop
c5deb951bd03a129da02e9b3661585e2,252,BASE,T1_SILENT_CHECK,primary,False,False,True,154,stop
c5deb951bd03a129da02e9b3661585e2,252,MASK_SENTINEL,T0_OFF,primary,False,False,True,139,stop
c5deb951bd03a129da02e9b3661585e2,252,MASK_SENTINEL,T1_SILENT_CHECK,primary,False,False,True,146,stop
c5deb951bd03a129da02e9b3661585e2,252,METADATA_TOKEN_MATCHED_TO_MASK,T0_OFF,primary,False,False,True,137,stop
c5deb951bd03a129da02e9b3661585e2,252,METADATA_TOKEN_MATCHED_TO_MASK,T1_SILENT_CHECK,primary,False,False,True,146,stop
fa85f08344742fbe406410417273fc4c,216,BASE,T0_OFF,primary,True,True,True,176,stop
fa85f08344742fbe406410417273fc4c,216,MASK_SENTINEL,T0_OFF,primary,True,True,True,117,stop
fa85f08344742fbe406410417273fc4c,216,MASK_SENTINEL,T1_SILENT_CHECK,primary,True,True,True,109,stop
fa85f08344742fbe406410417273fc4c,216,BASE,T1_SILENT_CHECK,primary,True,True,True,132,stop
fa85f08344742fbe406410417273fc4c,216,METADATA_TOKEN_MATCHED_TO_MASK,T0_OFF,primary,True,True,True,165,stop
fa85f08344742fbe406410417273fc4c,216,METADATA_TOKEN_MATCHED_TO_MASK,T1_SILENT_CHECK,primary,True,True,True,178,stop
2a75175352e062d8bcd0b692b64c184a,150,BASE,T0_OFF,primary,False,False,False,298,stop
2a75175352e062d8bcd0b692b64c184a,150,BASE,T1_SILENT_CHECK,primary,True,True,True,272,stop
2a75175352e062d8bcd0b692b64c184a,150,MASK_SENTINEL,T0_OFF,primary,True,True,True,292,stop
2a75175352e062d8bcd0b692b64c184a,150,METADATA_TOKEN_MATCHED_TO_MASK,T1_SILENT_CHECK,primary,True,True,True,271,stop
2a75175352e062d8bcd0b692b64c184a,150,METADATA_TOKEN_MATCHED_TO_MASK,T0_OFF,primary,False,False,False,282,stop
2a75175352e062d8bcd0b692b64c184a,150,MASK_SENTINEL,T1_SILENT_CHECK,primary,True,True,True,372,stop
56bb61905e48393ffcd1086875809095,0,METADATA_TOKEN_MATCHED_TO_MASK,T0_OFF,primary,False,False,True,287,stop
56bb61905e48393ffcd1086875809095,0,MASK_SENTINEL,T0_OFF,primary,False,False,False,353,stop
56bb61905e48393ffcd1086875809095,0,MASK_SENTINEL,T1_SILENT_CHECK,primary,True,True,True,377,stop
56bb61905e48393ffcd1086875809095,0,BASE,T1_SILENT_CHECK,primary,True,True,True,387,stop
56bb61905e48393ffcd1086875809095,0,BASE,T0_OFF,primary,False,False,False,395,stop
56bb61905e48393ffcd1086875809095,0,METADATA_TOKEN_MATCHED_TO_MASK,T1_SILENT_CHECK,primary,True,True,True,401,stop
cbd5c80b2203f93a89bc0d915cc6a470,58,BASE,T0_OFF,primary,True,True,True,798,stop
cbd5c80b2203f93a89bc0d915cc6a470,58,MASK_SENTINEL,T0_OFF,primary,True,True,True,776,stop
cbd5c80b2203f93a89bc0d915cc6a470,58,MASK_SENTINEL,T1_SILENT_CHECK,primary,True,True,True,764,stop
cbd5c80b2203f93a89bc0d915cc6a470,58,METADATA_TOKEN_MATCHED_TO_MASK,T0_OFF,primary,True,True,True,793,stop
cbd5c80b2203f93a89bc0d915cc6a470,58,BASE,T1_SILENT_CHECK,primary,True,True,True,1030,stop
cbd5c80b2203f93a89bc0d915cc6a470,58,METADATA_TOKEN_MATCHED_TO_MASK,T1_SILENT_CHECK,primary,True,True,True,838,stop
e20faca3cece203d2529bff9b853ac2c,33,BASE,T0_OFF,primary,True,True,True,454,stop
e20faca3cece203d2529bff9b853ac2c,33,MASK_SENTINEL,T1_SILENT_CHECK,primary,True,True,True,424,stop
e20faca3cece203d2529bff9b853ac2c,33,MASK_SENTINEL,T0_OFF,primary,True,True,True,455,stop
e20faca3cece203d2529bff9b853ac2c,33,METADATA_TOKEN_MATCHED_TO_MASK,T0_OFF,primary,True,True,True,453,stop
e20faca3cece203d2529bff9b853ac2c,33,BASE,T1_SILENT_CHECK,primary,True,True,True,536,stop
e20faca3cece203d2529bff9b853ac2c,33,METADATA_TOKEN_MATCHED_TO_MASK,T1_SILENT_CHECK,primary,True,True,True,448,stop
e20faca3cece203d2529bff9b853ac2c,33,BASE,T0_OFF,integrity_duplicate,True,True,True,454,stop
e20faca3cece203d2529bff9b853ac2c,33,MASK_SENTINEL,T1_SILENT_CHECK,integrity_duplicate,True,True,True,424,stop
e20faca3cece203d2529bff9b853ac2c,33,MASK_SENTINEL,T0_OFF,integrity_duplicate,True,True,True,455,stop
e20faca3cece203d2529bff9b853ac2c,33,BASE,T1_SILENT_CHECK,integrity_duplicate,True,True,True,536,stop
e20faca3cece203d2529bff9b853ac2c,33,METADATA_TOKEN_MATCHED_TO_MASK,T0_OFF,integrity_duplicate,True,True,True,453,stop
e20faca3cece203d2529bff9b853ac2c,33,METADATA_TOKEN_MATCHED_TO_MASK,T1_SILENT_CHECK,integrity_duplicate,True,True,True,448,stop
e8045e74e56ad2dc5ec313fe5d5f1d98,275,BASE,T0_OFF,primary,True,True,True,651,stop
e8045e74e56ad2dc5ec313fe5d5f1d98,275,BASE,T1_SILENT_CHECK,primary,True,True,True,575,stop
e8045e74e56ad2dc5ec313fe5d5f1d98,275,MASK_SENTINEL,T1_SILENT_CHECK,primary,True,True,True,591,stop
e8045e74e56ad2dc5ec313fe5d5f1d98,275,MASK_SENTINEL,T0_OFF,primary,True,True,True,622,stop
e8045e74e56ad2dc5ec313fe5d5f1d98,275,METADATA_TOKEN_MATCHED_TO_MASK,T0_OFF,primary,True,True,True,631,stop
e8045e74e56ad2dc5ec313fe5d5f1d98,275,METADATA_TOKEN_MATCHED_TO_MASK,T1_SILENT_CHECK,primary,True,True,True,601,stop
41c2b6e906e95674db4c8a9f8ba1b3d1,214,BASE,T0_OFF,primary,True,True,True,509,stop
41c2b6e906e95674db4c8a9f8ba1b3d1,214,BASE,T1_SILENT_CHECK,primary,True,True,True,494,stop
41c2b6e906e95674db4c8a9f8ba1b3d1,214,MASK_SENTINEL,T0_OFF,primary,True,True,True,494,stop
41c2b6e906e95674db4c8a9f8ba1b3d1,214,MASK_SENTINEL,T1_SILENT_CHECK,primary,True,True,True,493,stop
41c2b6e906e95674db4c8a9f8ba1b3d1,214,METADATA_TOKEN_MATCHED_TO_MASK,T0_OFF,primary,True,True,True,494,stop
41c2b6e906e95674db4c8a9f8ba1b3d1,214,METADATA_TOKEN_MATCHED_TO_MASK,T1_SILENT_CHECK,primary,True,True,True,494,stop
e53f3846169cea7eb3c3c7857a362101,17,BASE,T1_SILENT_CHECK,primary,True,True,True,309,stop
e53f3846169cea7eb3c3c7857a362101,17,BASE,T0_OFF,primary,False,True,True,336,stop
e53f3846169cea7eb3c3c7857a362101,17,MASK_SENTINEL,T0_OFF,primary,True,True,True,279,stop
e53f3846169cea7eb3c3c7857a362101,17,MASK_SENTINEL,T1_SILENT_CHECK,primary,True,True,True,275,stop
e53f3846169cea7eb3c3c7857a362101,17,METADATA_TOKEN_MATCHED_TO_MASK,T1_SILENT_CHECK,primary,True,True,True,296,stop
e53f3846169cea7eb3c3c7857a362101,17,METADATA_TOKEN_MATCHED_TO_MASK,T0_OFF,primary,True,True,True,305,stop
fa0108fc0638bb30bb15aab98d9813e1,67,BASE,T0_OFF,primary,True,True,True,247,stop
fa0108fc0638bb30bb15aab98d9813e1,67,BASE,T1_SILENT_CHECK,primary,True,True,True,235,stop
fa0108fc0638bb30bb15aab98d9813e1,67,MASK_SENTINEL,T0_OFF,primary,True,True,True,348,stop
fa0108fc0638bb30bb15aab98d9813e1,67,METADATA_TOKEN_MATCHED_TO_MASK,T1_SILENT_CHECK,primary,True,True,True,226,stop
fa0108fc0638bb30bb15aab98d9813e1,67,METADATA_TOKEN_MATCHED_TO_MASK,T0_OFF,primary,True,True,True,347,stop
fa0108fc0638bb30bb15aab98d9813e1,67,BASE,T0_OFF,integrity_duplicate,True,True,True,247,stop
fa0108fc0638bb30bb15aab98d9813e1,67,MASK_SENTINEL,T1_SILENT_CHECK,primary,True,True,True,391,stop
fa0108fc0638bb30bb15aab98d9813e1,67,BASE,T1_SILENT_CHECK,integrity_duplicate,True,True,True,235,stop
fa0108fc0638bb30bb15aab98d9813e1,67,METADATA_TOKEN_MATCHED_TO_MASK,T1_SILENT_CHECK,integrity_duplicate,True,True,True,226,stop
fa0108fc0638bb30bb15aab98d9813e1,67,MASK_SENTINEL,T0_OFF,integrity_duplicate,True,True,True,348,stop
fa0108fc0638bb30bb15aab98d9813e1,67,METADATA_TOKEN_MATCHED_TO_MASK,T0_OFF,integrity_duplicate,True,True,True,347,stop
fa0108fc0638bb30bb15aab98d9813e1,67,MASK_SENTINEL,T1_SILENT_CHECK,integrity_duplicate,True,True,True,391,stop
e17e5d916ca60b5301be54c79875d762,269,BASE,T0_OFF,primary,False,False,False,211,stop
e17e5d916ca60b5301be54c79875d762,269,BASE,T1_SILENT_CHECK,primary,True,True,True,212,stop
e17e5d916ca60b5301be54c79875d762,269,MASK_SENTINEL,T0_OFF,primary,True,True,True,189,stop
e17e5d916ca60b5301be54c79875d762,269,METADATA_TOKEN_MATCHED_TO_MASK,T0_OFF,primary,True,True,True,142,stop
e17e5d916ca60b5301be54c79875d762,269,MASK_SENTINEL,T1_SILENT_CHECK,primary,True,True,True,198,stop
e17e5d916ca60b5301be54c79875d762,269,METADATA_TOKEN_MATCHED_TO_MASK,T1_SILENT_CHECK,primary,True,True,True,204,stop
9b7f5b7cbf0d3cc63bec2284bed66997,89,BASE,T1_SILENT_CHECK,primary,False,False,True,328,stop
9b7f5b7cbf0d3cc63bec2284bed66997,89,MASK_SENTINEL,T0_OFF,primary,True,True,True,493,stop
9b7f5b7cbf0d3cc63bec2284bed66997,89,BASE,T0_OFF,primary,True,True,True,742,stop
9b7f5b7cbf0d3cc63bec2284bed66997,89,METADATA_TOKEN_MATCHED_TO_MASK,T0_OFF,primary,False,False,True,690,stop
9b7f5b7cbf0d3cc63bec2284bed66997,89,METADATA_TOKEN_MATCHED_TO_MASK,T1_SILENT_CHECK,primary,False,False,True,715,stop
9b7f5b7cbf0d3cc63bec2284bed66997,89,MASK_SENTINEL,T1_SILENT_CHECK,primary,False,False,True,1161,stop
dc03e4bcdf39809486f08fba95855618,277,BASE,T1_SILENT_CHECK,primary,True,True,True,524,stop
dc03e4bcdf39809486f08fba95855618,277,BASE,T0_OFF,primary,False,False,False,584,stop
dc03e4bcdf39809486f08fba95855618,277,MASK_SENTINEL,T0_OFF,primary,False,False,True,555,stop
dc03e4bcdf39809486f08fba95855618,277,MASK_SENTINEL,T1_SILENT_CHECK,primary,True,True,True,521,stop
dc03e4bcdf39809486f08fba95855618,277,METADATA_TOKEN_MATCHED_TO_MASK,T0_OFF,primary,False,False,False,473,stop
dc03e4bcdf39809486f08fba95855618,277,METADATA_TOKEN_MATCHED_TO_MASK,T1_SILENT_CHECK,primary,True,True,True,484,stop
b1fcfe452dc379fdbb9f97b84c117900,211,BASE,T0_OFF,primary,True,True,True,258,stop
b1fcfe452dc379fdbb9f97b84c117900,211,MASK_SENTINEL,T0_OFF,primary,True,True,True,202,stop
b1fcfe452dc379fdbb9f97b84c117900,211,BASE,T1_SILENT_CHECK,primary,True,True,True,240,stop
b1fcfe452dc379fdbb9f97b84c117900,211,MASK_SENTINEL,T1_SILENT_CHECK,primary,True,True,True,203,stop
b1fcfe452dc379fdbb9f97b84c117900,211,METADATA_TOKEN_MATCHED_TO_MASK,T0_OFF,primary,True,True,True,198,stop
b1fcfe452dc379fdbb9f97b84c117900,211,METADATA_TOKEN_MATCHED_TO_MASK,T1_SILENT_CHECK,primary,True,True,True,203,stop
93994b7f87968356af0647120ff7bca5,204,BASE,T1_SILENT_CHECK,primary,True,True,True,1268,stop
93994b7f87968356af0647120ff7bca5,204,MASK_SENTINEL,T1_SILENT_CHECK,primary,False,False,True,1299,stop
93994b7f87968356af0647120ff7bca5,204,BASE,T0_OFF,primary,False,False,False,1515,stop
93994b7f87968356af0647120ff7bca5,204,MASK_SENTINEL,T0_OFF,primary,False,False,False,1857,stop
93994b7f87968356af0647120ff7bca5,204,METADATA_TOKEN_MATCHED_TO_MASK,T0_OFF,primary,True,True,True,3396,stop
93994b7f87968356af0647120ff7bca5,204,METADATA_TOKEN_MATCHED_TO_MASK,T1_SILENT_CHECK,primary,False,False,False,8192,length
88c8c8ef6b6caaef583481ea2cd9e902,102,BASE,T0_OFF,primary,False,False,False,217,stop
88c8c8ef6b6caaef583481ea2cd9e902,102,MASK_SENTINEL,T0_OFF,primary,True,True,True,222,stop
88c8c8ef6b6caaef583481ea2cd9e902,102,METADATA_TOKEN_MATCHED_TO_MASK,T1_SILENT_CHECK,primary,True,True,True,147,stop
88c8c8ef6b6caaef583481ea2cd9e902,102,BASE,T1_SILENT_CHECK,primary,True,True,True,307,stop
88c8c8ef6b6caaef583481ea2cd9e902,102,METADATA_TOKEN_MATCHED_TO_MASK,T0_OFF,primary,False,True,True,273,stop
88c8c8ef6b6caaef583481ea2cd9e902,102,MASK_SENTINEL,T1_SILENT_CHECK,primary,True,True,True,309,stop
88c8c8ef6b6caaef583481ea2cd9e902,102,BASE,T0_OFF,integrity_duplicate,False,False,False,217,stop
88c8c8ef6b6caaef583481ea2cd9e902,102,MASK_SENTINEL,T0_OFF,integrity_duplicate,True,True,True,222,stop
88c8c8ef6b6caaef583481ea2cd9e902,102,METADATA_TOKEN_MATCHED_TO_MASK,T1_SILENT_CHECK,integrity_duplicate,True,True,True,147,stop
88c8c8ef6b6caaef583481ea2cd9e902,102,BASE,T1_SILENT_CHECK,integrity_duplicate,True,True,True,307,stop
88c8c8ef6b6caaef583481ea2cd9e902,102,METADATA_TOKEN_MATCHED_TO_MASK,T0_OFF,integrity_duplicate,False,True,True,273,stop
88c8c8ef6b6caaef583481ea2cd9e902,102,MASK_SENTINEL,T1_SILENT_CHECK,integrity_duplicate,True,True,True,309,stop
41ea91cca9091b5466dbf33bae7dadbf,26,BASE,T1_SILENT_CHECK,primary,True,True,True,677,stop
41ea91cca9091b5466dbf33bae7dadbf,26,BASE,T0_OFF,primary,True,True,True,688,stop
41ea91cca9091b5466dbf33bae7dadbf,26,METADATA_TOKEN_MATCHED_TO_MASK,T0_OFF,primary,True,True,True,716,stop
41ea91cca9091b5466dbf33bae7dadbf,26,MASK_SENTINEL,T0_OFF,primary,True,True,True,740,stop
41ea91cca9091b5466dbf33bae7dadbf,26,MASK_SENTINEL,T1_SILENT_CHECK,primary,True,True,True,1011,stop
41ea91cca9091b5466dbf33bae7dadbf,26,METADATA_TOKEN_MATCHED_TO_MASK,T1_SILENT_CHECK,primary,True,True,True,1079,stop
1c3c67231d7ee2dcd4dd40cb169fbc52,193,BASE,T1_SILENT_CHECK,primary,True,True,True,429,stop
1c3c67231d7ee2dcd4dd40cb169fbc52,193,BASE,T0_OFF,primary,False,False,False,473,stop
1c3c67231d7ee2dcd4dd40cb169fbc52,193,MASK_SENTINEL,T0_OFF,primary,True,True,True,497,stop
1c3c67231d7ee2dcd4dd40cb169fbc52,193,MASK_SENTINEL,T1_SILENT_CHECK,primary,True,True,True,451,stop
1c3c67231d7ee2dcd4dd40cb169fbc52,193,METADATA_TOKEN_MATCHED_TO_MASK,T1_SILENT_CHECK,primary,True,True,True,462,stop
1c3c67231d7ee2dcd4dd40cb169fbc52,193,METADATA_TOKEN_MATCHED_TO_MASK,T0_OFF,primary,False,False,False,482,stop
303bcac1592795211118626c4346078a,101,BASE,T0_OFF,primary,True,True,True,269,stop
303bcac1592795211118626c4346078a,101,BASE,T1_SILENT_CHECK,primary,True,True,True,310,stop
303bcac1592795211118626c4346078a,101,MASK_SENTINEL,T0_OFF,primary,True,True,True,289,stop
303bcac1592795211118626c4346078a,101,METADATA_TOKEN_MATCHED_TO_MASK,T0_OFF,primary,True,True,True,251,stop
303bcac1592795211118626c4346078a,101,MASK_SENTINEL,T1_SILENT_CHECK,primary,True,True,True,354,stop
303bcac1592795211118626c4346078a,101,METADATA_TOKEN_MATCHED_TO_MASK,T1_SILENT_CHECK,primary,True,True,True,332,stop
7e73dfdf15510ae67f17e9186b58cdb6,287,BASE,T1_SILENT_CHECK,primary,True,True,True,209,stop
7e73dfdf15510ae67f17e9186b58cdb6,287,BASE,T0_OFF,primary,True,True,True,244,stop
7e73dfdf15510ae67f17e9186b58cdb6,287,MASK_SENTINEL,T0_OFF,primary,True,True,True,225,stop
7e73dfdf15510ae67f17e9186b58cdb6,287,METADATA_TOKEN_MATCHED_TO_MASK,T1_SILENT_CHECK,primary,True,True,True,188,stop
7e73dfdf15510ae67f17e9186b58cdb6,287,METADATA_TOKEN_MATCHED_TO_MASK,T0_OFF,primary,False,False,True,247,stop
7e73dfdf15510ae67f17e9186b58cdb6,287,MASK_SENTINEL,T1_SILENT_CHECK,primary,True,True,True,288,stop
fc341442f7e9fd8ee4e53410f2aadfdb,115,MASK_SENTINEL,T0_OFF,primary,False,False,True,625,stop
fc341442f7e9fd8ee4e53410f2aadfdb,115,MASK_SENTINEL,T1_SILENT_CHECK,primary,False,False,True,699,stop
fc341442f7e9fd8ee4e53410f2aadfdb,115,BASE,T0_OFF,primary,False,False,True,1085,stop
fc341442f7e9fd8ee4e53410f2aadfdb,115,METADATA_TOKEN_MATCHED_TO_MASK,T0_OFF,primary,False,False,True,763,stop
fc341442f7e9fd8ee4e53410f2aadfdb,115,MASK_SENTINEL,T0_OFF,integrity_duplicate,False,False,True,625,stop
fc341442f7e9fd8ee4e53410f2aadfdb,115,BASE,T0_OFF,integrity_duplicate,False,False,True,1085,stop
fc341442f7e9fd8ee4e53410f2aadfdb,115,MASK_SENTINEL,T1_SILENT_CHECK,integrity_duplicate,False,False,True,699,stop
fc341442f7e9fd8ee4e53410f2aadfdb,115,METADATA_TOKEN_MATCHED_TO_MASK,T0_OFF,integrity_duplicate,False,False,True,763,stop
fc341442f7e9fd8ee4e53410f2aadfdb,115,BASE,T1_SILENT_CHECK,primary,False,False,True,8192,length
fc341442f7e9fd8ee4e53410f2aadfdb,115,METADATA_TOKEN_MATCHED_TO_MASK,T1_SILENT_CHECK,primary,False,False,True,8192,length
fc341442f7e9fd8ee4e53410f2aadfdb,115,BASE,T1_SILENT_CHECK,integrity_duplicate,False,False,True,8192,length
fc341442f7e9fd8ee4e53410f2aadfdb,115,METADATA_TOKEN_MATCHED_TO_MASK,T1_SILENT_CHECK,integrity_duplicate,False,False,True,8192,length
0591d74266e5119a1d222089f03555ab,83,BASE,T0_OFF,primary,True,True,True,485,stop
0591d74266e5119a1d222089f03555ab,83,BASE,T1_SILENT_CHECK,primary,True,True,True,445,stop
0591d74266e5119a1d222089f03555ab,83,MASK_SENTINEL,T0_OFF,primary,True,True,True,486,stop
0591d74266e5119a1d222089f03555ab,83,MASK_SENTINEL,T1_SILENT_CHECK,primary,True,True,True,445,stop
0591d74266e5119a1d222089f03555ab,83,METADATA_TOKEN_MATCHED_TO_MASK,T1_SILENT_CHECK,primary,True,True,True,445,stop
0591d74266e5119a1d222089f03555ab,83,METADATA_TOKEN_MATCHED_TO_MASK,T0_OFF,primary,True,True,True,546,stop
63f261a46964cae2830b80984ea8bda2,40,BASE,T0_OFF,primary,True,True,True,580,stop
63f261a46964cae2830b80984ea8bda2,40,BASE,T1_SILENT_CHECK,primary,True,True,True,482,stop
63f261a46964cae2830b80984ea8bda2,40,MASK_SENTINEL,T0_OFF,primary,True,True,True,496,stop
63f261a46964cae2830b80984ea8bda2,40,MASK_SENTINEL,T1_SILENT_CHECK,primary,True,True,True,494,stop
63f261a46964cae2830b80984ea8bda2,40,METADATA_TOKEN_MATCHED_TO_MASK,T0_OFF,primary,True,True,True,486,stop
63f261a46964cae2830b80984ea8bda2,40,METADATA_TOKEN_MATCHED_TO_MASK,T1_SILENT_CHECK,primary,True,True,True,482,stop
63f261a46964cae2830b80984ea8bda2,40,BASE,T0_OFF,integrity_duplicate,True,True,True,580,stop
63f261a46964cae2830b80984ea8bda2,40,BASE,T1_SILENT_CHECK,integrity_duplicate,True,True,True,482,stop
63f261a46964cae2830b80984ea8bda2,40,MASK_SENTINEL,T0_OFF,integrity_duplicate,True,True,True,496,stop
63f261a46964cae2830b80984ea8bda2,40,MASK_SENTINEL,T1_SILENT_CHECK,integrity_duplicate,True,True,True,494,stop
63f261a46964cae2830b80984ea8bda2,40,METADATA_TOKEN_MATCHED_TO_MASK,T0_OFF,integrity_duplicate,True,True,True,486,stop
63f261a46964cae2830b80984ea8bda2,40,METADATA_TOKEN_MATCHED_TO_MASK,T1_SILENT_CHECK,integrity_duplicate,True,True,True,482,stop
b0b461adcf8f4e6eda7f71eb78433e03,244,BASE,T0_OFF,primary,False,False,True,713,stop
b0b461adcf8f4e6eda7f71eb78433e03,244,BASE,T1_SILENT_CHECK,primary,False,False,True,717,stop
b0b461adcf8f4e6eda7f71eb78433e03,244,MASK_SENTINEL,T1_SILENT_CHECK,primary,False,False,True,697,stop
b0b461adcf8f4e6eda7f71eb78433e03,244,METADATA_TOKEN_MATCHED_TO_MASK,T0_OFF,primary,False,False,True,700,stop
b0b461adcf8f4e6eda7f71eb78433e03,244,METADATA_TOKEN_MATCHED_TO_MASK,T1_SILENT_CHECK,primary,False,False,True,697,stop
b0b461adcf8f4e6eda7f71eb78433e03,244,MASK_SENTINEL,T0_OFF,primary,False,False,True,909,stop
eaea84580de456df07342a9789e7f770,235,BASE,T0_OFF,primary,True,True,True,184,stop
eaea84580de456df07342a9789e7f770,235,BASE,T1_SILENT_CHECK,primary,True,True,True,226,stop
eaea84580de456df07342a9789e7f770,235,MASK_SENTINEL,T0_OFF,primary,True,True,True,185,stop
eaea84580de456df07342a9789e7f770,235,MASK_SENTINEL,T1_SILENT_CHECK,primary,True,True,True,201,stop
eaea84580de456df07342a9789e7f770,235,METADATA_TOKEN_MATCHED_TO_MASK,T1_SILENT_CHECK,primary,True,True,True,198,stop
eaea84580de456df07342a9789e7f770,235,METADATA_TOKEN_MATCHED_TO_MASK,T0_OFF,primary,False,False,True,275,stop
62977ef3b1ed2ba675bd184273adea69,202,BASE,T0_OFF,primary,False,False,True,344,stop
62977ef3b1ed2ba675bd184273adea69,202,BASE,T1_SILENT_CHECK,primary,False,False,True,341,stop
62977ef3b1ed2ba675bd184273adea69,202,MASK_SENTINEL,T0_OFF,primary,False,False,True,327,stop
62977ef3b1ed2ba675bd184273adea69,202,MASK_SENTINEL,T1_SILENT_CHECK,primary,False,False,True,338,stop
62977ef3b1ed2ba675bd184273adea69,202,METADATA_TOKEN_MATCHED_TO_MASK,T0_OFF,primary,False,False,True,327,stop
62977ef3b1ed2ba675bd184273adea69,202,METADATA_TOKEN_MATCHED_TO_MASK,T1_SILENT_CHECK,primary,False,False,True,338,stop
d9f6b308482dabfd65cda63063830a60,161,BASE,T1_SILENT_CHECK,primary,False,False,True,75,stop
d9f6b308482dabfd65cda63063830a60,161,BASE,T0_OFF,primary,False,False,True,134,stop
d9f6b308482dabfd65cda63063830a60,161,METADATA_TOKEN_MATCHED_TO_MASK,T1_SILENT_CHECK,primary,False,False,True,68,stop
d9f6b308482dabfd65cda63063830a60,161,METADATA_TOKEN_MATCHED_TO_MASK,T0_OFF,primary,False,False,True,83,stop
d9f6b308482dabfd65cda63063830a60,161,MASK_SENTINEL,T0_OFF,primary,False,False,True,120,stop
d9f6b308482dabfd65cda63063830a60,161,MASK_SENTINEL,T1_SILENT_CHECK,primary,False,False,True,117,stop
18c592478fab9a58fd919351e340a5d7,110,METADATA_TOKEN_MATCHED_TO_MASK,T0_OFF,primary,True,True,True,1475,stop
18c592478fab9a58fd919351e340a5d7,110,MASK_SENTINEL,T1_SILENT_CHECK,primary,False,False,True,1702,stop
18c592478fab9a58fd919351e340a5d7,110,MASK_SENTINEL,T0_OFF,primary,False,False,False,2473,stop
18c592478fab9a58fd919351e340a5d7,110,BASE,T0_OFF,primary,False,False,True,3275,stop
18c592478fab9a58fd919351e340a5d7,110,BASE,T1_SILENT_CHECK,primary,True,True,True,5047,stop
18c592478fab9a58fd919351e340a5d7,110,METADATA_TOKEN_MATCHED_TO_MASK,T1_SILENT_CHECK,primary,False,False,True,8192,length
74dedfe015d640812f9ec95c06bf9a98,191,BASE,T0_OFF,primary,False,False,True,452,stop
74dedfe015d640812f9ec95c06bf9a98,191,BASE,T1_SILENT_CHECK,primary,False,False,True,456,stop
74dedfe015d640812f9ec95c06bf9a98,191,MASK_SENTINEL,T1_SILENT_CHECK,primary,False,False,True,390,stop
74dedfe015d640812f9ec95c06bf9a98,191,MASK_SENTINEL,T0_OFF,primary,False,False,True,486,stop
74dedfe015d640812f9ec95c06bf9a98,191,METADATA_TOKEN_MATCHED_TO_MASK,T0_OFF,primary,False,False,True,469,stop
74dedfe015d640812f9ec95c06bf9a98,191,METADATA_TOKEN_MATCHED_TO_MASK,T1_SILENT_CHECK,primary,False,False,True,460,stop
482b7eae0c14a46332b352fbf031ab17,74,BASE,T0_OFF,primary,True,True,True,332,stop
482b7eae0c14a46332b352fbf031ab17,74,BASE,T1_SILENT_CHECK,primary,True,True,True,280,stop
482b7eae0c14a46332b352fbf031ab17,74,MASK_SENTINEL,T1_SILENT_CHECK,primary,True,True,True,278,stop
482b7eae0c14a46332b352fbf031ab17,74,MASK_SENTINEL,T0_OFF,primary,True,True,True,342,stop
482b7eae0c14a46332b352fbf031ab17,74,METADATA_TOKEN_MATCHED_TO_MASK,T1_SILENT_CHECK,primary,True,True,True,281,stop
482b7eae0c14a46332b352fbf031ab17,74,METADATA_TOKEN_MATCHED_TO_MASK,T0_OFF,primary,True,True,True,303,stop
482b7eae0c14a46332b352fbf031ab17,74,BASE,T1_SILENT_CHECK,integrity_duplicate,True,True,True,280,stop
482b7eae0c14a46332b352fbf031ab17,74,BASE,T0_OFF,integrity_duplicate,True,True,True,332,stop
482b7eae0c14a46332b352fbf031ab17,74,MASK_SENTINEL,T1_SILENT_CHECK,integrity_duplicate,True,True,True,278,stop
482b7eae0c14a46332b352fbf031ab17,74,MASK_SENTINEL,T0_OFF,integrity_duplicate,True,True,True,342,stop
482b7eae0c14a46332b352fbf031ab17,74,METADATA_TOKEN_MATCHED_TO_MASK,T1_SILENT_CHECK,integrity_duplicate,True,True,True,281,stop
482b7eae0c14a46332b352fbf031ab17,74,METADATA_TOKEN_MATCHED_TO_MASK,T0_OFF,integrity_duplicate,True,True,True,303,stop
463e80c2a0090203347871e24235a8e0,284,BASE,T0_OFF,primary,False,False,False,379,stop
463e80c2a0090203347871e24235a8e0,284,BASE,T1_SILENT_CHECK,primary,True,True,True,363,stop
463e80c2a0090203347871e24235a8e0,284,MASK_SENTINEL,T0_OFF,primary,True,True,True,384,stop
463e80c2a0090203347871e24235a8e0,284,MASK_SENTINEL,T1_SILENT_CHECK,primary,True,True,True,358,stop
463e80c2a0090203347871e24235a8e0,284,METADATA_TOKEN_MATCHED_TO_MASK,T0_OFF,primary,False,False,False,384,stop
463e80c2a0090203347871e24235a8e0,284,METADATA_TOKEN_MATCHED_TO_MASK,T1_SILENT_CHECK,primary,True,True,True,377,stop
70aab869d3540ff03f4282965013f0cd,18,BASE,T1_SILENT_CHECK,primary,True,True,True,460,stop
70aab869d3540ff03f4282965013f0cd,18,BASE,T0_OFF,primary,False,False,False,514,stop
70aab869d3540ff03f4282965013f0cd,18,MASK_SENTINEL,T0_OFF,primary,True,True,True,483,stop
70aab869d3540ff03f4282965013f0cd,18,METADATA_TOKEN_MATCHED_TO_MASK,T0_OFF,primary,True,True,True,504,stop
70aab869d3540ff03f4282965013f0cd,18,METADATA_TOKEN_MATCHED_TO_MASK,T1_SILENT_CHECK,primary,True,True,True,524,stop
70aab869d3540ff03f4282965013f0cd,18,MASK_SENTINEL,T1_SILENT_CHECK,primary,True,True,True,734,stop
01f5d6848da538445bba8230880461bd,48,BASE,T0_OFF,primary,False,True,True,1219,stop
01f5d6848da538445bba8230880461bd,48,BASE,T1_SILENT_CHECK,primary,True,True,True,844,stop
01f5d6848da538445bba8230880461bd,48,MASK_SENTINEL,T0_OFF,primary,False,True,True,1211,stop
01f5d6848da538445bba8230880461bd,48,MASK_SENTINEL,T1_SILENT_CHECK,primary,True,True,True,1221,stop
01f5d6848da538445bba8230880461bd,48,METADATA_TOKEN_MATCHED_TO_MASK,T1_SILENT_CHECK,primary,True,True,True,1203,stop
01f5d6848da538445bba8230880461bd,48,METADATA_TOKEN_MATCHED_TO_MASK,T0_OFF,primary,False,True,True,1281,stop
051615c948f31da8be42997569b0c3f9,21,METADATA_TOKEN_MATCHED_TO_MASK,T0_OFF,primary,False,False,False,357,stop
051615c948f31da8be42997569b0c3f9,21,BASE,T0_OFF,primary,False,False,True,457,stop
051615c948f31da8be42997569b0c3f9,21,MASK_SENTINEL,T0_OFF,primary,False,False,False,438,stop
051615c948f31da8be42997569b0c3f9,21,METADATA_TOKEN_MATCHED_TO_MASK,T1_SILENT_CHECK,primary,False,False,True,443,stop
051615c948f31da8be42997569b0c3f9,21,BASE,T1_SILENT_CHECK,primary,False,False,True,492,stop
051615c948f31da8be42997569b0c3f9,21,MASK_SENTINEL,T1_SILENT_CHECK,primary,False,False,True,465,stop
a62f54550d5df7c8b9f922e2ae1c7726,159,BASE,T1_SILENT_CHECK,primary,False,False,True,179,stop
a62f54550d5df7c8b9f922e2ae1c7726,159,METADATA_TOKEN_MATCHED_TO_MASK,T1_SILENT_CHECK,primary,False,False,True,157,stop
a62f54550d5df7c8b9f922e2ae1c7726,159,BASE,T0_OFF,primary,False,False,False,382,stop
a62f54550d5df7c8b9f922e2ae1c7726,159,MASK_SENTINEL,T0_OFF,primary,False,False,True,331,stop
a62f54550d5df7c8b9f922e2ae1c7726,159,MASK_SENTINEL,T1_SILENT_CHECK,primary,False,False,True,339,stop
a62f54550d5df7c8b9f922e2ae1c7726,159,METADATA_TOKEN_MATCHED_TO_MASK,T0_OFF,primary,False,False,False,372,stop
0050fe1e485b4c36bcad5bc2f34e6e75,209,BASE,T0_OFF,primary,True,True,True,231,stop
0050fe1e485b4c36bcad5bc2f34e6e75,209,BASE,T1_SILENT_CHECK,primary,True,True,True,202,stop
0050fe1e485b4c36bcad5bc2f34e6e75,209,MASK_SENTINEL,T0_OFF,primary,True,True,True,205,stop
0050fe1e485b4c36bcad5bc2f34e6e75,209,MASK_SENTINEL,T1_SILENT_CHECK,primary,True,True,True,202,stop
0050fe1e485b4c36bcad5bc2f34e6e75,209,METADATA_TOKEN_MATCHED_TO_MASK,T0_OFF,primary,True,True,True,202,stop
0050fe1e485b4c36bcad5bc2f34e6e75,209,METADATA_TOKEN_MATCHED_TO_MASK,T1_SILENT_CHECK,primary,True,True,True,202,stop
315f9843e0866ac405b86fe6886e2b00,187,BASE,T0_OFF,primary,False,False,True,527,stop
315f9843e0866ac405b86fe6886e2b00,187,BASE,T1_SILENT_CHECK,primary,False,False,True,511,stop
315f9843e0866ac405b86fe6886e2b00,187,MASK_SENTINEL,T0_OFF,primary,False,False,True,474,stop
315f9843e0866ac405b86fe6886e2b00,187,METADATA_TOKEN_MATCHED_TO_MASK,T0_OFF,primary,False,False,True,459,stop
315f9843e0866ac405b86fe6886e2b00,187,MASK_SENTINEL,T1_SILENT_CHECK,primary,False,False,True,507,stop
315f9843e0866ac405b86fe6886e2b00,187,METADATA_TOKEN_MATCHED_TO_MASK,T1_SILENT_CHECK,primary,False,False,True,499,stop
96767adc439c60510c7d500aef938e45,104,BASE,T0_OFF,primary,True,True,True,440,stop
96767adc439c60510c7d500aef938e45,104,BASE,T1_SILENT_CHECK,primary,True,True,True,523,stop
96767adc439c60510c7d500aef938e45,104,MASK_SENTINEL,T0_OFF,primary,True,True,True,386,stop
96767adc439c60510c7d500aef938e45,104,METADATA_TOKEN_MATCHED_TO_MASK,T0_OFF,primary,True,True,True,399,stop
96767adc439c60510c7d500aef938e45,104,MASK_SENTINEL,T1_SILENT_CHECK,primary,True,True,True,536,stop
96767adc439c60510c7d500aef938e45,104,METADATA_TOKEN_MATCHED_TO_MASK,T1_SILENT_CHECK,primary,True,True,True,496,stop
8dcadca932208ad3474cbba64b354c34,250,BASE,T0_OFF,primary,False,False,False,211,stop
8dcadca932208ad3474cbba64b354c34,250,BASE,T1_SILENT_CHECK,primary,True,True,True,154,stop
8dcadca932208ad3474cbba64b354c34,250,MASK_SENTINEL,T1_SILENT_CHECK,primary,True,True,True,154,stop
8dcadca932208ad3474cbba64b354c34,250,MASK_SENTINEL,T0_OFF,primary,True,True,True,260,stop
8dcadca932208ad3474cbba64b354c34,250,METADATA_TOKEN_MATCHED_TO_MASK,T1_SILENT_CHECK,primary,True,True,True,191,stop
8dcadca932208ad3474cbba64b354c34,250,METADATA_TOKEN_MATCHED_TO_MASK,T0_OFF,primary,False,True,True,266,stop
d8d51eeac4116ea33386b7a33c485053,280,BASE,T0_OFF,primary,False,False,True,306,stop
d8d51eeac4116ea33386b7a33c485053,280,BASE,T1_SILENT_CHECK,primary,False,False,True,235,stop
d8d51eeac4116ea33386b7a33c485053,280,MASK_SENTINEL,T0_OFF,primary,False,False,True,223,stop
d8d51eeac4116ea33386b7a33c485053,280,METADATA_TOKEN_MATCHED_TO_MASK,T0_OFF,primary,False,False,True,136,stop
d8d51eeac4116ea33386b7a33c485053,280,METADATA_TOKEN_MATCHED_TO_MASK,T1_SILENT_CHECK,primary,False,False,True,160,stop
d8d51eeac4116ea33386b7a33c485053,280,MASK_SENTINEL,T1_SILENT_CHECK,primary,False,False,True,205,stop
d57b3c8aaf793e5a6d398ee91f596e72,95,BASE,T0_OFF,primary,True,True,True,306,stop
d57b3c8aaf793e5a6d398ee91f596e72,95,BASE,T1_SILENT_CHECK,primary,True,True,True,283,stop
d57b3c8aaf793e5a6d398ee91f596e72,95,MASK_SENTINEL,T1_SILENT_CHECK,primary,True,True,True,259,stop
d57b3c8aaf793e5a6d398ee91f596e72,95,MASK_SENTINEL,T0_OFF,primary,True,True,True,372,stop
d57b3c8aaf793e5a6d398ee91f596e72,95,METADATA_TOKEN_MATCHED_TO_MASK,T1_SILENT_CHECK,primary,True,True,True,276,stop
d57b3c8aaf793e5a6d398ee91f596e72,95,METADATA_TOKEN_MATCHED_TO_MASK,T0_OFF,primary,True,True,True,382,stop
7bcaeea19b843d78ae0390a9162fa8ea,242,BASE,T0_OFF,primary,True,True,True,135,stop
7bcaeea19b843d78ae0390a9162fa8ea,242,BASE,T1_SILENT_CHECK,primary,True,True,True,148,stop
7bcaeea19b843d78ae0390a9162fa8ea,242,METADATA_TOKEN_MATCHED_TO_MASK,T0_OFF,primary,True,True,True,79,stop
7bcaeea19b843d78ae0390a9162fa8ea,242,MASK_SENTINEL,T0_OFF,primary,True,True,True,105,stop
7bcaeea19b843d78ae0390a9162fa8ea,242,MASK_SENTINEL,T1_SILENT_CHECK,primary,True,True,True,128,stop
7bcaeea19b843d78ae0390a9162fa8ea,242,METADATA_TOKEN_MATCHED_TO_MASK,T1_SILENT_CHECK,primary,True,True,True,113,stop
e1cb1bb4a1c02d81cdaff3f8970cb666,109,BASE,T0_OFF,primary,False,False,False,353,stop
e1cb1bb4a1c02d81cdaff3f8970cb666,109,MASK_SENTINEL,T0_OFF,primary,True,True,True,337,stop
e1cb1bb4a1c02d81cdaff3f8970cb666,109,BASE,T1_SILENT_CHECK,primary,True,True,True,446,stop
e1cb1bb4a1c02d81cdaff3f8970cb666,109,METADATA_TOKEN_MATCHED_TO_MASK,T0_OFF,primary,True,True,True,328,stop
e1cb1bb4a1c02d81cdaff3f8970cb666,109,MASK_SENTINEL,T1_SILENT_CHECK,primary,True,True,True,428,stop
e1cb1bb4a1c02d81cdaff3f8970cb666,109,METADATA_TOKEN_MATCHED_TO_MASK,T1_SILENT_CHECK,primary,True,True,True,430,stop
8e5c72514c0ee411a5ce1af057fa278b,76,BASE,T1_SILENT_CHECK,primary,True,True,True,224,stop
8e5c72514c0ee411a5ce1af057fa278b,76,BASE,T0_OFF,primary,True,True,True,297,stop
8e5c72514c0ee411a5ce1af057fa278b,76,MASK_SENTINEL,T0_OFF,primary,True,True,True,195,stop
8e5c72514c0ee411a5ce1af057fa278b,76,MASK_SENTINEL,T1_SILENT_CHECK,primary,True,True,True,184,stop
8e5c72514c0ee411a5ce1af057fa278b,76,METADATA_TOKEN_MATCHED_TO_MASK,T0_OFF,primary,True,True,True,193,stop
8e5c72514c0ee411a5ce1af057fa278b,76,METADATA_TOKEN_MATCHED_TO_MASK,T1_SILENT_CHECK,primary,True,True,True,222,stop
8e5c72514c0ee411a5ce1af057fa278b,76,BASE,T1_SILENT_CHECK,integrity_duplicate,True,True,True,224,stop
8e5c72514c0ee411a5ce1af057fa278b,76,MASK_SENTINEL,T1_SILENT_CHECK,integrity_duplicate,True,True,True,184,stop
8e5c72514c0ee411a5ce1af057fa278b,76,MASK_SENTINEL,T0_OFF,integrity_duplicate,True,True,True,195,stop
8e5c72514c0ee411a5ce1af057fa278b,76,BASE,T0_OFF,integrity_duplicate,True,True,True,297,stop
8e5c72514c0ee411a5ce1af057fa278b,76,METADATA_TOKEN_MATCHED_TO_MASK,T0_OFF,integrity_duplicate,True,True,True,193,stop
8e5c72514c0ee411a5ce1af057fa278b,76,METADATA_TOKEN_MATCHED_TO_MASK,T1_SILENT_CHECK,integrity_duplicate,True,True,True,222,stop
c994a378266c2bd080189210fc3181f3,84,BASE,T1_SILENT_CHECK,primary,False,False,True,378,stop
c994a378266c2bd080189210fc3181f3,84,BASE,T0_OFF,primary,False,False,True,486,stop
c994a378266c2bd080189210fc3181f3,84,MASK_SENTINEL,T0_OFF,primary,True,True,True,422,stop
c994a378266c2bd080189210fc3181f3,84,MASK_SENTINEL,T1_SILENT_CHECK,primary,False,False,True,383,stop
c994a378266c2bd080189210fc3181f3,84,METADATA_TOKEN_MATCHED_TO_MASK,T0_OFF,primary,False,False,True,394,stop
c994a378266c2bd080189210fc3181f3,84,METADATA_TOKEN_MATCHED_TO_MASK,T1_SILENT_CHECK,primary,False,False,True,401,stop
f6dba12b443d639b1bcd1124a2749d09,106,BASE,T0_OFF,primary,True,True,True,299,stop
f6dba12b443d639b1bcd1124a2749d09,106,MASK_SENTINEL,T0_OFF,primary,True,True,True,228,stop
f6dba12b443d639b1bcd1124a2749d09,106,BASE,T1_SILENT_CHECK,primary,True,True,True,308,stop
f6dba12b443d639b1bcd1124a2749d09,106,METADATA_TOKEN_MATCHED_TO_MASK,T1_SILENT_CHECK,primary,True,True,True,286,stop
f6dba12b443d639b1bcd1124a2749d09,106,METADATA_TOKEN_MATCHED_TO_MASK,T0_OFF,primary,True,True,True,339,stop
f6dba12b443d639b1bcd1124a2749d09,106,MASK_SENTINEL,T1_SILENT_CHECK,primary,True,True,True,357,stop
4b872440d400b5f2af257143d130a36f,22,BASE,T0_OFF,primary,True,True,True,230,stop
4b872440d400b5f2af257143d130a36f,22,BASE,T1_SILENT_CHECK,primary,True,True,True,264,stop
4b872440d400b5f2af257143d130a36f,22,MASK_SENTINEL,T1_SILENT_CHECK,primary,True,True,True,181,stop
4b872440d400b5f2af257143d130a36f,22,MASK_SENTINEL,T0_OFF,primary,True,True,True,227,stop
4b872440d400b5f2af257143d130a36f,22,METADATA_TOKEN_MATCHED_TO_MASK,T0_OFF,primary,True,True,True,231,stop
4b872440d400b5f2af257143d130a36f,22,METADATA_TOKEN_MATCHED_TO_MASK,T1_SILENT_CHECK,primary,True,True,True,186,stop
63f2f70365c73ee4b7aa84820ae487e8,189,BASE,T0_OFF,primary,False,False,True,507,stop
63f2f70365c73ee4b7aa84820ae487e8,189,BASE,T1_SILENT_CHECK,primary,False,False,True,728,stop
63f2f70365c73ee4b7aa84820ae487e8,189,MASK_SENTINEL,T0_OFF,primary,False,False,True,631,stop
63f2f70365c73ee4b7aa84820ae487e8,189,METADATA_TOKEN_MATCHED_TO_MASK,T0_OFF,primary,False,False,True,734,stop
63f2f70365c73ee4b7aa84820ae487e8,189,MASK_SENTINEL,T1_SILENT_CHECK,primary,False,False,True,796,stop
63f2f70365c73ee4b7aa84820ae487e8,189,METADATA_TOKEN_MATCHED_TO_MASK,T1_SILENT_CHECK,primary,False,False,True,773,stop
1e59538ad9aee3f663da5ba44258cfa6,59,BASE,T0_OFF,primary,True,True,True,469,stop
1e59538ad9aee3f663da5ba44258cfa6,59,BASE,T1_SILENT_CHECK,primary,True,True,True,442,stop
1e59538ad9aee3f663da5ba44258cfa6,59,MASK_SENTINEL,T1_SILENT_CHECK,primary,True,True,True,422,stop
1e59538ad9aee3f663da5ba44258cfa6,59,MASK_SENTINEL,T0_OFF,primary,True,True,True,450,stop
1e59538ad9aee3f663da5ba44258cfa6,59,METADATA_TOKEN_MATCHED_TO_MASK,T0_OFF,primary,True,True,True,456,stop
1e59538ad9aee3f663da5ba44258cfa6,59,METADATA_TOKEN_MATCHED_TO_MASK,T1_SILENT_CHECK,primary,True,True,True,437,stop
1e59538ad9aee3f663da5ba44258cfa6,59,BASE,T1_SILENT_CHECK,integrity_duplicate,True,True,True,442,stop
1e59538ad9aee3f663da5ba44258cfa6,59,BASE,T0_OFF,integrity_duplicate,True,True,True,469,stop
1e59538ad9aee3f663da5ba44258cfa6,59,MASK_SENTINEL,T1_SILENT_CHECK,integrity_duplicate,True,True,True,422,stop
1e59538ad9aee3f663da5ba44258cfa6,59,MASK_SENTINEL,T0_OFF,integrity_duplicate,True,True,True,450,stop
1e59538ad9aee3f663da5ba44258cfa6,59,METADATA_TOKEN_MATCHED_TO_MASK,T1_SILENT_CHECK,integrity_duplicate,True,True,True,437,stop
1e59538ad9aee3f663da5ba44258cfa6,59,METADATA_TOKEN_MATCHED_TO_MASK,T0_OFF,integrity_duplicate,True,True,True,456,stop
370f417c83e24fad9d47d462572df5ee,138,BASE,T0_OFF,primary,False,False,True,554,stop
370f417c83e24fad9d47d462572df5ee,138,BASE,T1_SILENT_CHECK,primary,False,False,True,462,stop
370f417c83e24fad9d47d462572df5ee,138,MASK_SENTINEL,T1_SILENT_CHECK,primary,False,False,True,458,stop
370f417c83e24fad9d47d462572df5ee,138,METADATA_TOKEN_MATCHED_TO_MASK,T0_OFF,primary,False,False,True,505,stop
370f417c83e24fad9d47d462572df5ee,138,METADATA_TOKEN_MATCHED_TO_MASK,T1_SILENT_CHECK,primary,False,False,True,458,stop
370f417c83e24fad9d47d462572df5ee,138,MASK_SENTINEL,T0_OFF,primary,False,False,True,638,stop
c0d8d940b65e49a8dcb63d92762874af,14,BASE,T1_SILENT_CHECK,primary,True,True,True,194,stop
c0d8d940b65e49a8dcb63d92762874af,14,MASK_SENTINEL,T1_SILENT_CHECK,primary,True,True,True,200,stop
c0d8d940b65e49a8dcb63d92762874af,14,METADATA_TOKEN_MATCHED_TO_MASK,T0_OFF,primary,True,True,True,213,stop
c0d8d940b65e49a8dcb63d92762874af,14,BASE,T0_OFF,primary,False,False,False,346,stop
c0d8d940b65e49a8dcb63d92762874af,14,METADATA_TOKEN_MATCHED_TO_MASK,T1_SILENT_CHECK,primary,True,True,True,198,stop
c0d8d940b65e49a8dcb63d92762874af,14,MASK_SENTINEL,T0_OFF,primary,False,False,True,335,stop
ce62dd33fbd623a8766fc4500f1b748e,217,MASK_SENTINEL,T0_OFF,primary,True,True,True,106,stop
ce62dd33fbd623a8766fc4500f1b748e,217,BASE,T0_OFF,primary,True,True,True,127,stop
ce62dd33fbd623a8766fc4500f1b748e,217,BASE,T1_SILENT_CHECK,primary,True,True,True,134,stop
ce62dd33fbd623a8766fc4500f1b748e,217,MASK_SENTINEL,T1_SILENT_CHECK,primary,True,True,True,133,stop
ce62dd33fbd623a8766fc4500f1b748e,217,METADATA_TOKEN_MATCHED_TO_MASK,T0_OFF,primary,True,True,True,126,stop
ce62dd33fbd623a8766fc4500f1b748e,217,METADATA_TOKEN_MATCHED_TO_MASK,T1_SILENT_CHECK,primary,True,True,True,110,stop
fffb59a120f6e4de94e535a089046a6d,32,BASE,T0_OFF,primary,False,False,False,60,stop
fffb59a120f6e4de94e535a089046a6d,32,MASK_SENTINEL,T0_OFF,primary,True,True,True,86,stop
fffb59a120f6e4de94e535a089046a6d,32,BASE,T1_SILENT_CHECK,primary,True,True,True,232,stop
fffb59a120f6e4de94e535a089046a6d,32,MASK_SENTINEL,T1_SILENT_CHECK,primary,True,True,True,209,stop
fffb59a120f6e4de94e535a089046a6d,32,METADATA_TOKEN_MATCHED_TO_MASK,T0_OFF,primary,False,False,False,124,stop
fffb59a120f6e4de94e535a089046a6d,32,METADATA_TOKEN_MATCHED_TO_MASK,T1_SILENT_CHECK,primary,True,True,True,116,stop
580597b544a2a3325c7ed390f6d5dbb5,176,BASE,T1_SILENT_CHECK,primary,False,False,True,246,stop
580597b544a2a3325c7ed390f6d5dbb5,176,BASE,T0_OFF,primary,False,False,False,416,stop
580597b544a2a3325c7ed390f6d5dbb5,176,MASK_SENTINEL,T0_OFF,primary,False,True,True,282,stop
580597b544a2a3325c7ed390f6d5dbb5,176,MASK_SENTINEL,T1_SILENT_CHECK,primary,False,False,True,243,stop
580597b544a2a3325c7ed390f6d5dbb5,176,METADATA_TOKEN_MATCHED_TO_MASK,T1_SILENT_CHECK,primary,False,False,True,225,stop
580597b544a2a3325c7ed390f6d5dbb5,176,BASE,T1_SILENT_CHECK,integrity_duplicate,False,False,True,246,stop
580597b544a2a3325c7ed390f6d5dbb5,176,METADATA_TOKEN_MATCHED_TO_MASK,T0_OFF,primary,False,False,False,430,stop
580597b544a2a3325c7ed390f6d5dbb5,176,MASK_SENTINEL,T0_OFF,integrity_duplicate,False,True,True,282,stop
580597b544a2a3325c7ed390f6d5dbb5,176,MASK_SENTINEL,T1_SILENT_CHECK,integrity_duplicate,False,False,True,243,stop
580597b544a2a3325c7ed390f6d5dbb5,176,BASE,T0_OFF,integrity_duplicate,False,False,False,416,stop
580597b544a2a3325c7ed390f6d5dbb5,176,METADATA_TOKEN_MATCHED_TO_MASK,T1_SILENT_CHECK,integrity_duplicate,False,False,True,225,stop
580597b544a2a3325c7ed390f6d5dbb5,176,METADATA_TOKEN_MATCHED_TO_MASK,T0_OFF,integrity_duplicate,False,False,False,430,stop
e34ba74f337e222ea54eb760ead89c81,12,BASE,T0_OFF,primary,True,True,True,472,stop
e34ba74f337e222ea54eb760ead89c81,12,BASE,T1_SILENT_CHECK,primary,True,True,True,460,stop
e34ba74f337e222ea54eb760ead89c81,12,MASK_SENTINEL,T0_OFF,primary,True,True,True,450,stop
e34ba74f337e222ea54eb760ead89c81,12,MASK_SENTINEL,T1_SILENT_CHECK,primary,True,True,True,466,stop
e34ba74f337e222ea54eb760ead89c81,12,METADATA_TOKEN_MATCHED_TO_MASK,T0_OFF,primary,True,True,True,442,stop
e34ba74f337e222ea54eb760ead89c81,12,METADATA_TOKEN_MATCHED_TO_MASK,T1_SILENT_CHECK,primary,True,True,True,426,stop
e34ba74f337e222ea54eb760ead89c81,12,BASE,T0_OFF,integrity_duplicate,True,True,True,472,stop
e34ba74f337e222ea54eb760ead89c81,12,BASE,T1_SILENT_CHECK,integrity_duplicate,True,True,True,460,stop
e34ba74f337e222ea54eb760ead89c81,12,MASK_SENTINEL,T0_OFF,integrity_duplicate,True,True,True,450,stop
e34ba74f337e222ea54eb760ead89c81,12,METADATA_TOKEN_MATCHED_TO_MASK,T0_OFF,integrity_duplicate,True,True,True,442,stop
e34ba74f337e222ea54eb760ead89c81,12,MASK_SENTINEL,T1_SILENT_CHECK,integrity_duplicate,True,True,True,466,stop
e34ba74f337e222ea54eb760ead89c81,12,METADATA_TOKEN_MATCHED_TO_MASK,T1_SILENT_CHECK,integrity_duplicate,True,True,True,426,stop
fae551f58ed3ff8e4b7853c20dcf096b,96,BASE,T1_SILENT_CHECK,primary,True,True,True,307,stop
fae551f58ed3ff8e4b7853c20dcf096b,96,BASE,T0_OFF,primary,True,True,True,361,stop
fae551f58ed3ff8e4b7853c20dcf096b,96,MASK_SENTINEL,T0_OFF,primary,True,True,True,344,stop
fae551f58ed3ff8e4b7853c20dcf096b,96,MASK_SENTINEL,T1_SILENT_CHECK,primary,True,True,True,345,stop
fae551f58ed3ff8e4b7853c20dcf096b,96,METADATA_TOKEN_MATCHED_TO_MASK,T0_OFF,primary,False,False,False,355,stop
fae551f58ed3ff8e4b7853c20dcf096b,96,METADATA_TOKEN_MATCHED_TO_MASK,T1_SILENT_CHECK,primary,True,True,True,315,stop
2e895e8a4bb21fede98b868694ddfcd2,68,BASE,T1_SILENT_CHECK,primary,True,True,True,324,stop
2e895e8a4bb21fede98b868694ddfcd2,68,MASK_SENTINEL,T0_OFF,primary,True,True,True,306,stop
2e895e8a4bb21fede98b868694ddfcd2,68,BASE,T0_OFF,primary,True,True,True,347,stop
2e895e8a4bb21fede98b868694ddfcd2,68,MASK_SENTINEL,T1_SILENT_CHECK,primary,True,True,True,301,stop
2e895e8a4bb21fede98b868694ddfcd2,68,METADATA_TOKEN_MATCHED_TO_MASK,T0_OFF,primary,False,False,False,375,stop
2e895e8a4bb21fede98b868694ddfcd2,68,METADATA_TOKEN_MATCHED_TO_MASK,T1_SILENT_CHECK,primary,True,True,True,423,stop
fe93b99799cc1eaed13957eb0d13da6d,50,BASE,T1_SILENT_CHECK,primary,False,False,True,933,stop
fe93b99799cc1eaed13957eb0d13da6d,50,BASE,T0_OFF,primary,False,False,False,1023,stop
fe93b99799cc1eaed13957eb0d13da6d,50,MASK_SENTINEL,T0_OFF,primary,False,False,True,1241,stop
fe93b99799cc1eaed13957eb0d13da6d,50,METADATA_TOKEN_MATCHED_TO_MASK,T1_SILENT_CHECK,primary,False,False,True,719,stop
fe93b99799cc1eaed13957eb0d13da6d,50,METADATA_TOKEN_MATCHED_TO_MASK,T0_OFF,primary,True,True,True,1228,stop
fe93b99799cc1eaed13957eb0d13da6d,50,MASK_SENTINEL,T1_SILENT_CHECK,primary,False,False,False,8192,length
40d7abf35d2e104a665f435d3e321bb2,215,BASE,T0_OFF,primary,True,True,True,312,stop
40d7abf35d2e104a665f435d3e321bb2,215,BASE,T1_SILENT_CHECK,primary,True,True,True,312,stop
40d7abf35d2e104a665f435d3e321bb2,215,MASK_SENTINEL,T0_OFF,primary,True,True,True,319,stop
40d7abf35d2e104a665f435d3e321bb2,215,MASK_SENTINEL,T1_SILENT_CHECK,primary,True,True,True,312,stop
40d7abf35d2e104a665f435d3e321bb2,215,METADATA_TOKEN_MATCHED_TO_MASK,T0_OFF,primary,True,True,True,319,stop
40d7abf35d2e104a665f435d3e321bb2,215,METADATA_TOKEN_MATCHED_TO_MASK,T1_SILENT_CHECK,primary,True,True,True,312,stop
02e2bf4a31272b501f191de9d450591c,82,BASE,T0_OFF,primary,True,True,True,475,stop
02e2bf4a31272b501f191de9d450591c,82,BASE,T1_SILENT_CHECK,primary,True,True,True,468,stop
02e2bf4a31272b501f191de9d450591c,82,MASK_SENTINEL,T0_OFF,primary,True,True,True,497,stop
02e2bf4a31272b501f191de9d450591c,82,METADATA_TOKEN_MATCHED_TO_MASK,T0_OFF,primary,True,True,True,476,stop
02e2bf4a31272b501f191de9d450591c,82,MASK_SENTINEL,T1_SILENT_CHECK,primary,True,True,True,651,stop
02e2bf4a31272b501f191de9d450591c,82,METADATA_TOKEN_MATCHED_TO_MASK,T1_SILENT_CHECK,primary,True,True,True,494,stop
e0c0614a61421e6648039d4a8f213fc8,43,BASE,T0_OFF,primary,True,True,True,344,stop
e0c0614a61421e6648039d4a8f213fc8,43,BASE,T1_SILENT_CHECK,primary,True,True,True,352,stop
e0c0614a61421e6648039d4a8f213fc8,43,MASK_SENTINEL,T0_OFF,primary,True,True,True,324,stop
e0c0614a61421e6648039d4a8f213fc8,43,MASK_SENTINEL,T1_SILENT_CHECK,primary,True,True,True,331,stop
e0c0614a61421e6648039d4a8f213fc8,43,METADATA_TOKEN_MATCHED_TO_MASK,T0_OFF,primary,True,True,True,323,stop
e0c0614a61421e6648039d4a8f213fc8,43,METADATA_TOKEN_MATCHED_TO_MASK,T1_SILENT_CHECK,primary,True,True,True,356,stop
16d0fa6354ba2dfde0071147b8d4f974,136,BASE,T0_OFF,primary,False,False,False,317,stop
16d0fa6354ba2dfde0071147b8d4f974,136,BASE,T1_SILENT_CHECK,primary,True,True,True,267,stop
16d0fa6354ba2dfde0071147b8d4f974,136,MASK_SENTINEL,T0_OFF,primary,False,True,True,309,stop
16d0fa6354ba2dfde0071147b8d4f974,136,MASK_SENTINEL,T1_SILENT_CHECK,primary,True,True,True,365,stop
16d0fa6354ba2dfde0071147b8d4f974,136,METADATA_TOKEN_MATCHED_TO_MASK,T0_OFF,primary,False,False,False,315,stop
16d0fa6354ba2dfde0071147b8d4f974,136,METADATA_TOKEN_MATCHED_TO_MASK,T1_SILENT_CHECK,primary,True,True,True,299,stop
7da46c9b7a7b196a88639a038a08ed21,93,BASE,T0_OFF,primary,False,False,False,383,stop
7da46c9b7a7b196a88639a038a08ed21,93,MASK_SENTINEL,T0_OFF,primary,True,True,True,358,stop
7da46c9b7a7b196a88639a038a08ed21,93,METADATA_TOKEN_MATCHED_TO_MASK,T0_OFF,primary,False,False,False,327,stop
7da46c9b7a7b196a88639a038a08ed21,93,BASE,T1_SILENT_CHECK,primary,True,True,True,419,stop
7da46c9b7a7b196a88639a038a08ed21,93,MASK_SENTINEL,T1_SILENT_CHECK,primary,True,True,True,405,stop
7da46c9b7a7b196a88639a038a08ed21,93,METADATA_TOKEN_MATCHED_TO_MASK,T1_SILENT_CHECK,primary,True,True,True,412,stop
5cb0943de246183f844906bbd7887b40,153,MASK_SENTINEL,T1_SILENT_CHECK,primary,True,True,True,221,stop
5cb0943de246183f844906bbd7887b40,153,BASE,T0_OFF,primary,True,True,True,379,stop
5cb0943de246183f844906bbd7887b40,153,BASE,T1_SILENT_CHECK,primary,True,True,True,340,stop
5cb0943de246183f844906bbd7887b40,153,MASK_SENTINEL,T0_OFF,primary,True,True,True,344,stop
5cb0943de246183f844906bbd7887b40,153,METADATA_TOKEN_MATCHED_TO_MASK,T0_OFF,primary,False,False,False,401,stop
5cb0943de246183f844906bbd7887b40,153,METADATA_TOKEN_MATCHED_TO_MASK,T1_SILENT_CHECK,primary,True,True,True,406,stop
74858d4e4ec0023f9f2debb00f8aa460,94,BASE,T1_SILENT_CHECK,primary,True,True,True,382,stop
74858d4e4ec0023f9f2debb00f8aa460,94,BASE,T0_OFF,primary,False,False,False,498,stop
74858d4e4ec0023f9f2debb00f8aa460,94,MASK_SENTINEL,T1_SILENT_CHECK,primary,True,True,True,362,stop
74858d4e4ec0023f9f2debb00f8aa460,94,MASK_SENTINEL,T0_OFF,primary,True,True,True,454,stop
74858d4e4ec0023f9f2debb00f8aa460,94,METADATA_TOKEN_MATCHED_TO_MASK,T1_SILENT_CHECK,primary,True,True,True,372,stop
74858d4e4ec0023f9f2debb00f8aa460,94,METADATA_TOKEN_MATCHED_TO_MASK,T0_OFF,primary,True,True,True,710,stop
e9c86dc0ad995bad898540fb6d65cef7,286,BASE,T0_OFF,primary,False,False,False,366,stop
e9c86dc0ad995bad898540fb6d65cef7,286,MASK_SENTINEL,T0_OFF,primary,False,False,False,347,stop
e9c86dc0ad995bad898540fb6d65cef7,286,BASE,T1_SILENT_CHECK,primary,True,True,True,418,stop
e9c86dc0ad995bad898540fb6d65cef7,286,MASK_SENTINEL,T1_SILENT_CHECK,primary,True,True,True,379,stop
e9c86dc0ad995bad898540fb6d65cef7,286,METADATA_TOKEN_MATCHED_TO_MASK,T0_OFF,primary,False,False,True,373,stop
e9c86dc0ad995bad898540fb6d65cef7,286,METADATA_TOKEN_MATCHED_TO_MASK,T1_SILENT_CHECK,primary,True,True,True,350,stop
d63e48ae80bcd88776a639120f79b367,107,BASE,T0_OFF,primary,False,False,False,169,stop
d63e48ae80bcd88776a639120f79b367,107,METADATA_TOKEN_MATCHED_TO_MASK,T0_OFF,primary,False,False,False,136,stop
d63e48ae80bcd88776a639120f79b367,107,BASE,T1_SILENT_CHECK,primary,True,True,True,247,stop
d63e48ae80bcd88776a639120f79b367,107,MASK_SENTINEL,T0_OFF,primary,False,False,False,243,stop
d63e48ae80bcd88776a639120f79b367,107,MASK_SENTINEL,T1_SILENT_CHECK,primary,True,True,True,248,stop
d63e48ae80bcd88776a639120f79b367,107,METADATA_TOKEN_MATCHED_TO_MASK,T1_SILENT_CHECK,primary,True,True,True,168,stop
d63e48ae80bcd88776a639120f79b367,107,BASE,T0_OFF,integrity_duplicate,False,False,False,169,stop
d63e48ae80bcd88776a639120f79b367,107,METADATA_TOKEN_MATCHED_TO_MASK,T0_OFF,integrity_duplicate,False,False,False,136,stop
d63e48ae80bcd88776a639120f79b367,107,MASK_SENTINEL,T0_OFF,integrity_duplicate,False,False,False,243,stop
d63e48ae80bcd88776a639120f79b367,107,BASE,T1_SILENT_CHECK,integrity_duplicate,True,True,True,247,stop
d63e48ae80bcd88776a639120f79b367,107,MASK_SENTINEL,T1_SILENT_CHECK,integrity_duplicate,True,True,True,248,stop
d63e48ae80bcd88776a639120f79b367,107,METADATA_TOKEN_MATCHED_TO_MASK,T1_SILENT_CHECK,integrity_duplicate,True,True,True,168,stop
b8a51a8218fab71b9eaadd70f4cbad6a,13,BASE,T1_SILENT_CHECK,primary,True,True,True,289,stop
b8a51a8218fab71b9eaadd70f4cbad6a,13,MASK_SENTINEL,T0_OFF,primary,True,True,True,322,stop
b8a51a8218fab71b9eaadd70f4cbad6a,13,BASE,T0_OFF,primary,False,False,False,405,stop
b8a51a8218fab71b9eaadd70f4cbad6a,13,MASK_SENTINEL,T1_SILENT_CHECK,primary,True,True,True,241,stop
b8a51a8218fab71b9eaadd70f4cbad6a,13,METADATA_TOKEN_MATCHED_TO_MASK,T1_SILENT_CHECK,primary,True,True,True,219,stop
b8a51a8218fab71b9eaadd70f4cbad6a,13,METADATA_TOKEN_MATCHED_TO_MASK,T0_OFF,primary,True,True,True,303,stop
b8a51a8218fab71b9eaadd70f4cbad6a,13,METADATA_TOKEN_MATCHED_TO_MASK,T1_SILENT_CHECK,integrity_duplicate,True,True,True,219,stop
b8a51a8218fab71b9eaadd70f4cbad6a,13,BASE,T1_SILENT_CHECK,integrity_duplicate,True,True,True,289,stop
b8a51a8218fab71b9eaadd70f4cbad6a,13,MASK_SENTINEL,T1_SILENT_CHECK,integrity_duplicate,True,True,True,241,stop
b8a51a8218fab71b9eaadd70f4cbad6a,13,MASK_SENTINEL,T0_OFF,integrity_duplicate,True,True,True,322,stop
b8a51a8218fab71b9eaadd70f4cbad6a,13,METADATA_TOKEN_MATCHED_TO_MASK,T0_OFF,integrity_duplicate,True,True,True,303,stop
b8a51a8218fab71b9eaadd70f4cbad6a,13,BASE,T0_OFF,integrity_duplicate,False,False,False,405,stop
5e95732657e9ecae3198fdbc09371859,243,BASE,T0_OFF,primary,False,False,False,298,stop
5e95732657e9ecae3198fdbc09371859,243,MASK_SENTINEL,T0_OFF,primary,True,True,True,289,stop
5e95732657e9ecae3198fdbc09371859,243,METADATA_TOKEN_MATCHED_TO_MASK,T1_SILENT_CHECK,primary,True,True,True,284,stop
5e95732657e9ecae3198fdbc09371859,243,MASK_SENTINEL,T1_SILENT_CHECK,primary,True,True,True,323,stop
5e95732657e9ecae3198fdbc09371859,243,METADATA_TOKEN_MATCHED_TO_MASK,T0_OFF,primary,True,True,True,382,stop
5e95732657e9ecae3198fdbc09371859,243,BASE,T1_SILENT_CHECK,primary,True,True,True,419,stop
119633cbf416dee8557f907b2c081f1c,60,BASE,T0_OFF,primary,False,False,False,660,stop
119633cbf416dee8557f907b2c081f1c,60,BASE,T1_SILENT_CHECK,primary,True,True,True,688,stop
119633cbf416dee8557f907b2c081f1c,60,MASK_SENTINEL,T1_SILENT_CHECK,primary,True,True,True,687,stop
119633cbf416dee8557f907b2c081f1c,60,METADATA_TOKEN_MATCHED_TO_MASK,T1_SILENT_CHECK,primary,True,True,True,593,stop
119633cbf416dee8557f907b2c081f1c,60,MASK_SENTINEL,T0_OFF,primary,True,True,True,742,stop
119633cbf416dee8557f907b2c081f1c,60,METADATA_TOKEN_MATCHED_TO_MASK,T0_OFF,primary,True,True,True,683,stop
d8a8ffdecb1bb843cfb5ab088f6f9f3a,151,BASE,T0_OFF,primary,True,True,True,375,stop
d8a8ffdecb1bb843cfb5ab088f6f9f3a,151,MASK_SENTINEL,T0_OFF,primary,True,True,True,365,stop
d8a8ffdecb1bb843cfb5ab088f6f9f3a,151,BASE,T1_SILENT_CHECK,primary,True,True,True,375,stop
d8a8ffdecb1bb843cfb5ab088f6f9f3a,151,MASK_SENTINEL,T1_SILENT_CHECK,primary,True,True,True,373,stop
d8a8ffdecb1bb843cfb5ab088f6f9f3a,151,METADATA_TOKEN_MATCHED_TO_MASK,T0_OFF,primary,True,True,True,378,stop
d8a8ffdecb1bb843cfb5ab088f6f9f3a,151,METADATA_TOKEN_MATCHED_TO_MASK,T1_SILENT_CHECK,primary,True,True,True,360,stop
b88bb3a994d44aff0a568b1797ea1289,129,BASE,T1_SILENT_CHECK,primary,True,True,True,1337,stop
b88bb3a994d44aff0a568b1797ea1289,129,BASE,T0_OFF,primary,True,True,True,1948,stop
b88bb3a994d44aff0a568b1797ea1289,129,MASK_SENTINEL,T0_OFF,primary,True,True,True,2130,stop
b88bb3a994d44aff0a568b1797ea1289,129,BASE,T0_OFF,integrity_duplicate,True,True,True,1948,stop
b88bb3a994d44aff0a568b1797ea1289,129,BASE,T1_SILENT_CHECK,integrity_duplicate,True,True,True,1337,stop
b88bb3a994d44aff0a568b1797ea1289,129,MASK_SENTINEL,T0_OFF,integrity_duplicate,True,True,True,2130,stop
b88bb3a994d44aff0a568b1797ea1289,129,MASK_SENTINEL,T1_SILENT_CHECK,primary,False,True,True,8192,length
b88bb3a994d44aff0a568b1797ea1289,129,METADATA_TOKEN_MATCHED_TO_MASK,T0_OFF,primary,False,False,False,8192,length
b88bb3a994d44aff0a568b1797ea1289,129,METADATA_TOKEN_MATCHED_TO_MASK,T1_SILENT_CHECK,primary,False,False,False,8192,length
b88bb3a994d44aff0a568b1797ea1289,129,MASK_SENTINEL,T1_SILENT_CHECK,integrity_duplicate,False,True,True,8192,length
b88bb3a994d44aff0a568b1797ea1289,129,METADATA_TOKEN_MATCHED_TO_MASK,T0_OFF,integrity_duplicate,False,False,False,8192,length
b88bb3a994d44aff0a568b1797ea1289,129,METADATA_TOKEN_MATCHED_TO_MASK,T1_SILENT_CHECK,integrity_duplicate,False,False,False,8192,length
fc6a70069f6dcfd385ab8130d561df7f,30,BASE,T0_OFF,primary,True,True,True,278,stop
fc6a70069f6dcfd385ab8130d561df7f,30,BASE,T1_SILENT_CHECK,primary,True,True,True,276,stop
fc6a70069f6dcfd385ab8130d561df7f,30,MASK_SENTINEL,T0_OFF,primary,True,True,True,263,stop
fc6a70069f6dcfd385ab8130d561df7f,30,METADATA_TOKEN_MATCHED_TO_MASK,T0_OFF,primary,True,True,True,262,stop
fc6a70069f6dcfd385ab8130d561df7f,30,MASK_SENTINEL,T1_SILENT_CHECK,primary,True,True,True,292,stop
fc6a70069f6dcfd385ab8130d561df7f,30,METADATA_TOKEN_MATCHED_TO_MASK,T1_SILENT_CHECK,primary,True,True,True,292,stop
72bee501329d569ca8b57a20fcebe7bd,234,MASK_SENTINEL,T0_OFF,primary,False,False,False,248,stop
72bee501329d569ca8b57a20fcebe7bd,234,BASE,T1_SILENT_CHECK,primary,False,False,True,394,stop
72bee501329d569ca8b57a20fcebe7bd,234,MASK_SENTINEL,T1_SILENT_CHECK,primary,False,False,True,330,stop
72bee501329d569ca8b57a20fcebe7bd,234,METADATA_TOKEN_MATCHED_TO_MASK,T0_OFF,primary,False,False,False,360,stop
72bee501329d569ca8b57a20fcebe7bd,234,BASE,T0_OFF,primary,False,False,False,477,stop
72bee501329d569ca8b57a20fcebe7bd,234,METADATA_TOKEN_MATCHED_TO_MASK,T1_SILENT_CHECK,primary,False,False,True,445,stop
c8669b59c9f28c12d2a717750cebe71f,15,BASE,T0_OFF,primary,False,False,False,161,stop
c8669b59c9f28c12d2a717750cebe71f,15,BASE,T1_SILENT_CHECK,primary,True,True,True,160,stop
c8669b59c9f28c12d2a717750cebe71f,15,MASK_SENTINEL,T0_OFF,primary,True,True,True,128,stop
c8669b59c9f28c12d2a717750cebe71f,15,MASK_SENTINEL,T1_SILENT_CHECK,primary,True,True,True,133,stop
c8669b59c9f28c12d2a717750cebe71f,15,METADATA_TOKEN_MATCHED_TO_MASK,T0_OFF,primary,False,False,False,148,stop
c8669b59c9f28c12d2a717750cebe71f,15,METADATA_TOKEN_MATCHED_TO_MASK,T1_SILENT_CHECK,primary,True,True,True,148,stop
e8367c787c0171257b948acc2be65f77,71,BASE,T1_SILENT_CHECK,primary,True,True,True,281,stop
e8367c787c0171257b948acc2be65f77,71,BASE,T0_OFF,primary,True,True,True,301,stop
e8367c787c0171257b948acc2be65f77,71,MASK_SENTINEL,T1_SILENT_CHECK,primary,True,True,True,299,stop
e8367c787c0171257b948acc2be65f77,71,MASK_SENTINEL,T0_OFF,primary,True,True,True,344,stop
e8367c787c0171257b948acc2be65f77,71,METADATA_TOKEN_MATCHED_TO_MASK,T0_OFF,primary,True,True,True,270,stop
e8367c787c0171257b948acc2be65f77,71,METADATA_TOKEN_MATCHED_TO_MASK,T1_SILENT_CHECK,primary,True,True,True,280,stop
e8367c787c0171257b948acc2be65f77,71,BASE,T1_SILENT_CHECK,integrity_duplicate,True,True,True,281,stop
e8367c787c0171257b948acc2be65f77,71,BASE,T0_OFF,integrity_duplicate,True,True,True,301,stop
e8367c787c0171257b948acc2be65f77,71,MASK_SENTINEL,T1_SILENT_CHECK,integrity_duplicate,True,True,True,299,stop
e8367c787c0171257b948acc2be65f77,71,MASK_SENTINEL,T0_OFF,integrity_duplicate,True,True,True,344,stop
e8367c787c0171257b948acc2be65f77,71,METADATA_TOKEN_MATCHED_TO_MASK,T0_OFF,integrity_duplicate,True,True,True,270,stop
e8367c787c0171257b948acc2be65f77,71,METADATA_TOKEN_MATCHED_TO_MASK,T1_SILENT_CHECK,integrity_duplicate,True,True,True,280,stop
4403053507b495ec8ba7c765fdec348a,238,BASE,T1_SILENT_CHECK,primary,True,True,True,125,stop
4403053507b495ec8ba7c765fdec348a,238,BASE,T0_OFF,primary,False,False,False,153,stop
4403053507b495ec8ba7c765fdec348a,238,MASK_SENTINEL,T0_OFF,primary,False,False,False,138,stop
4403053507b495ec8ba7c765fdec348a,238,METADATA_TOKEN_MATCHED_TO_MASK,T0_OFF,primary,False,False,False,144,stop
4403053507b495ec8ba7c765fdec348a,238,MASK_SENTINEL,T1_SILENT_CHECK,primary,False,False,True,170,stop
4403053507b495ec8ba7c765fdec348a,238,METADATA_TOKEN_MATCHED_TO_MASK,T1_SILENT_CHECK,primary,True,True,True,156,stop
818b29f0ff73336bbed2de625007f84e,182,BASE,T0_OFF,primary,True,True,True,484,stop
818b29f0ff73336bbed2de625007f84e,182,BASE,T1_SILENT_CHECK,primary,True,True,True,451,stop
818b29f0ff73336bbed2de625007f84e,182,MASK_SENTINEL,T0_OFF,primary,False,False,True,529,stop
818b29f0ff73336bbed2de625007f84e,182,METADATA_TOKEN_MATCHED_TO_MASK,T0_OFF,primary,True,True,True,506,stop
818b29f0ff73336bbed2de625007f84e,182,METADATA_TOKEN_MATCHED_TO_MASK,T1_SILENT_CHECK,primary,False,False,True,390,stop
818b29f0ff73336bbed2de625007f84e,182,BASE,T1_SILENT_CHECK,integrity_duplicate,True,True,True,451,stop
818b29f0ff73336bbed2de625007f84e,182,MASK_SENTINEL,T1_SILENT_CHECK,primary,True,True,True,681,stop
818b29f0ff73336bbed2de625007f84e,182,BASE,T0_OFF,integrity_duplicate,True,True,True,484,stop
818b29f0ff73336bbed2de625007f84e,182,MASK_SENTINEL,T0_OFF,integrity_duplicate,False,False,True,529,stop
818b29f0ff73336bbed2de625007f84e,182,METADATA_TOKEN_MATCHED_TO_MASK,T0_OFF,integrity_duplicate,True,True,True,506,stop
818b29f0ff73336bbed2de625007f84e,182,METADATA_TOKEN_MATCHED_TO_MASK,T1_SILENT_CHECK,integrity_duplicate,False,False,True,390,stop
818b29f0ff73336bbed2de625007f84e,182,MASK_SENTINEL,T1_SILENT_CHECK,integrity_duplicate,True,True,True,681,stop
f4dbccc77f7e1fc261fa7de499983dfe,251,BASE,T1_SILENT_CHECK,primary,True,True,True,245,stop
f4dbccc77f7e1fc261fa7de499983dfe,251,MASK_SENTINEL,T1_SILENT_CHECK,primary,True,True,True,202,stop
f4dbccc77f7e1fc261fa7de499983dfe,251,METADATA_TOKEN_MATCHED_TO_MASK,T1_SILENT_CHECK,primary,True,True,True,202,stop
f4dbccc77f7e1fc261fa7de499983dfe,251,METADATA_TOKEN_MATCHED_TO_MASK,T0_OFF,primary,False,False,False,281,stop
f4dbccc77f7e1fc261fa7de499983dfe,251,MASK_SENTINEL,T0_OFF,primary,False,False,False,369,stop
f4dbccc77f7e1fc261fa7de499983dfe,251,BASE,T0_OFF,primary,False,False,False,432,stop
9e45cfbec5e7d5ceba66366fa35aaa64,292,BASE,T0_OFF,primary,True,True,True,263,stop
9e45cfbec5e7d5ceba66366fa35aaa64,292,BASE,T1_SILENT_CHECK,primary,True,True,True,284,stop
9e45cfbec5e7d5ceba66366fa35aaa64,292,MASK_SENTINEL,T0_OFF,primary,True,True,True,321,stop
9e45cfbec5e7d5ceba66366fa35aaa64,292,METADATA_TOKEN_MATCHED_TO_MASK,T0_OFF,primary,True,True,True,332,stop
9e45cfbec5e7d5ceba66366fa35aaa64,292,METADATA_TOKEN_MATCHED_TO_MASK,T1_SILENT_CHECK,primary,True,True,True,324,stop
9e45cfbec5e7d5ceba66366fa35aaa64,292,MASK_SENTINEL,T1_SILENT_CHECK,primary,True,True,True,429,stop
13bd8c50899053dfd49c1882b7ce64e6,175,METADATA_TOKEN_MATCHED_TO_MASK,T0_OFF,primary,False,False,True,322,stop
13bd8c50899053dfd49c1882b7ce64e6,175,BASE,T0_OFF,primary,True,True,True,458,stop
13bd8c50899053dfd49c1882b7ce64e6,175,BASE,T0_OFF,integrity_duplicate,True,True,True,458,stop
13bd8c50899053dfd49c1882b7ce64e6,175,METADATA_TOKEN_MATCHED_TO_MASK,T0_OFF,integrity_duplicate,False,False,True,322,stop
13bd8c50899053dfd49c1882b7ce64e6,175,BASE,T1_SILENT_CHECK,primary,False,False,True,1010,stop
13bd8c50899053dfd49c1882b7ce64e6,175,MASK_SENTINEL,T0_OFF,primary,False,False,True,1135,stop
13bd8c50899053dfd49c1882b7ce64e6,175,BASE,T1_SILENT_CHECK,integrity_duplicate,False,False,True,1010,stop
13bd8c50899053dfd49c1882b7ce64e6,175,MASK_SENTINEL,T0_OFF,integrity_duplicate,False,False,True,1135,stop
13bd8c50899053dfd49c1882b7ce64e6,175,METADATA_TOKEN_MATCHED_TO_MASK,T1_SILENT_CHECK,primary,False,False,True,1501,stop
13bd8c50899053dfd49c1882b7ce64e6,175,MASK_SENTINEL,T1_SILENT_CHECK,primary,False,False,True,2128,stop
13bd8c50899053dfd49c1882b7ce64e6,175,METADATA_TOKEN_MATCHED_TO_MASK,T1_SILENT_CHECK,integrity_duplicate,False,False,True,1501,stop
13bd8c50899053dfd49c1882b7ce64e6,175,MASK_SENTINEL,T1_SILENT_CHECK,integrity_duplicate,False,False,True,2128,stop
d0d08a47b3180b3217d67258532e7c4e,279,BASE,T0_OFF,primary,False,True,True,336,stop
d0d08a47b3180b3217d67258532e7c4e,279,BASE,T1_SILENT_CHECK,primary,True,True,True,315,stop
d0d08a47b3180b3217d67258532e7c4e,279,MASK_SENTINEL,T0_OFF,primary,True,True,True,168,stop
d0d08a47b3180b3217d67258532e7c4e,279,METADATA_TOKEN_MATCHED_TO_MASK,T1_SILENT_CHECK,primary,True,True,True,249,stop
d0d08a47b3180b3217d67258532e7c4e,279,METADATA_TOKEN_MATCHED_TO_MASK,T0_OFF,primary,False,True,True,256,stop
d0d08a47b3180b3217d67258532e7c4e,279,MASK_SENTINEL,T1_SILENT_CHECK,primary,True,True,True,285,stop
26696f2e9dbc0478064711d9af01fb0a,31,BASE,T0_OFF,primary,True,True,True,534,stop
26696f2e9dbc0478064711d9af01fb0a,31,BASE,T1_SILENT_CHECK,primary,True,True,True,520,stop
26696f2e9dbc0478064711d9af01fb0a,31,MASK_SENTINEL,T0_OFF,primary,True,True,True,535,stop
26696f2e9dbc0478064711d9af01fb0a,31,MASK_SENTINEL,T1_SILENT_CHECK,primary,True,True,True,495,stop
26696f2e9dbc0478064711d9af01fb0a,31,METADATA_TOKEN_MATCHED_TO_MASK,T1_SILENT_CHECK,primary,True,True,True,535,stop
26696f2e9dbc0478064711d9af01fb0a,31,METADATA_TOKEN_MATCHED_TO_MASK,T0_OFF,primary,True,True,True,1405,stop
380e0c2b29394bc04b0672aa2bacd9ca,140,METADATA_TOKEN_MATCHED_TO_MASK,T0_OFF,primary,False,False,False,189,stop
380e0c2b29394bc04b0672aa2bacd9ca,140,BASE,T1_SILENT_CHECK,primary,True,True,True,263,stop
380e0c2b29394bc04b0672aa2bacd9ca,140,MASK_SENTINEL,T0_OFF,primary,False,False,False,273,stop
380e0c2b29394bc04b0672aa2bacd9ca,140,MASK_SENTINEL,T1_SILENT_CHECK,primary,True,True,True,267,stop
380e0c2b29394bc04b0672aa2bacd9ca,140,BASE,T0_OFF,primary,False,False,False,388,stop
380e0c2b29394bc04b0672aa2bacd9ca,140,METADATA_TOKEN_MATCHED_TO_MASK,T1_SILENT_CHECK,primary,True,True,True,382,stop
b9c3837a8716d76553f8556799f36a65,154,BASE,T0_OFF,primary,False,False,False,381,stop
b9c3837a8716d76553f8556799f36a65,154,BASE,T1_SILENT_CHECK,primary,True,True,True,377,stop
b9c3837a8716d76553f8556799f36a65,154,MASK_SENTINEL,T0_OFF,primary,True,True,True,382,stop
b9c3837a8716d76553f8556799f36a65,154,MASK_SENTINEL,T1_SILENT_CHECK,primary,True,True,True,380,stop
b9c3837a8716d76553f8556799f36a65,154,METADATA_TOKEN_MATCHED_TO_MASK,T1_SILENT_CHECK,primary,True,True,True,361,stop
b9c3837a8716d76553f8556799f36a65,154,METADATA_TOKEN_MATCHED_TO_MASK,T0_OFF,primary,True,True,True,374,stop
b4399d0c790724daf0ae96f19284857e,44,BASE,T0_OFF,primary,False,False,False,299,stop
b4399d0c790724daf0ae96f19284857e,44,BASE,T1_SILENT_CHECK,primary,True,True,True,288,stop
b4399d0c790724daf0ae96f19284857e,44,MASK_SENTINEL,T0_OFF,primary,False,False,False,272,stop
b4399d0c790724daf0ae96f19284857e,44,MASK_SENTINEL,T1_SILENT_CHECK,primary,True,True,True,294,stop
b4399d0c790724daf0ae96f19284857e,44,METADATA_TOKEN_MATCHED_TO_MASK,T0_OFF,primary,False,False,False,281,stop
b4399d0c790724daf0ae96f19284857e,44,METADATA_TOKEN_MATCHED_TO_MASK,T1_SILENT_CHECK,primary,True,True,True,283,stop
7dfaf3c6d48477051ca6e83857ddf9da,245,BASE,T0_OFF,primary,False,False,False,394,stop
7dfaf3c6d48477051ca6e83857ddf9da,245,BASE,T1_SILENT_CHECK,primary,False,False,True,417,stop
7dfaf3c6d48477051ca6e83857ddf9da,245,METADATA_TOKEN_MATCHED_TO_MASK,T0_OFF,primary,False,False,False,209,stop
7dfaf3c6d48477051ca6e83857ddf9da,245,MASK_SENTINEL,T0_OFF,primary,False,False,False,309,stop
7dfaf3c6d48477051ca6e83857ddf9da,245,MASK_SENTINEL,T1_SILENT_CHECK,primary,True,True,True,312,stop
7dfaf3c6d48477051ca6e83857ddf9da,245,METADATA_TOKEN_MATCHED_TO_MASK,T1_SILENT_CHECK,primary,False,False,True,268,stop
7dfaf3c6d48477051ca6e83857ddf9da,245,METADATA_TOKEN_MATCHED_TO_MASK,T0_OFF,integrity_duplicate,False,False,False,209,stop
7dfaf3c6d48477051ca6e83857ddf9da,245,MASK_SENTINEL,T0_OFF,integrity_duplicate,False,False,False,309,stop
7dfaf3c6d48477051ca6e83857ddf9da,245,MASK_SENTINEL,T1_SILENT_CHECK,integrity_duplicate,True,True,True,312,stop
7dfaf3c6d48477051ca6e83857ddf9da,245,METADATA_TOKEN_MATCHED_TO_MASK,T1_SILENT_CHECK,integrity_duplicate,False,False,True,268,stop
7dfaf3c6d48477051ca6e83857ddf9da,245,BASE,T0_OFF,integrity_duplicate,False,False,False,394,stop
7dfaf3c6d48477051ca6e83857ddf9da,245,BASE,T1_SILENT_CHECK,integrity_duplicate,False,False,True,417,stop
d33a77eea2155a3be8dfceb8f5049225,231,MASK_SENTINEL,T0_OFF,primary,True,True,True,209,stop
d33a77eea2155a3be8dfceb8f5049225,231,BASE,T0_OFF,primary,True,True,True,213,stop
d33a77eea2155a3be8dfceb8f5049225,231,METADATA_TOKEN_MATCHED_TO_MASK,T0_OFF,primary,True,True,True,200,stop
d33a77eea2155a3be8dfceb8f5049225,231,BASE,T1_SILENT_CHECK,primary,True,True,True,235,stop
d33a77eea2155a3be8dfceb8f5049225,231,MASK_SENTINEL,T1_SILENT_CHECK,primary,True,True,True,235,stop
d33a77eea2155a3be8dfceb8f5049225,231,METADATA_TOKEN_MATCHED_TO_MASK,T1_SILENT_CHECK,primary,True,True,True,235,stop
752c5aca2f3c9a2811cf6a0cfc033bd3,158,MASK_SENTINEL,T1_SILENT_CHECK,primary,True,True,True,300,stop
752c5aca2f3c9a2811cf6a0cfc033bd3,158,BASE,T0_OFF,primary,False,False,False,404,stop
752c5aca2f3c9a2811cf6a0cfc033bd3,158,BASE,T1_SILENT_CHECK,primary,True,True,True,431,stop
752c5aca2f3c9a2811cf6a0cfc033bd3,158,MASK_SENTINEL,T0_OFF,primary,True,True,True,438,stop
752c5aca2f3c9a2811cf6a0cfc033bd3,158,METADATA_TOKEN_MATCHED_TO_MASK,T0_OFF,primary,False,False,False,392,stop
752c5aca2f3c9a2811cf6a0cfc033bd3,158,METADATA_TOKEN_MATCHED_TO_MASK,T1_SILENT_CHECK,primary,True,True,True,275,stop
d0fac546fcde7d8a8a3766f0d1fa10ed,143,BASE,T1_SILENT_CHECK,primary,True,True,True,246,stop
d0fac546fcde7d8a8a3766f0d1fa10ed,143,MASK_SENTINEL,T1_SILENT_CHECK,primary,True,True,True,206,stop
d0fac546fcde7d8a8a3766f0d1fa10ed,143,METADATA_TOKEN_MATCHED_TO_MASK,T0_OFF,primary,False,True,True,261,stop
d0fac546fcde7d8a8a3766f0d1fa10ed,143,METADATA_TOKEN_MATCHED_TO_MASK,T1_SILENT_CHECK,primary,True,True,True,260,stop
d0fac546fcde7d8a8a3766f0d1fa10ed,143,MASK_SENTINEL,T0_OFF,primary,False,False,False,308,stop
d0fac546fcde7d8a8a3766f0d1fa10ed,143,BASE,T1_SILENT_CHECK,integrity_duplicate,True,True,True,246,stop
d0fac546fcde7d8a8a3766f0d1fa10ed,143,BASE,T0_OFF,primary,False,False,False,402,stop
d0fac546fcde7d8a8a3766f0d1fa10ed,143,MASK_SENTINEL,T1_SILENT_CHECK,integrity_duplicate,True,True,True,206,stop
d0fac546fcde7d8a8a3766f0d1fa10ed,143,BASE,T0_OFF,integrity_duplicate,False,False,False,402,stop
d0fac546fcde7d8a8a3766f0d1fa10ed,143,MASK_SENTINEL,T0_OFF,integrity_duplicate,False,False,False,308,stop
d0fac546fcde7d8a8a3766f0d1fa10ed,143,METADATA_TOKEN_MATCHED_TO_MASK,T0_OFF,integrity_duplicate,False,True,True,261,stop
d0fac546fcde7d8a8a3766f0d1fa10ed,143,METADATA_TOKEN_MATCHED_TO_MASK,T1_SILENT_CHECK,integrity_duplicate,True,True,True,260,stop
20977a9d052482b1ec7a2ddd186e90ba,183,BASE,T0_OFF,primary,True,True,True,448,stop
20977a9d052482b1ec7a2ddd186e90ba,183,MASK_SENTINEL,T1_SILENT_CHECK,primary,True,True,True,413,stop
20977a9d052482b1ec7a2ddd186e90ba,183,MASK_SENTINEL,T0_OFF,primary,True,True,True,431,stop
20977a9d052482b1ec7a2ddd186e90ba,183,BASE,T1_SILENT_CHECK,primary,True,True,True,467,stop
20977a9d052482b1ec7a2ddd186e90ba,183,METADATA_TOKEN_MATCHED_TO_MASK,T0_OFF,primary,True,True,True,497,stop
20977a9d052482b1ec7a2ddd186e90ba,183,METADATA_TOKEN_MATCHED_TO_MASK,T1_SILENT_CHECK,primary,True,True,True,424,stop
20977a9d052482b1ec7a2ddd186e90ba,183,BASE,T0_OFF,integrity_duplicate,True,True,True,448,stop
20977a9d052482b1ec7a2ddd186e90ba,183,MASK_SENTINEL,T0_OFF,integrity_duplicate,True,True,True,431,stop
20977a9d052482b1ec7a2ddd186e90ba,183,BASE,T1_SILENT_CHECK,integrity_duplicate,True,True,True,467,stop
20977a9d052482b1ec7a2ddd186e90ba,183,MASK_SENTINEL,T1_SILENT_CHECK,integrity_duplicate,True,True,True,413,stop
20977a9d052482b1ec7a2ddd186e90ba,183,METADATA_TOKEN_MATCHED_TO_MASK,T1_SILENT_CHECK,integrity_duplicate,True,True,True,424,stop
20977a9d052482b1ec7a2ddd186e90ba,183,METADATA_TOKEN_MATCHED_TO_MASK,T0_OFF,integrity_duplicate,True,True,True,497,stop
233d772c0695cab6eba87fa1589d3476,135,BASE,T0_OFF,primary,False,False,False,321,stop
233d772c0695cab6eba87fa1589d3476,135,MASK_SENTINEL,T0_OFF,primary,True,True,True,300,stop
233d772c0695cab6eba87fa1589d3476,135,BASE,T1_SILENT_CHECK,primary,True,True,True,424,stop
233d772c0695cab6eba87fa1589d3476,135,METADATA_TOKEN_MATCHED_TO_MASK,T0_OFF,primary,False,False,False,321,stop
233d772c0695cab6eba87fa1589d3476,135,MASK_SENTINEL,T1_SILENT_CHECK,primary,True,True,True,436,stop
233d772c0695cab6eba87fa1589d3476,135,METADATA_TOKEN_MATCHED_TO_MASK,T1_SILENT_CHECK,primary,True,True,True,430,stop
f9ae1be8c3e29725bdef3fa6dc2a4bf6,199,BASE,T0_OFF,primary,True,True,True,520,stop
f9ae1be8c3e29725bdef3fa6dc2a4bf6,199,BASE,T1_SILENT_CHECK,primary,True,True,True,541,stop
f9ae1be8c3e29725bdef3fa6dc2a4bf6,199,MASK_SENTINEL,T0_OFF,primary,True,True,True,515,stop
f9ae1be8c3e29725bdef3fa6dc2a4bf6,199,MASK_SENTINEL,T1_SILENT_CHECK,primary,True,True,True,551,stop
f9ae1be8c3e29725bdef3fa6dc2a4bf6,199,METADATA_TOKEN_MATCHED_TO_MASK,T1_SILENT_CHECK,primary,True,True,True,522,stop
f9ae1be8c3e29725bdef3fa6dc2a4bf6,199,METADATA_TOKEN_MATCHED_TO_MASK,T0_OFF,primary,True,True,True,572,stop
6e736bd667bddef486afd94b781306a2,119,BASE,T1_SILENT_CHECK,primary,False,False,True,1545,stop
6e736bd667bddef486afd94b781306a2,119,MASK_SENTINEL,T1_SILENT_CHECK,primary,True,True,True,1384,stop
6e736bd667bddef486afd94b781306a2,119,BASE,T0_OFF,primary,False,False,True,1857,stop
6e736bd667bddef486afd94b781306a2,119,METADATA_TOKEN_MATCHED_TO_MASK,T0_OFF,primary,False,False,True,1488,stop
6e736bd667bddef486afd94b781306a2,119,MASK_SENTINEL,T0_OFF,primary,False,False,True,2002,stop
6e736bd667bddef486afd94b781306a2,119,BASE,T0_OFF,integrity_duplicate,False,False,True,1857,stop
6e736bd667bddef486afd94b781306a2,119,BASE,T1_SILENT_CHECK,integrity_duplicate,False,False,True,1545,stop
6e736bd667bddef486afd94b781306a2,119,MASK_SENTINEL,T1_SILENT_CHECK,integrity_duplicate,True,True,True,1384,stop
6e736bd667bddef486afd94b781306a2,119,METADATA_TOKEN_MATCHED_TO_MASK,T0_OFF,integrity_duplicate,False,False,True,1488,stop
6e736bd667bddef486afd94b781306a2,119,MASK_SENTINEL,T0_OFF,integrity_duplicate,False,False,True,2002,stop
6e736bd667bddef486afd94b781306a2,119,METADATA_TOKEN_MATCHED_TO_MASK,T1_SILENT_CHECK,primary,False,False,False,8192,length
6e736bd667bddef486afd94b781306a2,119,METADATA_TOKEN_MATCHED_TO_MASK,T1_SILENT_CHECK,integrity_duplicate,False,False,False,8192,length
64c097035d448de8fc9d5f719e647b81,246,BASE,T0_OFF,primary,True,True,True,118,stop
64c097035d448de8fc9d5f719e647b81,246,BASE,T1_SILENT_CHECK,primary,True,True,True,175,stop
64c097035d448de8fc9d5f719e647b81,246,MASK_SENTINEL,T0_OFF,primary,True,True,True,84,stop
64c097035d448de8fc9d5f719e647b81,246,MASK_SENTINEL,T1_SILENT_CHECK,primary,True,True,True,120,stop
64c097035d448de8fc9d5f719e647b81,246,METADATA_TOKEN_MATCHED_TO_MASK,T0_OFF,primary,True,True,True,86,stop
64c097035d448de8fc9d5f719e647b81,246,METADATA_TOKEN_MATCHED_TO_MASK,T1_SILENT_CHECK,primary,True,True,True,103,stop
64c097035d448de8fc9d5f719e647b81,246,MASK_SENTINEL,T0_OFF,integrity_duplicate,True,True,True,84,stop
64c097035d448de8fc9d5f719e647b81,246,BASE,T0_OFF,integrity_duplicate,True,True,True,118,stop
64c097035d448de8fc9d5f719e647b81,246,MASK_SENTINEL,T1_SILENT_CHECK,integrity_duplicate,True,True,True,120,stop
64c097035d448de8fc9d5f719e647b81,246,METADATA_TOKEN_MATCHED_TO_MASK,T0_OFF,integrity_duplicate,True,True,True,86,stop
64c097035d448de8fc9d5f719e647b81,246,METADATA_TOKEN_MATCHED_TO_MASK,T1_SILENT_CHECK,integrity_duplicate,True,True,True,103,stop
64c097035d448de8fc9d5f719e647b81,246,BASE,T1_SILENT_CHECK,integrity_duplicate,True,True,True,175,stop
3ad6fb59539841689615185c224e7295,225,BASE,T1_SILENT_CHECK,primary,True,True,True,355,stop
3ad6fb59539841689615185c224e7295,225,BASE,T0_OFF,primary,True,True,True,401,stop
3ad6fb59539841689615185c224e7295,225,MASK_SENTINEL,T0_OFF,primary,True,True,True,403,stop
3ad6fb59539841689615185c224e7295,225,MASK_SENTINEL,T1_SILENT_CHECK,primary,True,True,True,388,stop
3ad6fb59539841689615185c224e7295,225,METADATA_TOKEN_MATCHED_TO_MASK,T0_OFF,primary,True,True,True,344,stop
3ad6fb59539841689615185c224e7295,225,METADATA_TOKEN_MATCHED_TO_MASK,T1_SILENT_CHECK,primary,True,True,True,320,stop
6800fdc559a045bffde13fe5f804ba09,170,MASK_SENTINEL,T0_OFF,primary,False,False,False,62,stop
6800fdc559a045bffde13fe5f804ba09,170,BASE,T0_OFF,primary,False,False,False,147,stop
6800fdc559a045bffde13fe5f804ba09,170,METADATA_TOKEN_MATCHED_TO_MASK,T0_OFF,primary,False,False,False,62,stop
6800fdc559a045bffde13fe5f804ba09,170,BASE,T1_SILENT_CHECK,primary,False,False,True,135,stop
6800fdc559a045bffde13fe5f804ba09,170,MASK_SENTINEL,T1_SILENT_CHECK,primary,False,False,True,138,stop
6800fdc559a045bffde13fe5f804ba09,170,MASK_SENTINEL,T0_OFF,integrity_duplicate,False,False,False,62,stop
6800fdc559a045bffde13fe5f804ba09,170,METADATA_TOKEN_MATCHED_TO_MASK,T0_OFF,integrity_duplicate,False,False,False,62,stop
6800fdc559a045bffde13fe5f804ba09,170,METADATA_TOKEN_MATCHED_TO_MASK,T1_SILENT_CHECK,primary,False,False,True,156,stop
6800fdc559a045bffde13fe5f804ba09,170,BASE,T1_SILENT_CHECK,integrity_duplicate,False,False,True,135,stop
6800fdc559a045bffde13fe5f804ba09,170,BASE,T0_OFF,integrity_duplicate,False,False,False,147,stop
6800fdc559a045bffde13fe5f804ba09,170,MASK_SENTINEL,T1_SILENT_CHECK,integrity_duplicate,False,False,True,138,stop
6800fdc559a045bffde13fe5f804ba09,170,METADATA_TOKEN_MATCHED_TO_MASK,T1_SILENT_CHECK,integrity_duplicate,False,False,True,156,stop
cf213d0df7748ca2f7d6e793cb0daf89,166,BASE,T0_OFF,primary,True,True,True,421,stop
cf213d0df7748ca2f7d6e793cb0daf89,166,MASK_SENTINEL,T0_OFF,primary,True,True,True,384,stop
cf213d0df7748ca2f7d6e793cb0daf89,166,BASE,T1_SILENT_CHECK,primary,True,True,True,396,stop
cf213d0df7748ca2f7d6e793cb0daf89,166,MASK_SENTINEL,T1_SILENT_CHECK,primary,True,True,True,381,stop
cf213d0df7748ca2f7d6e793cb0daf89,166,METADATA_TOKEN_MATCHED_TO_MASK,T0_OFF,primary,False,False,False,383,stop
cf213d0df7748ca2f7d6e793cb0daf89,166,METADATA_TOKEN_MATCHED_TO_MASK,T1_SILENT_CHECK,primary,True,True,True,397,stop
82f07d956d91aa42811b2090b552dd28,155,BASE,T0_OFF,primary,True,True,True,432,stop
82f07d956d91aa42811b2090b552dd28,155,BASE,T1_SILENT_CHECK,primary,True,True,True,460,stop
82f07d956d91aa42811b2090b552dd28,155,MASK_SENTINEL,T0_OFF,primary,False,False,False,512,stop
82f07d956d91aa42811b2090b552dd28,155,MASK_SENTINEL,T1_SILENT_CHECK,primary,True,True,True,500,stop
82f07d956d91aa42811b2090b552dd28,155,METADATA_TOKEN_MATCHED_TO_MASK,T0_OFF,primary,False,False,False,431,stop
82f07d956d91aa42811b2090b552dd28,155,METADATA_TOKEN_MATCHED_TO_MASK,T1_SILENT_CHECK,primary,True,True,True,424,stop
a3e5de4111f9d0759083afee6844cd5e,281,BASE,T0_OFF,primary,False,False,False,240,stop
a3e5de4111f9d0759083afee6844cd5e,281,BASE,T1_SILENT_CHECK,primary,True,True,True,238,stop
a3e5de4111f9d0759083afee6844cd5e,281,MASK_SENTINEL,T1_SILENT_CHECK,primary,True,True,True,234,stop
a3e5de4111f9d0759083afee6844cd5e,281,MASK_SENTINEL,T0_OFF,primary,True,True,True,244,stop
a3e5de4111f9d0759083afee6844cd5e,281,METADATA_TOKEN_MATCHED_TO_MASK,T0_OFF,primary,False,False,False,244,stop
a3e5de4111f9d0759083afee6844cd5e,281,METADATA_TOKEN_MATCHED_TO_MASK,T1_SILENT_CHECK,primary,True,True,True,236,stop
a3e5de4111f9d0759083afee6844cd5e,281,BASE,T0_OFF,integrity_duplicate,False,False,False,240,stop
a3e5de4111f9d0759083afee6844cd5e,281,BASE,T1_SILENT_CHECK,integrity_duplicate,True,True,True,238,stop
a3e5de4111f9d0759083afee6844cd5e,281,MASK_SENTINEL,T0_OFF,integrity_duplicate,True,True,True,244,stop
a3e5de4111f9d0759083afee6844cd5e,281,MASK_SENTINEL,T1_SILENT_CHECK,integrity_duplicate,True,True,True,234,stop
a3e5de4111f9d0759083afee6844cd5e,281,METADATA_TOKEN_MATCHED_TO_MASK,T1_SILENT_CHECK,integrity_duplicate,True,True,True,236,stop
a3e5de4111f9d0759083afee6844cd5e,281,METADATA_TOKEN_MATCHED_TO_MASK,T0_OFF,integrity_duplicate,False,False,False,244,stop
c4249bbd4d0353c58be67c2bbed16e51,81,BASE,T0_OFF,primary,False,False,True,214,stop
c4249bbd4d0353c58be67c2bbed16e51,81,BASE,T1_SILENT_CHECK,primary,False,False,True,283,stop
c4249bbd4d0353c58be67c2bbed16e51,81,MASK_SENTINEL,T0_OFF,primary,True,True,True,280,stop
c4249bbd4d0353c58be67c2bbed16e51,81,MASK_SENTINEL,T1_SILENT_CHECK,primary,False,False,True,264,stop
c4249bbd4d0353c58be67c2bbed16e51,81,METADATA_TOKEN_MATCHED_TO_MASK,T0_OFF,primary,False,False,True,252,stop
c4249bbd4d0353c58be67c2bbed16e51,81,METADATA_TOKEN_MATCHED_TO_MASK,T1_SILENT_CHECK,primary,False,False,True,287,stop
af8d381911da54ae47b76f5a52839a2c,87,BASE,T0_OFF,primary,True,True,True,455,stop
af8d381911da54ae47b76f5a52839a2c,87,MASK_SENTINEL,T0_OFF,primary,True,True,True,448,stop
af8d381911da54ae47b76f5a52839a2c,87,BASE,T1_SILENT_CHECK,primary,True,True,True,519,stop
af8d381911da54ae47b76f5a52839a2c,87,MASK_SENTINEL,T1_SILENT_CHECK,primary,True,True,True,503,stop
af8d381911da54ae47b76f5a52839a2c,87,METADATA_TOKEN_MATCHED_TO_MASK,T0_OFF,primary,True,True,True,455,stop
af8d381911da54ae47b76f5a52839a2c,87,METADATA_TOKEN_MATCHED_TO_MASK,T1_SILENT_CHECK,primary,True,True,True,498,stop
d9f13c71df1462f671c77bc23c3dc48d,167,BASE,T1_SILENT_CHECK,primary,True,True,True,366,stop
d9f13c71df1462f671c77bc23c3dc48d,167,BASE,T0_OFF,primary,False,False,False,516,stop
d9f13c71df1462f671c77bc23c3dc48d,167,MASK_SENTINEL,T0_OFF,primary,False,False,False,574,stop
d9f13c71df1462f671c77bc23c3dc48d,167,MASK_SENTINEL,T1_SILENT_CHECK,primary,False,False,True,464,stop
d9f13c71df1462f671c77bc23c3dc48d,167,METADATA_TOKEN_MATCHED_TO_MASK,T0_OFF,primary,False,False,False,633,stop
d9f13c71df1462f671c77bc23c3dc48d,167,METADATA_TOKEN_MATCHED_TO_MASK,T1_SILENT_CHECK,primary,False,False,True,589,stop
6909e214cf427d2072d8acb4bcda7afc,69,BASE,T0_OFF,primary,True,True,True,303,stop
6909e214cf427d2072d8acb4bcda7afc,69,BASE,T1_SILENT_CHECK,primary,True,True,True,269,stop
6909e214cf427d2072d8acb4bcda7afc,69,MASK_SENTINEL,T1_SILENT_CHECK,primary,True,True,True,283,stop
6909e214cf427d2072d8acb4bcda7afc,69,METADATA_TOKEN_MATCHED_TO_MASK,T1_SILENT_CHECK,primary,True,True,True,268,stop
6909e214cf427d2072d8acb4bcda7afc,69,METADATA_TOKEN_MATCHED_TO_MASK,T0_OFF,primary,True,True,True,316,stop
6909e214cf427d2072d8acb4bcda7afc,69,MASK_SENTINEL,T0_OFF,primary,True,True,True,339,stop
c8e7b0ba21132fe56430e6d35b63bb20,62,BASE,T0_OFF,primary,False,False,True,1387,stop
c8e7b0ba21132fe56430e6d35b63bb20,62,MASK_SENTINEL,T1_SILENT_CHECK,primary,False,False,True,1221,stop
c8e7b0ba21132fe56430e6d35b63bb20,62,MASK_SENTINEL,T0_OFF,primary,True,True,True,1323,stop
c8e7b0ba21132fe56430e6d35b63bb20,62,METADATA_TOKEN_MATCHED_TO_MASK,T0_OFF,primary,False,False,True,1347,stop
c8e7b0ba21132fe56430e6d35b63bb20,62,BASE,T1_SILENT_CHECK,primary,False,False,True,1980,stop
c8e7b0ba21132fe56430e6d35b63bb20,62,BASE,T0_OFF,integrity_duplicate,False,False,True,1387,stop
c8e7b0ba21132fe56430e6d35b63bb20,62,METADATA_TOKEN_MATCHED_TO_MASK,T1_SILENT_CHECK,primary,False,False,True,1935,stop
c8e7b0ba21132fe56430e6d35b63bb20,62,MASK_SENTINEL,T1_SILENT_CHECK,integrity_duplicate,False,False,True,1221,stop
c8e7b0ba21132fe56430e6d35b63bb20,62,MASK_SENTINEL,T0_OFF,integrity_duplicate,True,True,True,1323,stop
c8e7b0ba21132fe56430e6d35b63bb20,62,METADATA_TOKEN_MATCHED_TO_MASK,T0_OFF,integrity_duplicate,False,False,True,1347,stop
c8e7b0ba21132fe56430e6d35b63bb20,62,BASE,T1_SILENT_CHECK,integrity_duplicate,False,False,True,1980,stop
c8e7b0ba21132fe56430e6d35b63bb20,62,METADATA_TOKEN_MATCHED_TO_MASK,T1_SILENT_CHECK,integrity_duplicate,False,False,True,1935,stop
b5b9ee0af177c35069d73b7595580610,139,BASE,T0_OFF,primary,False,False,False,173,stop
b5b9ee0af177c35069d73b7595580610,139,BASE,T1_SILENT_CHECK,primary,False,False,True,183,stop
b5b9ee0af177c35069d73b7595580610,139,MASK_SENTINEL,T0_OFF,primary,False,False,True,194,stop
b5b9ee0af177c35069d73b7595580610,139,MASK_SENTINEL,T1_SILENT_CHECK,primary,False,False,True,244,stop
b5b9ee0af177c35069d73b7595580610,139,METADATA_TOKEN_MATCHED_TO_MASK,T1_SILENT_CHECK,primary,False,False,True,181,stop
b5b9ee0af177c35069d73b7595580610,139,METADATA_TOKEN_MATCHED_TO_MASK,T0_OFF,primary,False,False,False,245,stop
56aa7b4a94bfee8851018379e5850ea3,75,BASE,T1_SILENT_CHECK,primary,True,True,True,447,stop
56aa7b4a94bfee8851018379e5850ea3,75,MASK_SENTINEL,T0_OFF,primary,True,True,True,686,stop
56aa7b4a94bfee8851018379e5850ea3,75,MASK_SENTINEL,T1_SILENT_CHECK,primary,True,True,True,718,stop
56aa7b4a94bfee8851018379e5850ea3,75,BASE,T0_OFF,primary,True,True,True,893,stop
56aa7b4a94bfee8851018379e5850ea3,75,METADATA_TOKEN_MATCHED_TO_MASK,T0_OFF,primary,True,True,True,702,stop
56aa7b4a94bfee8851018379e5850ea3,75,METADATA_TOKEN_MATCHED_TO_MASK,T1_SILENT_CHECK,primary,True,True,True,718,stop
e4be595aec916f6a05326cf326fe764d,241,BASE,T1_SILENT_CHECK,primary,False,False,True,134,stop
e4be595aec916f6a05326cf326fe764d,241,METADATA_TOKEN_MATCHED_TO_MASK,T1_SILENT_CHECK,primary,False,False,True,147,stop
e4be595aec916f6a05326cf326fe764d,241,BASE,T0_OFF,primary,False,False,False,248,stop
e4be595aec916f6a05326cf326fe764d,241,MASK_SENTINEL,T1_SILENT_CHECK,primary,False,False,True,239,stop
e4be595aec916f6a05326cf326fe764d,241,METADATA_TOKEN_MATCHED_TO_MASK,T0_OFF,primary,False,False,False,276,stop
e4be595aec916f6a05326cf326fe764d,241,MASK_SENTINEL,T0_OFF,primary,False,False,False,486,stop
b48151eefefc292669e6fd47114b4dfe,2,BASE,T1_SILENT_CHECK,primary,True,True,True,114,stop
b48151eefefc292669e6fd47114b4dfe,2,BASE,T0_OFF,primary,False,False,False,244,stop
b48151eefefc292669e6fd47114b4dfe,2,MASK_SENTINEL,T0_OFF,primary,False,False,False,242,stop
b48151eefefc292669e6fd47114b4dfe,2,MASK_SENTINEL,T1_SILENT_CHECK,primary,True,True,True,207,stop
b48151eefefc292669e6fd47114b4dfe,2,METADATA_TOKEN_MATCHED_TO_MASK,T0_OFF,primary,True,True,True,216,stop
b48151eefefc292669e6fd47114b4dfe,2,METADATA_TOKEN_MATCHED_TO_MASK,T1_SILENT_CHECK,primary,True,True,True,277,stop
a9480f1fc765ea0862c5db258644e35e,212,BASE,T0_OFF,primary,True,True,True,850,stop
a9480f1fc765ea0862c5db258644e35e,212,BASE,T1_SILENT_CHECK,primary,True,True,True,947,stop
a9480f1fc765ea0862c5db258644e35e,212,MASK_SENTINEL,T0_OFF,primary,True,True,True,882,stop
a9480f1fc765ea0862c5db258644e35e,212,MASK_SENTINEL,T1_SILENT_CHECK,primary,True,True,True,884,stop
a9480f1fc765ea0862c5db258644e35e,212,METADATA_TOKEN_MATCHED_TO_MASK,T1_SILENT_CHECK,primary,True,True,True,886,stop
a9480f1fc765ea0862c5db258644e35e,212,METADATA_TOKEN_MATCHED_TO_MASK,T0_OFF,primary,True,True,True,943,stop
5507ded869e21e8f581454dd713621ca,132,BASE,T0_OFF,primary,False,False,False,333,stop
5507ded869e21e8f581454dd713621ca,132,BASE,T1_SILENT_CHECK,primary,True,True,True,339,stop
5507ded869e21e8f581454dd713621ca,132,MASK_SENTINEL,T0_OFF,primary,False,False,True,324,stop
5507ded869e21e8f581454dd713621ca,132,MASK_SENTINEL,T1_SILENT_CHECK,primary,True,True,True,264,stop
5507ded869e21e8f581454dd713621ca,132,METADATA_TOKEN_MATCHED_TO_MASK,T0_OFF,primary,True,True,True,347,stop
5507ded869e21e8f581454dd713621ca,132,METADATA_TOKEN_MATCHED_TO_MASK,T1_SILENT_CHECK,primary,True,True,True,333,stop
57af78482bd27f343bb6c2168cfe9758,98,BASE,T0_OFF,primary,True,True,True,585,stop
57af78482bd27f343bb6c2168cfe9758,98,BASE,T1_SILENT_CHECK,primary,True,True,True,799,stop
57af78482bd27f343bb6c2168cfe9758,98,MASK_SENTINEL,T1_SILENT_CHECK,primary,True,True,True,751,stop
57af78482bd27f343bb6c2168cfe9758,98,METADATA_TOKEN_MATCHED_TO_MASK,T1_SILENT_CHECK,primary,True,True,True,826,stop
57af78482bd27f343bb6c2168cfe9758,98,MASK_SENTINEL,T0_OFF,primary,False,False,True,1490,stop
57af78482bd27f343bb6c2168cfe9758,98,METADATA_TOKEN_MATCHED_TO_MASK,T0_OFF,primary,False,False,True,2336,stop
befa6a8dc923c40cfeffed8083d3fde3,111,BASE,T0_OFF,primary,False,False,False,873,stop
befa6a8dc923c40cfeffed8083d3fde3,111,BASE,T1_SILENT_CHECK,primary,True,True,True,884,stop
befa6a8dc923c40cfeffed8083d3fde3,111,MASK_SENTINEL,T0_OFF,primary,True,True,True,599,stop
befa6a8dc923c40cfeffed8083d3fde3,111,MASK_SENTINEL,T1_SILENT_CHECK,primary,True,True,True,765,stop
befa6a8dc923c40cfeffed8083d3fde3,111,METADATA_TOKEN_MATCHED_TO_MASK,T0_OFF,primary,False,True,True,634,stop
befa6a8dc923c40cfeffed8083d3fde3,111,METADATA_TOKEN_MATCHED_TO_MASK,T1_SILENT_CHECK,primary,True,True,True,745,stop
dc0224543cc2fdc1472452b1f6fdba81,133,BASE,T0_OFF,primary,False,False,False,451,stop
dc0224543cc2fdc1472452b1f6fdba81,133,BASE,T1_SILENT_CHECK,primary,True,True,True,317,stop
dc0224543cc2fdc1472452b1f6fdba81,133,MASK_SENTINEL,T0_OFF,primary,False,False,False,335,stop
dc0224543cc2fdc1472452b1f6fdba81,133,MASK_SENTINEL,T1_SILENT_CHECK,primary,True,True,True,294,stop
dc0224543cc2fdc1472452b1f6fdba81,133,METADATA_TOKEN_MATCHED_TO_MASK,T0_OFF,primary,False,False,False,336,stop
dc0224543cc2fdc1472452b1f6fdba81,133,METADATA_TOKEN_MATCHED_TO_MASK,T1_SILENT_CHECK,primary,True,True,True,291,stop
70124a1b3b80beaafe3061becf4d52c2,45,BASE,T0_OFF,primary,False,True,True,777,stop
70124a1b3b80beaafe3061becf4d52c2,45,BASE,T1_SILENT_CHECK,primary,True,True,True,771,stop
70124a1b3b80beaafe3061becf4d52c2,45,MASK_SENTINEL,T0_OFF,primary,True,True,True,771,stop
70124a1b3b80beaafe3061becf4d52c2,45,MASK_SENTINEL,T1_SILENT_CHECK,primary,True,True,True,930,stop
70124a1b3b80beaafe3061becf4d52c2,45,METADATA_TOKEN_MATCHED_TO_MASK,T0_OFF,primary,True,True,True,771,stop
70124a1b3b80beaafe3061becf4d52c2,45,BASE,T0_OFF,integrity_duplicate,False,True,True,777,stop
70124a1b3b80beaafe3061becf4d52c2,45,METADATA_TOKEN_MATCHED_TO_MASK,T1_SILENT_CHECK,primary,True,True,True,930,stop
70124a1b3b80beaafe3061becf4d52c2,45,BASE,T1_SILENT_CHECK,integrity_duplicate,True,True,True,771,stop
70124a1b3b80beaafe3061becf4d52c2,45,MASK_SENTINEL,T0_OFF,integrity_duplicate,True,True,True,771,stop
70124a1b3b80beaafe3061becf4d52c2,45,METADATA_TOKEN_MATCHED_TO_MASK,T0_OFF,integrity_duplicate,True,True,True,771,stop
70124a1b3b80beaafe3061becf4d52c2,45,MASK_SENTINEL,T1_SILENT_CHECK,integrity_duplicate,True,True,True,930,stop
70124a1b3b80beaafe3061becf4d52c2,45,METADATA_TOKEN_MATCHED_TO_MASK,T1_SILENT_CHECK,integrity_duplicate,True,True,True,930,stop
5ce2af150d35e2f228f63874c80d9741,273,BASE,T0_OFF,primary,False,True,True,470,stop
5ce2af150d35e2f228f63874c80d9741,273,BASE,T1_SILENT_CHECK,primary,True,True,True,465,stop
5ce2af150d35e2f228f63874c80d9741,273,MASK_SENTINEL,T0_OFF,primary,True,True,True,448,stop
5ce2af150d35e2f228f63874c80d9741,273,MASK_SENTINEL,T1_SILENT_CHECK,primary,True,True,True,448,stop
5ce2af150d35e2f228f63874c80d9741,273,METADATA_TOKEN_MATCHED_TO_MASK,T0_OFF,primary,True,True,True,455,stop
5ce2af150d35e2f228f63874c80d9741,273,METADATA_TOKEN_MATCHED_TO_MASK,T1_SILENT_CHECK,primary,True,True,True,448,stop
a843a16872afc5cb012cb2ac91b9357c,174,BASE,T0_OFF,primary,True,True,True,237,stop
a843a16872afc5cb012cb2ac91b9357c,174,BASE,T1_SILENT_CHECK,primary,True,True,True,214,stop
a843a16872afc5cb012cb2ac91b9357c,174,MASK_SENTINEL,T0_OFF,primary,True,True,True,254,stop
a843a16872afc5cb012cb2ac91b9357c,174,MASK_SENTINEL,T1_SILENT_CHECK,primary,True,True,True,191,stop
a843a16872afc5cb012cb2ac91b9357c,174,METADATA_TOKEN_MATCHED_TO_MASK,T1_SILENT_CHECK,primary,True,True,True,191,stop
a843a16872afc5cb012cb2ac91b9357c,174,METADATA_TOKEN_MATCHED_TO_MASK,T0_OFF,primary,True,True,True,239,stop
eb749468fe7645f38640a10cb64a97ac,222,METADATA_TOKEN_MATCHED_TO_MASK,T0_OFF,primary,False,False,True,236,stop
eb749468fe7645f38640a10cb64a97ac,222,BASE,T1_SILENT_CHECK,primary,True,True,True,285,stop
eb749468fe7645f38640a10cb64a97ac,222,BASE,T0_OFF,primary,False,False,False,305,stop
eb749468fe7645f38640a10cb64a97ac,222,METADATA_TOKEN_MATCHED_TO_MASK,T1_SILENT_CHECK,primary,True,True,True,270,stop
eb749468fe7645f38640a10cb64a97ac,222,MASK_SENTINEL,T0_OFF,primary,True,True,True,317,stop
eb749468fe7645f38640a10cb64a97ac,222,MASK_SENTINEL,T1_SILENT_CHECK,primary,True,True,True,327,stop
aec0c31264d95701c3c3b8f024811d16,142,MASK_SENTINEL,T0_OFF,primary,True,True,True,93,stop
aec0c31264d95701c3c3b8f024811d16,142,BASE,T1_SILENT_CHECK,primary,True,True,True,147,stop
aec0c31264d95701c3c3b8f024811d16,142,BASE,T0_OFF,primary,False,False,False,200,stop
aec0c31264d95701c3c3b8f024811d16,142,MASK_SENTINEL,T1_SILENT_CHECK,primary,True,True,True,96,stop
aec0c31264d95701c3c3b8f024811d16,142,METADATA_TOKEN_MATCHED_TO_MASK,T1_SILENT_CHECK,primary,True,True,True,106,stop
aec0c31264d95701c3c3b8f024811d16,142,METADATA_TOKEN_MATCHED_TO_MASK,T0_OFF,primary,True,True,True,144,stop
aec0c31264d95701c3c3b8f024811d16,142,MASK_SENTINEL,T0_OFF,integrity_duplicate,True,True,True,93,stop
aec0c31264d95701c3c3b8f024811d16,142,MASK_SENTINEL,T1_SILENT_CHECK,integrity_duplicate,True,True,True,96,stop
aec0c31264d95701c3c3b8f024811d16,142,BASE,T1_SILENT_CHECK,integrity_duplicate,True,True,True,147,stop
aec0c31264d95701c3c3b8f024811d16,142,BASE,T0_OFF,integrity_duplicate,False,False,False,200,stop
aec0c31264d95701c3c3b8f024811d16,142,METADATA_TOKEN_MATCHED_TO_MASK,T1_SILENT_CHECK,integrity_duplicate,True,True,True,106,stop
aec0c31264d95701c3c3b8f024811d16,142,METADATA_TOKEN_MATCHED_TO_MASK,T0_OFF,integrity_duplicate,True,True,True,144,stop
6b204df81f3880d5381168aeb0c59ebf,55,BASE,T0_OFF,primary,True,True,True,905,stop
6b204df81f3880d5381168aeb0c59ebf,55,BASE,T1_SILENT_CHECK,primary,True,True,True,971,stop
6b204df81f3880d5381168aeb0c59ebf,55,MASK_SENTINEL,T1_SILENT_CHECK,primary,True,True,True,835,stop
6b204df81f3880d5381168aeb0c59ebf,55,MASK_SENTINEL,T0_OFF,primary,True,True,True,1026,stop
6b204df81f3880d5381168aeb0c59ebf,55,METADATA_TOKEN_MATCHED_TO_MASK,T0_OFF,primary,True,True,True,869,stop
6b204df81f3880d5381168aeb0c59ebf,55,METADATA_TOKEN_MATCHED_TO_MASK,T1_SILENT_CHECK,primary,True,True,True,796,stop
59830d8adca43c1a4ceebedd7384a754,203,BASE,T0_OFF,primary,False,True,True,286,stop
59830d8adca43c1a4ceebedd7384a754,203,BASE,T1_SILENT_CHECK,primary,True,True,True,275,stop
59830d8adca43c1a4ceebedd7384a754,203,MASK_SENTINEL,T0_OFF,primary,True,True,True,284,stop
59830d8adca43c1a4ceebedd7384a754,203,METADATA_TOKEN_MATCHED_TO_MASK,T0_OFF,primary,True,True,True,275,stop
59830d8adca43c1a4ceebedd7384a754,203,MASK_SENTINEL,T1_SILENT_CHECK,primary,True,True,True,294,stop
59830d8adca43c1a4ceebedd7384a754,203,METADATA_TOKEN_MATCHED_TO_MASK,T1_SILENT_CHECK,primary,True,True,True,275,stop
63ddad3be74c4f0e85bcc587a842daba,28,BASE,T1_SILENT_CHECK,primary,False,False,True,331,stop
63ddad3be74c4f0e85bcc587a842daba,28,BASE,T0_OFF,primary,False,False,True,399,stop
63ddad3be74c4f0e85bcc587a842daba,28,BASE,T1_SILENT_CHECK,integrity_duplicate,False,False,True,331,stop
63ddad3be74c4f0e85bcc587a842daba,28,BASE,T0_OFF,integrity_duplicate,False,False,True,399,stop
63ddad3be74c4f0e85bcc587a842daba,28,MASK_SENTINEL,T0_OFF,primary,False,False,True,536,stop
63ddad3be74c4f0e85bcc587a842daba,28,METADATA_TOKEN_MATCHED_TO_MASK,T0_OFF,primary,False,False,False,543,stop
63ddad3be74c4f0e85bcc587a842daba,28,MASK_SENTINEL,T1_SILENT_CHECK,primary,False,False,True,564,stop
63ddad3be74c4f0e85bcc587a842daba,28,METADATA_TOKEN_MATCHED_TO_MASK,T1_SILENT_CHECK,primary,False,False,True,520,stop
63ddad3be74c4f0e85bcc587a842daba,28,MASK_SENTINEL,T0_OFF,integrity_duplicate,False,False,True,536,stop
63ddad3be74c4f0e85bcc587a842daba,28,MASK_SENTINEL,T1_SILENT_CHECK,integrity_duplicate,False,False,True,564,stop
63ddad3be74c4f0e85bcc587a842daba,28,METADATA_TOKEN_MATCHED_TO_MASK,T0_OFF,integrity_duplicate,False,False,False,543,stop
63ddad3be74c4f0e85bcc587a842daba,28,METADATA_TOKEN_MATCHED_TO_MASK,T1_SILENT_CHECK,integrity_duplicate,False,False,True,520,stop
1b85bcee4e018aa70e684753dedfbf81,35,METADATA_TOKEN_MATCHED_TO_MASK,T0_OFF,primary,True,True,True,489,stop
1b85bcee4e018aa70e684753dedfbf81,35,BASE,T1_SILENT_CHECK,primary,True,True,True,622,stop
1b85bcee4e018aa70e684753dedfbf81,35,MASK_SENTINEL,T1_SILENT_CHECK,primary,True,True,True,622,stop
1b85bcee4e018aa70e684753dedfbf81,35,METADATA_TOKEN_MATCHED_TO_MASK,T1_SILENT_CHECK,primary,True,True,True,622,stop
1b85bcee4e018aa70e684753dedfbf81,35,BASE,T0_OFF,primary,True,True,True,728,stop
1b85bcee4e018aa70e684753dedfbf81,35,MASK_SENTINEL,T0_OFF,primary,True,True,True,702,stop
fe353bff902fbae10a739ca3e97265a0,254,MASK_SENTINEL,T0_OFF,primary,True,True,True,200,stop
fe353bff902fbae10a739ca3e97265a0,254,BASE,T1_SILENT_CHECK,primary,True,True,True,208,stop
fe353bff902fbae10a739ca3e97265a0,254,BASE,T0_OFF,primary,True,True,True,238,stop
fe353bff902fbae10a739ca3e97265a0,254,MASK_SENTINEL,T1_SILENT_CHECK,primary,True,True,True,232,stop
fe353bff902fbae10a739ca3e97265a0,254,METADATA_TOKEN_MATCHED_TO_MASK,T1_SILENT_CHECK,primary,True,True,True,215,stop
fe353bff902fbae10a739ca3e97265a0,254,METADATA_TOKEN_MATCHED_TO_MASK,T0_OFF,primary,True,True,True,238,stop
f1de4913b0ab09e46e5c398df662e043,274,MASK_SENTINEL,T0_OFF,primary,True,True,True,576,stop
f1de4913b0ab09e46e5c398df662e043,274,BASE,T0_OFF,primary,True,True,True,754,stop
f1de4913b0ab09e46e5c398df662e043,274,METADATA_TOKEN_MATCHED_TO_MASK,T0_OFF,primary,True,True,True,695,stop
f1de4913b0ab09e46e5c398df662e043,274,BASE,T1_SILENT_CHECK,primary,True,True,True,838,stop
f1de4913b0ab09e46e5c398df662e043,274,MASK_SENTINEL,T1_SILENT_CHECK,primary,True,True,True,829,stop
f1de4913b0ab09e46e5c398df662e043,274,METADATA_TOKEN_MATCHED_TO_MASK,T1_SILENT_CHECK,primary,True,True,True,829,stop
c2434b91c6ec0859eb7ea55ef859e8a2,181,BASE,T0_OFF,primary,True,True,True,437,stop
c2434b91c6ec0859eb7ea55ef859e8a2,181,MASK_SENTINEL,T0_OFF,primary,True,True,True,424,stop
c2434b91c6ec0859eb7ea55ef859e8a2,181,BASE,T1_SILENT_CHECK,primary,False,False,True,545,stop
c2434b91c6ec0859eb7ea55ef859e8a2,181,MASK_SENTINEL,T1_SILENT_CHECK,primary,True,True,True,504,stop
c2434b91c6ec0859eb7ea55ef859e8a2,181,METADATA_TOKEN_MATCHED_TO_MASK,T0_OFF,primary,False,False,True,520,stop
c2434b91c6ec0859eb7ea55ef859e8a2,181,METADATA_TOKEN_MATCHED_TO_MASK,T1_SILENT_CHECK,primary,False,False,True,509,stop
c2434b91c6ec0859eb7ea55ef859e8a2,181,BASE,T0_OFF,integrity_duplicate,True,True,True,437,stop
c2434b91c6ec0859eb7ea55ef859e8a2,181,BASE,T1_SILENT_CHECK,integrity_duplicate,False,False,True,545,stop
c2434b91c6ec0859eb7ea55ef859e8a2,181,MASK_SENTINEL,T0_OFF,integrity_duplicate,True,True,True,424,stop
c2434b91c6ec0859eb7ea55ef859e8a2,181,MASK_SENTINEL,T1_SILENT_CHECK,integrity_duplicate,True,True,True,504,stop
c2434b91c6ec0859eb7ea55ef859e8a2,181,METADATA_TOKEN_MATCHED_TO_MASK,T1_SILENT_CHECK,integrity_duplicate,False,False,True,509,stop
c2434b91c6ec0859eb7ea55ef859e8a2,181,METADATA_TOKEN_MATCHED_TO_MASK,T0_OFF,integrity_duplicate,False,False,True,520,stop
23cfa91c2032e1c1ea8cc32acba0384a,113,BASE,T0_OFF,primary,True,True,True,916,stop
23cfa91c2032e1c1ea8cc32acba0384a,113,MASK_SENTINEL,T1_SILENT_CHECK,primary,True,True,True,1049,stop
23cfa91c2032e1c1ea8cc32acba0384a,113,METADATA_TOKEN_MATCHED_TO_MASK,T0_OFF,primary,False,False,False,1017,stop
23cfa91c2032e1c1ea8cc32acba0384a,113,METADATA_TOKEN_MATCHED_TO_MASK,T1_SILENT_CHECK,primary,True,True,True,1002,stop
23cfa91c2032e1c1ea8cc32acba0384a,113,MASK_SENTINEL,T0_OFF,primary,True,True,True,1470,stop
23cfa91c2032e1c1ea8cc32acba0384a,113,BASE,T0_OFF,integrity_duplicate,True,True,True,916,stop
23cfa91c2032e1c1ea8cc32acba0384a,113,MASK_SENTINEL,T1_SILENT_CHECK,integrity_duplicate,True,True,True,1049,stop
23cfa91c2032e1c1ea8cc32acba0384a,113,METADATA_TOKEN_MATCHED_TO_MASK,T1_SILENT_CHECK,integrity_duplicate,True,True,True,1002,stop
23cfa91c2032e1c1ea8cc32acba0384a,113,METADATA_TOKEN_MATCHED_TO_MASK,T0_OFF,integrity_duplicate,False,False,False,1017,stop
23cfa91c2032e1c1ea8cc32acba0384a,113,MASK_SENTINEL,T0_OFF,integrity_duplicate,True,True,True,1470,stop
23cfa91c2032e1c1ea8cc32acba0384a,113,BASE,T1_SILENT_CHECK,primary,False,False,False,8192,length
23cfa91c2032e1c1ea8cc32acba0384a,113,BASE,T1_SILENT_CHECK,integrity_duplicate,False,False,False,8192,length
29ff54c185d8c0665098b822c8bdee0b,285,BASE,T0_OFF,primary,True,True,True,313,stop
29ff54c185d8c0665098b822c8bdee0b,285,BASE,T1_SILENT_CHECK,primary,True,True,True,307,stop
29ff54c185d8c0665098b822c8bdee0b,285,MASK_SENTINEL,T0_OFF,primary,True,True,True,285,stop
29ff54c185d8c0665098b822c8bdee0b,285,MASK_SENTINEL,T1_SILENT_CHECK,primary,True,True,True,295,stop
29ff54c185d8c0665098b822c8bdee0b,285,METADATA_TOKEN_MATCHED_TO_MASK,T0_OFF,primary,True,True,True,304,stop
29ff54c185d8c0665098b822c8bdee0b,285,METADATA_TOKEN_MATCHED_TO_MASK,T1_SILENT_CHECK,primary,True,True,True,285,stop
29ff54c185d8c0665098b822c8bdee0b,285,BASE,T0_OFF,integrity_duplicate,True,True,True,313,stop
29ff54c185d8c0665098b822c8bdee0b,285,MASK_SENTINEL,T0_OFF,integrity_duplicate,True,True,True,285,stop
29ff54c185d8c0665098b822c8bdee0b,285,BASE,T1_SILENT_CHECK,integrity_duplicate,True,True,True,307,stop
29ff54c185d8c0665098b822c8bdee0b,285,MASK_SENTINEL,T1_SILENT_CHECK,integrity_duplicate,True,True,True,295,stop
29ff54c185d8c0665098b822c8bdee0b,285,METADATA_TOKEN_MATCHED_TO_MASK,T0_OFF,integrity_duplicate,True,True,True,304,stop
29ff54c185d8c0665098b822c8bdee0b,285,METADATA_TOKEN_MATCHED_TO_MASK,T1_SILENT_CHECK,integrity_duplicate,True,True,True,285,stop
e2ae1a5079c85c7d858842007dcfb918,97,BASE,T1_SILENT_CHECK,primary,False,False,True,635,stop
e2ae1a5079c85c7d858842007dcfb918,97,METADATA_TOKEN_MATCHED_TO_MASK,T1_SILENT_CHECK,primary,False,False,True,632,stop
e2ae1a5079c85c7d858842007dcfb918,97,MASK_SENTINEL,T0_OFF,primary,False,False,True,830,stop
e2ae1a5079c85c7d858842007dcfb918,97,METADATA_TOKEN_MATCHED_TO_MASK,T0_OFF,primary,False,False,True,924,stop
e2ae1a5079c85c7d858842007dcfb918,97,MASK_SENTINEL,T1_SILENT_CHECK,primary,False,False,True,1039,stop
e2ae1a5079c85c7d858842007dcfb918,97,BASE,T0_OFF,primary,False,False,True,1265,stop
69e560fea8a2b4f73d94683168206faf,299,MASK_SENTINEL,T0_OFF,primary,False,False,True,91,stop
69e560fea8a2b4f73d94683168206faf,299,BASE,T0_OFF,primary,False,False,False,164,stop
69e560fea8a2b4f73d94683168206faf,299,MASK_SENTINEL,T1_SILENT_CHECK,primary,False,False,True,93,stop
69e560fea8a2b4f73d94683168206faf,299,METADATA_TOKEN_MATCHED_TO_MASK,T0_OFF,primary,False,False,True,114,stop
69e560fea8a2b4f73d94683168206faf,299,BASE,T1_SILENT_CHECK,primary,False,False,True,232,stop
69e560fea8a2b4f73d94683168206faf,299,METADATA_TOKEN_MATCHED_TO_MASK,T1_SILENT_CHECK,primary,False,False,True,254,stop
4e1faeb2f649ebd230de2639e8deed8f,63,BASE,T0_OFF,primary,False,False,False,143,stop
4e1faeb2f649ebd230de2639e8deed8f,63,BASE,T1_SILENT_CHECK,primary,True,True,True,120,stop
4e1faeb2f649ebd230de2639e8deed8f,63,MASK_SENTINEL,T0_OFF,primary,True,True,True,157,stop
4e1faeb2f649ebd230de2639e8deed8f,63,MASK_SENTINEL,T1_SILENT_CHECK,primary,True,True,True,158,stop
4e1faeb2f649ebd230de2639e8deed8f,63,METADATA_TOKEN_MATCHED_TO_MASK,T0_OFF,primary,False,False,False,156,stop
4e1faeb2f649ebd230de2639e8deed8f,63,METADATA_TOKEN_MATCHED_TO_MASK,T1_SILENT_CHECK,primary,True,True,True,142,stop
907010df9204be9e13c8558fe0f84bf1,38,BASE,T0_OFF,primary,False,False,True,91,stop
907010df9204be9e13c8558fe0f84bf1,38,MASK_SENTINEL,T0_OFF,primary,False,False,True,81,stop
907010df9204be9e13c8558fe0f84bf1,38,BASE,T1_SILENT_CHECK,primary,False,False,True,204,stop
907010df9204be9e13c8558fe0f84bf1,38,METADATA_TOKEN_MATCHED_TO_MASK,T0_OFF,primary,False,False,True,32,stop
907010df9204be9e13c8558fe0f84bf1,38,MASK_SENTINEL,T1_SILENT_CHECK,primary,False,False,True,130,stop
907010df9204be9e13c8558fe0f84bf1,38,METADATA_TOKEN_MATCHED_TO_MASK,T1_SILENT_CHECK,primary,False,False,True,90,stop
d1e4a8e5fc5ee362a747bafcdaf9f4c9,171,MASK_SENTINEL,T0_OFF,primary,False,False,True,395,stop
d1e4a8e5fc5ee362a747bafcdaf9f4c9,171,BASE,T1_SILENT_CHECK,primary,False,False,True,471,stop
d1e4a8e5fc5ee362a747bafcdaf9f4c9,171,METADATA_TOKEN_MATCHED_TO_MASK,T1_SILENT_CHECK,primary,False,False,True,453,stop
d1e4a8e5fc5ee362a747bafcdaf9f4c9,171,MASK_SENTINEL,T1_SILENT_CHECK,primary,False,False,True,467,stop
d1e4a8e5fc5ee362a747bafcdaf9f4c9,171,BASE,T0_OFF,primary,True,True,True,539,stop
d1e4a8e5fc5ee362a747bafcdaf9f4c9,171,METADATA_TOKEN_MATCHED_TO_MASK,T0_OFF,primary,True,True,True,495,stop
6b9e182e2c8e9475869542f3dee140b2,261,MASK_SENTINEL,T1_SILENT_CHECK,primary,False,False,True,1162,stop
6b9e182e2c8e9475869542f3dee140b2,261,BASE,T1_SILENT_CHECK,primary,True,True,True,1494,stop
6b9e182e2c8e9475869542f3dee140b2,261,BASE,T0_OFF,primary,True,True,True,1569,stop
6b9e182e2c8e9475869542f3dee140b2,261,MASK_SENTINEL,T0_OFF,primary,False,False,False,1567,stop
6b9e182e2c8e9475869542f3dee140b2,261,METADATA_TOKEN_MATCHED_TO_MASK,T1_SILENT_CHECK,primary,False,False,True,1676,stop
6b9e182e2c8e9475869542f3dee140b2,261,METADATA_TOKEN_MATCHED_TO_MASK,T0_OFF,primary,False,False,False,1968,stop
918753f739cef68b443ba31b41769a01,103,METADATA_TOKEN_MATCHED_TO_MASK,T1_SILENT_CHECK,primary,False,False,True,401,stop
918753f739cef68b443ba31b41769a01,103,MASK_SENTINEL,T0_OFF,primary,False,False,True,500,stop
918753f739cef68b443ba31b41769a01,103,BASE,T0_OFF,primary,False,False,True,549,stop
918753f739cef68b443ba31b41769a01,103,MASK_SENTINEL,T1_SILENT_CHECK,primary,False,False,True,525,stop
918753f739cef68b443ba31b41769a01,103,METADATA_TOKEN_MATCHED_TO_MASK,T0_OFF,primary,False,False,True,578,stop
918753f739cef68b443ba31b41769a01,103,BASE,T1_SILENT_CHECK,primary,False,False,True,757,stop
4b3812a22864df6e373fec0e63d9a890,197,BASE,T0_OFF,primary,True,True,True,609,stop
4b3812a22864df6e373fec0e63d9a890,197,BASE,T1_SILENT_CHECK,primary,True,True,True,772,stop
4b3812a22864df6e373fec0e63d9a890,197,MASK_SENTINEL,T0_OFF,primary,True,True,True,609,stop
4b3812a22864df6e373fec0e63d9a890,197,METADATA_TOKEN_MATCHED_TO_MASK,T0_OFF,primary,True,True,True,610,stop
4b3812a22864df6e373fec0e63d9a890,197,MASK_SENTINEL,T1_SILENT_CHECK,primary,True,True,True,770,stop
4b3812a22864df6e373fec0e63d9a890,197,METADATA_TOKEN_MATCHED_TO_MASK,T1_SILENT_CHECK,primary,True,True,True,881,stop
a0cdca7f5d4669353788ba69dde9f0a6,205,BASE,T0_OFF,primary,True,True,True,182,stop
a0cdca7f5d4669353788ba69dde9f0a6,205,BASE,T1_SILENT_CHECK,primary,True,True,True,182,stop
a0cdca7f5d4669353788ba69dde9f0a6,205,MASK_SENTINEL,T0_OFF,primary,True,True,True,182,stop
a0cdca7f5d4669353788ba69dde9f0a6,205,MASK_SENTINEL,T1_SILENT_CHECK,primary,True,True,True,157,stop
a0cdca7f5d4669353788ba69dde9f0a6,205,METADATA_TOKEN_MATCHED_TO_MASK,T0_OFF,primary,True,True,True,182,stop
a0cdca7f5d4669353788ba69dde9f0a6,205,METADATA_TOKEN_MATCHED_TO_MASK,T1_SILENT_CHECK,primary,True,True,True,158,stop
40bf90c8d0efd9d17dbb165d622ac48e,278,MASK_SENTINEL,T0_OFF,primary,True,True,True,427,stop
40bf90c8d0efd9d17dbb165d622ac48e,278,BASE,T1_SILENT_CHECK,primary,True,True,True,561,stop
40bf90c8d0efd9d17dbb165d622ac48e,278,MASK_SENTINEL,T1_SILENT_CHECK,primary,True,True,True,430,stop
40bf90c8d0efd9d17dbb165d622ac48e,278,METADATA_TOKEN_MATCHED_TO_MASK,T1_SILENT_CHECK,primary,True,True,True,529,stop
40bf90c8d0efd9d17dbb165d622ac48e,278,METADATA_TOKEN_MATCHED_TO_MASK,T0_OFF,primary,False,False,False,693,stop
40bf90c8d0efd9d17dbb165d622ac48e,278,BASE,T0_OFF,primary,False,False,False,1036,stop
ccd03a0a713c5ff4d4710e861168029f,255,MASK_SENTINEL,T1_SILENT_CHECK,primary,True,True,True,621,stop
ccd03a0a713c5ff4d4710e861168029f,255,MASK_SENTINEL,T0_OFF,primary,True,True,True,659,stop
ccd03a0a713c5ff4d4710e861168029f,255,BASE,T0_OFF,primary,True,True,True,696,stop
ccd03a0a713c5ff4d4710e861168029f,255,BASE,T1_SILENT_CHECK,primary,True,True,True,688,stop
ccd03a0a713c5ff4d4710e861168029f,255,METADATA_TOKEN_MATCHED_TO_MASK,T0_OFF,primary,True,True,True,683,stop
ccd03a0a713c5ff4d4710e861168029f,255,METADATA_TOKEN_MATCHED_TO_MASK,T1_SILENT_CHECK,primary,True,True,True,647,stop
1aec62ce2811225c3953301ac5e73798,56,BASE,T1_SILENT_CHECK,primary,True,True,True,235,stop
1aec62ce2811225c3953301ac5e73798,56,BASE,T0_OFF,primary,True,True,True,274,stop
1aec62ce2811225c3953301ac5e73798,56,MASK_SENTINEL,T0_OFF,primary,True,True,True,231,stop
1aec62ce2811225c3953301ac5e73798,56,MASK_SENTINEL,T1_SILENT_CHECK,primary,True,True,True,226,stop
1aec62ce2811225c3953301ac5e73798,56,METADATA_TOKEN_MATCHED_TO_MASK,T0_OFF,primary,False,False,False,225,stop
1aec62ce2811225c3953301ac5e73798,56,METADATA_TOKEN_MATCHED_TO_MASK,T1_SILENT_CHECK,primary,True,True,True,233,stop
968690757af7197364921af47d71f60d,19,BASE,T1_SILENT_CHECK,primary,True,True,True,276,stop
968690757af7197364921af47d71f60d,19,BASE,T0_OFF,primary,False,False,False,311,stop
968690757af7197364921af47d71f60d,19,MASK_SENTINEL,T0_OFF,primary,False,True,True,261,stop
968690757af7197364921af47d71f60d,19,MASK_SENTINEL,T1_SILENT_CHECK,primary,True,True,True,264,stop
968690757af7197364921af47d71f60d,19,METADATA_TOKEN_MATCHED_TO_MASK,T0_OFF,primary,False,False,False,291,stop
968690757af7197364921af47d71f60d,19,METADATA_TOKEN_MATCHED_TO_MASK,T1_SILENT_CHECK,primary,True,True,True,263,stop
e6df0bd3fdbf8d0c85ba8c0d37b713ad,179,BASE,T0_OFF,primary,True,True,True,445,stop
e6df0bd3fdbf8d0c85ba8c0d37b713ad,179,MASK_SENTINEL,T0_OFF,primary,True,True,True,403,stop
e6df0bd3fdbf8d0c85ba8c0d37b713ad,179,MASK_SENTINEL,T1_SILENT_CHECK,primary,True,True,True,400,stop
e6df0bd3fdbf8d0c85ba8c0d37b713ad,179,BASE,T1_SILENT_CHECK,primary,True,True,True,452,stop
e6df0bd3fdbf8d0c85ba8c0d37b713ad,179,METADATA_TOKEN_MATCHED_TO_MASK,T1_SILENT_CHECK,primary,True,True,True,446,stop
e6df0bd3fdbf8d0c85ba8c0d37b713ad,179,METADATA_TOKEN_MATCHED_TO_MASK,T0_OFF,primary,True,True,True,484,stop
e6df0bd3fdbf8d0c85ba8c0d37b713ad,179,BASE,T0_OFF,integrity_duplicate,True,True,True,445,stop
e6df0bd3fdbf8d0c85ba8c0d37b713ad,179,BASE,T1_SILENT_CHECK,integrity_duplicate,True,True,True,452,stop
e6df0bd3fdbf8d0c85ba8c0d37b713ad,179,MASK_SENTINEL,T0_OFF,integrity_duplicate,True,True,True,403,stop
e6df0bd3fdbf8d0c85ba8c0d37b713ad,179,MASK_SENTINEL,T1_SILENT_CHECK,integrity_duplicate,True,True,True,400,stop
e6df0bd3fdbf8d0c85ba8c0d37b713ad,179,METADATA_TOKEN_MATCHED_TO_MASK,T1_SILENT_CHECK,integrity_duplicate,True,True,True,446,stop
e6df0bd3fdbf8d0c85ba8c0d37b713ad,179,METADATA_TOKEN_MATCHED_TO_MASK,T0_OFF,integrity_duplicate,True,True,True,484,stop
6bd0077b14149d38ccc94cc4fd5ddbe5,276,BASE,T0_OFF,primary,False,False,False,428,stop
6bd0077b14149d38ccc94cc4fd5ddbe5,276,BASE,T1_SILENT_CHECK,primary,False,False,True,457,stop
6bd0077b14149d38ccc94cc4fd5ddbe5,276,MASK_SENTINEL,T1_SILENT_CHECK,primary,False,False,True,318,stop
6bd0077b14149d38ccc94cc4fd5ddbe5,276,MASK_SENTINEL,T0_OFF,primary,False,False,True,489,stop
6bd0077b14149d38ccc94cc4fd5ddbe5,276,METADATA_TOKEN_MATCHED_TO_MASK,T0_OFF,primary,False,False,True,441,stop
6bd0077b14149d38ccc94cc4fd5ddbe5,276,METADATA_TOKEN_MATCHED_TO_MASK,T1_SILENT_CHECK,primary,False,False,True,531,stop
efcbaa5e5dfa77a45f5b736a34c9b487,290,MASK_SENTINEL,T0_OFF,primary,True,True,True,112,stop
efcbaa5e5dfa77a45f5b736a34c9b487,290,BASE,T0_OFF,primary,True,True,True,187,stop
efcbaa5e5dfa77a45f5b736a34c9b487,290,METADATA_TOKEN_MATCHED_TO_MASK,T0_OFF,primary,True,True,True,112,stop
efcbaa5e5dfa77a45f5b736a34c9b487,290,MASK_SENTINEL,T1_SILENT_CHECK,primary,True,True,True,133,stop
efcbaa5e5dfa77a45f5b736a34c9b487,290,METADATA_TOKEN_MATCHED_TO_MASK,T1_SILENT_CHECK,primary,True,True,True,132,stop
efcbaa5e5dfa77a45f5b736a34c9b487,290,BASE,T1_SILENT_CHECK,primary,True,True,True,290,stop
59e6d30d9d59568ed014ad03e1a2d263,37,BASE,T1_SILENT_CHECK,primary,True,True,True,498,stop
59e6d30d9d59568ed014ad03e1a2d263,37,BASE,T0_OFF,primary,True,True,True,504,stop
59e6d30d9d59568ed014ad03e1a2d263,37,MASK_SENTINEL,T1_SILENT_CHECK,primary,True,True,True,477,stop
59e6d30d9d59568ed014ad03e1a2d263,37,MASK_SENTINEL,T0_OFF,primary,True,True,True,483,stop
59e6d30d9d59568ed014ad03e1a2d263,37,METADATA_TOKEN_MATCHED_TO_MASK,T1_SILENT_CHECK,primary,True,True,True,427,stop
59e6d30d9d59568ed014ad03e1a2d263,37,METADATA_TOKEN_MATCHED_TO_MASK,T0_OFF,primary,True,True,True,482,stop
0f10904f29399d5405ce7ca80405163c,51,BASE,T0_OFF,primary,True,True,True,433,stop
0f10904f29399d5405ce7ca80405163c,51,BASE,T1_SILENT_CHECK,primary,True,True,True,387,stop
0f10904f29399d5405ce7ca80405163c,51,MASK_SENTINEL,T0_OFF,primary,True,True,True,385,stop
0f10904f29399d5405ce7ca80405163c,51,MASK_SENTINEL,T1_SILENT_CHECK,primary,True,True,True,389,stop
0f10904f29399d5405ce7ca80405163c,51,METADATA_TOKEN_MATCHED_TO_MASK,T0_OFF,primary,True,True,True,386,stop
0f10904f29399d5405ce7ca80405163c,51,METADATA_TOKEN_MATCHED_TO_MASK,T1_SILENT_CHECK,primary,True,True,True,389,stop
