cluster_id,model,reference_id,treatment_id,o_correct,n_correct
0e91a5d2c57efff3ce9e9cc04607192b,deepseek_r1_llama_8b,R0_BASE,T0_OFF,1,1
0e91a5d2c57efff3ce9e9cc04607192b,deepseek_r1_llama_8b,R0_BASE,T1_SILENT_CHECK,1,1
0e91a5d2c57efff3ce9e9cc04607192b,deepseek_r1_llama_8b,R1_METADATA_NEUTRAL,T0_OFF,1,1
0e91a5d2c57efff3ce9e9cc04607192b,deepseek_r1_llama_8b,R1_METADATA_NEUTRAL,T1_SILENT_CHECK,1,1
0e91a5d2c57efff3ce9e9cc04607192b,deepseek_r1_llama_8b,R2_NO_INFORMATION,T0_OFF,1,1
0e91a5d2c57efff3ce9e9cc04607192b,deepseek_r1_llama_8b,R2_NO_INFORMATION,T1_SILENT_CHECK,1,1
0e91a5d2c57efff3ce9e9cc04607192b,deepseek_r1_llama_8b,R3_IRRELEVANT_CONTEXT,T0_OFF,1,0
0e91a5d2c57efff3ce9e9cc04607192b,deepseek_r1_llama_8b,R3_IRRELEVANT_CONTEXT,T1_SILENT_CHECK,1,1
0e91a5d2c57efff3ce9e9cc04607192b,llama31_8b_it,R0_BASE,T0_OFF,0,1
0e91a5d2c57efff3ce9e9cc04607192b,llama31_8b_it,R0_BASE,T1_SILENT_CHECK,1,1
0e91a5d2c57efff3ce9e9cc04607192b,llama31_8b_it,R1_METADATA_NEUTRAL,T0_OFF,0,0
0e91a5d2c57efff3ce9e9cc04607192b,llama31_8b_it,R1_METADATA_NEUTRAL,T1_SILENT_CHECK,1,1
0e91a5d2c57efff3ce9e9cc04607192b,llama31_8b_it,R2_NO_INFORMATION,T0_OFF,0,0
0e91a5d2c57efff3ce9e9cc04607192b,llama31_8b_it,R2_NO_INFORMATION,T1_SILENT_CHECK,1,0
0e91a5d2c57efff3ce9e9cc04607192b,llama31_8b_it,R3_IRRELEVANT_CONTEXT,T0_OFF,1,1
0e91a5d2c57efff3ce9e9cc04607192b,llama31_8b_it,R3_IRRELEVANT_CONTEXT,T1_SILENT_CHECK,1,1
c09c1c587ad6cc084b8348b80deadc1e,deepseek_r1_llama_8b,R0_BASE,T0_OFF,1,1
c09c1c587ad6cc084b8348b80deadc1e,deepseek_r1_llama_8b,R0_BASE,T1_SILENT_CHECK,0,0
c09c1c587ad6cc084b8348b80deadc1e,deepseek_r1_llama_8b,R1_METADATA_NEUTRAL,T0_OFF,0,1
c09c1c587ad6cc084b8348b80deadc1e,deepseek_r1_llama_8b,R1_METADATA_NEUTRAL,T1_SILENT_CHECK,1,0
c09c1c587ad6cc084b8348b80deadc1e,deepseek_r1_llama_8b,R2_NO_INFORMATION,T0_OFF,0,0
c09c1c587ad6cc084b8348b80deadc1e,deepseek_r1_llama_8b,R2_NO_INFORMATION,T1_SILENT_CHECK,1,0
c09c1c587ad6cc084b8348b80deadc1e,deepseek_r1_llama_8b,R3_IRRELEVANT_CONTEXT,T0_OFF,1,1
c09c1c587ad6cc084b8348b80deadc1e,deepseek_r1_llama_8b,R3_IRRELEVANT_CONTEXT,T1_SILENT_CHECK,1,0
c09c1c587ad6cc084b8348b80deadc1e,llama31_8b_it,R0_BASE,T0_OFF,0,0
c09c1c587ad6cc084b8348b80deadc1e,llama31_8b_it,R0_BASE,T1_SILENT_CHECK,0,0
c09c1c587ad6cc084b8348b80deadc1e,llama31_8b_it,R1_METADATA_NEUTRAL,T0_OFF,0,0
c09c1c587ad6cc084b8348b80deadc1e,llama31_8b_it,R1_METADATA_NEUTRAL,T1_SILENT_CHECK,0,0
c09c1c587ad6cc084b8348b80deadc1e,llama31_8b_it,R2_NO_INFORMATION,T0_OFF,0,0
c09c1c587ad6cc084b8348b80deadc1e,llama31_8b_it,R2_NO_INFORMATION,T1_SILENT_CHECK,0,0
c09c1c587ad6cc084b8348b80deadc1e,llama31_8b_it,R3_IRRELEVANT_CONTEXT,T0_OFF,0,0
c09c1c587ad6cc084b8348b80deadc1e,llama31_8b_it,R3_IRRELEVANT_CONTEXT,T1_SILENT_CHECK,0,0
c19d2691e9086d7ff55ef20b7722be80,deepseek_r1_llama_8b,R0_BASE,T0_OFF,0,0
c19d2691e9086d7ff55ef20b7722be80,deepseek_r1_llama_8b,R0_BASE,T1_SILENT_CHECK,0,0
c19d2691e9086d7ff55ef20b7722be80,deepseek_r1_llama_8b,R1_METADATA_NEUTRAL,T0_OFF,0,0
c19d2691e9086d7ff55ef20b7722be80,deepseek_r1_llama_8b,R1_METADATA_NEUTRAL,T1_SILENT_CHECK,0,0
c19d2691e9086d7ff55ef20b7722be80,deepseek_r1_llama_8b,R2_NO_INFORMATION,T0_OFF,0,0
c19d2691e9086d7ff55ef20b7722be80,deepseek_r1_llama_8b,R2_NO_INFORMATION,T1_SILENT_CHECK,0,0
c19d2691e9086d7ff55ef20b7722be80,deepseek_r1_llama_8b,R3_IRRELEVANT_CONTEXT,T0_OFF,0,0
c19d2691e9086d7ff55ef20b7722be80,deepseek_r1_llama_8b,R3_IRRELEVANT_CONTEXT,T1_SILENT_CHECK,0,0
c19d2691e9086d7ff55ef20b7722be80,llama31_8b_it,R0_BASE,T0_OFF,0,0
c19d2691e9086d7ff55ef20b7722be80,llama31_8b_it,R0_BASE,T1_SILENT_CHECK,0,0
c19d2691e9086d7ff55ef20b7722be80,llama31_8b_it,R1_METADATA_NEUTRAL,T0_OFF,0,0
c19d2691e9086d7ff55ef20b7722be80,llama31_8b_it,R1_METADATA_NEUTRAL,T1_SILENT_CHECK,0,0
c19d2691e9086d7ff55ef20b7722be80,llama31_8b_it,R2_NO_INFORMATION,T0_OFF,0,0
c19d2691e9086d7ff55ef20b7722be80,llama31_8b_it,R2_NO_INFORMATION,T1_SILENT_CHECK,0,0
c19d2691e9086d7ff55ef20b7722be80,llama31_8b_it,R3_IRRELEVANT_CONTEXT,T0_OFF,0,0
c19d2691e9086d7ff55ef20b7722be80,llama31_8b_it,R3_IRRELEVANT_CONTEXT,T1_SILENT_CHECK,0,0
28e5aaa241d366dce9acd38e5c85327f,deepseek_r1_llama_8b,R0_BASE,T0_OFF,1,1
28e5aaa241d366dce9acd38e5c85327f,deepseek_r1_llama_8b,R0_BASE,T1_SILENT_CHECK,1,1
28e5aaa241d366dce9acd38e5c85327f,deepseek_r1_llama_8b,R1_METADATA_NEUTRAL,T0_OFF,1,1
28e5aaa241d366dce9acd38e5c85327f,deepseek_r1_llama_8b,R1_METADATA_NEUTRAL,T1_SILENT_CHECK,1,1
28e5aaa241d366dce9acd38e5c85327f,deepseek_r1_llama_8b,R2_NO_INFORMATION,T0_OFF,1,1
28e5aaa241d366dce9acd38e5c85327f,deepseek_r1_llama_8b,R2_NO_INFORMATION,T1_SILENT_CHECK,0,0
28e5aaa241d366dce9acd38e5c85327f,deepseek_r1_llama_8b,R3_IRRELEVANT_CONTEXT,T0_OFF,1,1
28e5aaa241d366dce9acd38e5c85327f,deepseek_r1_llama_8b,R3_IRRELEVANT_CONTEXT,T1_SILENT_CHECK,1,1
28e5aaa241d366dce9acd38e5c85327f,llama31_8b_it,R0_BASE,T0_OFF,1,1
28e5aaa241d366dce9acd38e5c85327f,llama31_8b_it,R0_BASE,T1_SILENT_CHECK,1,1
28e5aaa241d366dce9acd38e5c85327f,llama31_8b_it,R1_METADATA_NEUTRAL,T0_OFF,1,1
28e5aaa241d366dce9acd38e5c85327f,llama31_8b_it,R1_METADATA_NEUTRAL,T1_SILENT_CHECK,1,1
28e5aaa241d366dce9acd38e5c85327f,llama31_8b_it,R2_NO_INFORMATION,T0_OFF,1,1
28e5aaa241d366dce9acd38e5c85327f,llama31_8b_it,R2_NO_INFORMATION,T1_SILENT_CHECK,1,1
28e5aaa241d366dce9acd38e5c85327f,llama31_8b_it,R3_IRRELEVANT_CONTEXT,T0_OFF,1,1
28e5aaa241d366dce9acd38e5c85327f,llama31_8b_it,R3_IRRELEVANT_CONTEXT,T1_SILENT_CHECK,1,1
4f5f994e760e25f1677ec3f6fd5c2e64,deepseek_r1_llama_8b,R0_BASE,T0_OFF,0,1
4f5f994e760e25f1677ec3f6fd5c2e64,deepseek_r1_llama_8b,R0_BASE,T1_SILENT_CHECK,0,0
4f5f994e760e25f1677ec3f6fd5c2e64,deepseek_r1_llama_8b,R1_METADATA_NEUTRAL,T0_OFF,0,1
4f5f994e760e25f1677ec3f6fd5c2e64,deepseek_r1_llama_8b,R1_METADATA_NEUTRAL,T1_SILENT_CHECK,0,1
4f5f994e760e25f1677ec3f6fd5c2e64,deepseek_r1_llama_8b,R2_NO_INFORMATION,T0_OFF,1,1
4f5f994e760e25f1677ec3f6fd5c2e64,deepseek_r1_llama_8b,R2_NO_INFORMATION,T1_SILENT_CHECK,1,1
4f5f994e760e25f1677ec3f6fd5c2e64,deepseek_r1_llama_8b,R3_IRRELEVANT_CONTEXT,T0_OFF,1,0
4f5f994e760e25f1677ec3f6fd5c2e64,deepseek_r1_llama_8b,R3_IRRELEVANT_CONTEXT,T1_SILENT_CHECK,1,0
4f5f994e760e25f1677ec3f6fd5c2e64,llama31_8b_it,R0_BASE,T0_OFF,1,0
4f5f994e760e25f1677ec3f6fd5c2e64,llama31_8b_it,R0_BASE,T1_SILENT_CHECK,1,0
4f5f994e760e25f1677ec3f6fd5c2e64,llama31_8b_it,R1_METADATA_NEUTRAL,T0_OFF,1,0
4f5f994e760e25f1677ec3f6fd5c2e64,llama31_8b_it,R1_METADATA_NEUTRAL,T1_SILENT_CHECK,1,0
4f5f994e760e25f1677ec3f6fd5c2e64,llama31_8b_it,R2_NO_INFORMATION,T0_OFF,0,0
4f5f994e760e25f1677ec3f6fd5c2e64,llama31_8b_it,R2_NO_INFORMATION,T1_SILENT_CHECK,0,0
4f5f994e760e25f1677ec3f6fd5c2e64,llama31_8b_it,R3_IRRELEVANT_CONTEXT,T0_OFF,0,0
4f5f994e760e25f1677ec3f6fd5c2e64,llama31_8b_it,R3_IRRELEVANT_CONTEXT,T1_SILENT_CHECK,0,0
d0b47b75d6e4580575c1755ca9e640e8,deepseek_r1_llama_8b,R0_BASE,T0_OFF,0,0
d0b47b75d6e4580575c1755ca9e640e8,deepseek_r1_llama_8b,R0_BASE,T1_SILENT_CHECK,1,0
d0b47b75d6e4580575c1755ca9e640e8,deepseek_r1_llama_8b,R1_METADATA_NEUTRAL,T0_OFF,0,1
d0b47b75d6e4580575c1755ca9e640e8,deepseek_r1_llama_8b,R1_METADATA_NEUTRAL,T1_SILENT_CHECK,0,1
d0b47b75d6e4580575c1755ca9e640e8,deepseek_r1_llama_8b,R2_NO_INFORMATION,T0_OFF,0,1
d0b47b75d6e4580575c1755ca9e640e8,deepseek_r1_llama_8b,R2_NO_INFORMATION,T1_SILENT_CHECK,1,0
d0b47b75d6e4580575c1755ca9e640e8,deepseek_r1_llama_8b,R3_IRRELEVANT_CONTEXT,T0_OFF,1,1
d0b47b75d6e4580575c1755ca9e640e8,deepseek_r1_llama_8b,R3_IRRELEVANT_CONTEXT,T1_SILENT_CHECK,1,1
d0b47b75d6e4580575c1755ca9e640e8,llama31_8b_it,R0_BASE,T0_OFF,1,1
d0b47b75d6e4580575c1755ca9e640e8,llama31_8b_it,R0_BASE,T1_SILENT_CHECK,1,1
d0b47b75d6e4580575c1755ca9e640e8,llama31_8b_it,R1_METADATA_NEUTRAL,T0_OFF,1,1
d0b47b75d6e4580575c1755ca9e640e8,llama31_8b_it,R1_METADATA_NEUTRAL,T1_SILENT_CHECK,1,1
d0b47b75d6e4580575c1755ca9e640e8,llama31_8b_it,R2_NO_INFORMATION,T0_OFF,1,1
d0b47b75d6e4580575c1755ca9e640e8,llama31_8b_it,R2_NO_INFORMATION,T1_SILENT_CHECK,0,1
d0b47b75d6e4580575c1755ca9e640e8,llama31_8b_it,R3_IRRELEVANT_CONTEXT,T0_OFF,1,1
d0b47b75d6e4580575c1755ca9e640e8,llama31_8b_it,R3_IRRELEVANT_CONTEXT,T1_SILENT_CHECK,1,1
9319d09ef2495e3c46955a4931212bd8,deepseek_r1_llama_8b,R0_BASE,T0_OFF,0,0
9319d09ef2495e3c46955a4931212bd8,deepseek_r1_llama_8b,R0_BASE,T1_SILENT_CHECK,0,0
9319d09ef2495e3c46955a4931212bd8,deepseek_r1_llama_8b,R1_METADATA_NEUTRAL,T0_OFF,0,0
9319d09ef2495e3c46955a4931212bd8,deepseek_r1_llama_8b,R1_METADATA_NEUTRAL,T1_SILENT_CHECK,0,0
9319d09ef2495e3c46955a4931212bd8,deepseek_r1_llama_8b,R2_NO_INFORMATION,T0_OFF,0,0
9319d09ef2495e3c46955a4931212bd8,deepseek_r1_llama_8b,R2_NO_INFORMATION,T1_SILENT_CHECK,0,0
9319d09ef2495e3c46955a4931212bd8,deepseek_r1_llama_8b,R3_IRRELEVANT_CONTEXT,T0_OFF,0,0
9319d09ef2495e3c46955a4931212bd8,deepseek_r1_llama_8b,R3_IRRELEVANT_CONTEXT,T1_SILENT_CHECK,0,0
9319d09ef2495e3c46955a4931212bd8,llama31_8b_it,R0_BASE,T0_OFF,0,0
9319d09ef2495e3c46955a4931212bd8,llama31_8b_it,R0_BASE,T1_SILENT_CHECK,0,0
9319d09ef2495e3c46955a4931212bd8,llama31_8b_it,R1_METADATA_NEUTRAL,T0_OFF,0,0
9319d09ef2495e3c46955a4931212bd8,llama31_8b_it,R1_METADATA_NEUTRAL,T1_SILENT_CHECK,0,0
9319d09ef2495e3c46955a4931212bd8,llama31_8b_it,R2_NO_INFORMATION,T0_OFF,0,0
9319d09ef2495e3c46955a4931212bd8,llama31_8b_it,R2_NO_INFORMATION,T1_SILENT_CHECK,0,0
9319d09ef2495e3c46955a4931212bd8,llama31_8b_it,R3_IRRELEVANT_CONTEXT,T0_OFF,0,0
9319d09ef2495e3c46955a4931212bd8,llama31_8b_it,R3_IRRELEVANT_CONTEXT,T1_SILENT_CHECK,0,0
a5c70384a36c2579126d813a6275018f,deepseek_r1_llama_8b,R0_BASE,T0_OFF,0,0
a5c70384a36c2579126d813a6275018f,deepseek_r1_llama_8b,R0_BASE,T1_SILENT_CHECK,0,0
a5c70384a36c2579126d813a6275018f,deepseek_r1_llama_8b,R1_METADATA_NEUTRAL,T0_OFF,0,0
a5c70384a36c2579126d813a6275018f,deepseek_r1_llama_8b,R1_METADATA_NEUTRAL,T1_SILENT_CHECK,0,0
a5c70384a36c2579126d813a6275018f,deepseek_r1_llama_8b,R2_NO_INFORMATION,T0_OFF,0,0
a5c70384a36c2579126d813a6275018f,deepseek_r1_llama_8b,R2_NO_INFORMATION,T1_SILENT_CHECK,0,0
a5c70384a36c2579126d813a6275018f,deepseek_r1_llama_8b,R3_IRRELEVANT_CONTEXT,T0_OFF,0,0
a5c70384a36c2579126d813a6275018f,deepseek_r1_llama_8b,R3_IRRELEVANT_CONTEXT,T1_SILENT_CHECK,0,0
a5c70384a36c2579126d813a6275018f,llama31_8b_it,R0_BASE,T0_OFF,0,0
a5c70384a36c2579126d813a6275018f,llama31_8b_it,R0_BASE,T1_SILENT_CHECK,0,0
a5c70384a36c2579126d813a6275018f,llama31_8b_it,R1_METADATA_NEUTRAL,T0_OFF,0,0
a5c70384a36c2579126d813a6275018f,llama31_8b_it,R1_METADATA_NEUTRAL,T1_SILENT_CHECK,0,0
a5c70384a36c2579126d813a6275018f,llama31_8b_it,R2_NO_INFORMATION,T0_OFF,0,0
a5c70384a36c2579126d813a6275018f,llama31_8b_it,R2_NO_INFORMATION,T1_SILENT_CHECK,0,0
a5c70384a36c2579126d813a6275018f,llama31_8b_it,R3_IRRELEVANT_CONTEXT,T0_OFF,0,0
a5c70384a36c2579126d813a6275018f,llama31_8b_it,R3_IRRELEVANT_CONTEXT,T1_SILENT_CHECK,0,0
acf4bf24327cb22fbc64029e9c081d10,deepseek_r1_llama_8b,R0_BASE,T0_OFF,1,1
acf4bf24327cb22fbc64029e9c081d10,deepseek_r1_llama_8b,R0_BASE,T1_SILENT_CHECK,1,1
acf4bf24327cb22fbc64029e9c081d10,deepseek_r1_llama_8b,R1_METADATA_NEUTRAL,T0_OFF,1,1
acf4bf24327cb22fbc64029e9c081d10,deepseek_r1_llama_8b,R1_METADATA_NEUTRAL,T1_SILENT_CHECK,1,1
acf4bf24327cb22fbc64029e9c081d10,deepseek_r1_llama_8b,R2_NO_INFORMATION,T0_OFF,1,1
acf4bf24327cb22fbc64029e9c081d10,deepseek_r1_llama_8b,R2_NO_INFORMATION,T1_SILENT_CHECK,1,1
acf4bf24327cb22fbc64029e9c081d10,deepseek_r1_llama_8b,R3_IRRELEVANT_CONTEXT,T0_OFF,1,1
acf4bf24327cb22fbc64029e9c081d10,deepseek_r1_llama_8b,R3_IRRELEVANT_CONTEXT,T1_SILENT_CHECK,1,1
acf4bf24327cb22fbc64029e9c081d10,llama31_8b_it,R0_BASE,T0_OFF,1,1
acf4bf24327cb22fbc64029e9c081d10,llama31_8b_it,R0_BASE,T1_SILENT_CHECK,1,1
acf4bf24327cb22fbc64029e9c081d10,llama31_8b_it,R1_METADATA_NEUTRAL,T0_OFF,1,1
acf4bf24327cb22fbc64029e9c081d10,llama31_8b_it,R1_METADATA_NEUTRAL,T1_SILENT_CHECK,1,1
acf4bf24327cb22fbc64029e9c081d10,llama31_8b_it,R2_NO_INFORMATION,T0_OFF,1,1
acf4bf24327cb22fbc64029e9c081d10,llama31_8b_it,R2_NO_INFORMATION,T1_SILENT_CHECK,1,1
acf4bf24327cb22fbc64029e9c081d10,llama31_8b_it,R3_IRRELEVANT_CONTEXT,T0_OFF,1,1
acf4bf24327cb22fbc64029e9c081d10,llama31_8b_it,R3_IRRELEVANT_CONTEXT,T1_SILENT_CHECK,1,1
f95a506a1056506b7792aa232c6a7c28,deepseek_r1_llama_8b,R0_BASE,T0_OFF,1,0
f95a506a1056506b7792aa232c6a7c28,deepseek_r1_llama_8b,R0_BASE,T1_SILENT_CHECK,1,1
f95a506a1056506b7792aa232c6a7c28,deepseek_r1_llama_8b,R1_METADATA_NEUTRAL,T0_OFF,1,1
f95a506a1056506b7792aa232c6a7c28,deepseek_r1_llama_8b,R1_METADATA_NEUTRAL,T1_SILENT_CHECK,0,0
f95a506a1056506b7792aa232c6a7c28,deepseek_r1_llama_8b,R2_NO_INFORMATION,T0_OFF,0,1
f95a506a1056506b7792aa232c6a7c28,deepseek_r1_llama_8b,R2_NO_INFORMATION,T1_SILENT_CHECK,0,1
f95a506a1056506b7792aa232c6a7c28,deepseek_r1_llama_8b,R3_IRRELEVANT_CONTEXT,T0_OFF,0,1
f95a506a1056506b7792aa232c6a7c28,deepseek_r1_llama_8b,R3_IRRELEVANT_CONTEXT,T1_SILENT_CHECK,1,1
f95a506a1056506b7792aa232c6a7c28,llama31_8b_it,R0_BASE,T0_OFF,0,0
f95a506a1056506b7792aa232c6a7c28,llama31_8b_it,R0_BASE,T1_SILENT_CHECK,0,0
f95a506a1056506b7792aa232c6a7c28,llama31_8b_it,R1_METADATA_NEUTRAL,T0_OFF,1,0
f95a506a1056506b7792aa232c6a7c28,llama31_8b_it,R1_METADATA_NEUTRAL,T1_SILENT_CHECK,0,0
f95a506a1056506b7792aa232c6a7c28,llama31_8b_it,R2_NO_INFORMATION,T0_OFF,0,0
f95a506a1056506b7792aa232c6a7c28,llama31_8b_it,R2_NO_INFORMATION,T1_SILENT_CHECK,1,0
f95a506a1056506b7792aa232c6a7c28,llama31_8b_it,R3_IRRELEVANT_CONTEXT,T0_OFF,1,1
f95a506a1056506b7792aa232c6a7c28,llama31_8b_it,R3_IRRELEVANT_CONTEXT,T1_SILENT_CHECK,1,1
d46115d362d39bceff125f4377a85d68,deepseek_r1_llama_8b,R0_BASE,T0_OFF,0,0
d46115d362d39bceff125f4377a85d68,deepseek_r1_llama_8b,R0_BASE,T1_SILENT_CHECK,0,1
d46115d362d39bceff125f4377a85d68,deepseek_r1_llama_8b,R1_METADATA_NEUTRAL,T0_OFF,1,0
d46115d362d39bceff125f4377a85d68,deepseek_r1_llama_8b,R1_METADATA_NEUTRAL,T1_SILENT_CHECK,0,0
d46115d362d39bceff125f4377a85d68,deepseek_r1_llama_8b,R2_NO_INFORMATION,T0_OFF,0,0
d46115d362d39bceff125f4377a85d68,deepseek_r1_llama_8b,R2_NO_INFORMATION,T1_SILENT_CHECK,0,0
d46115d362d39bceff125f4377a85d68,deepseek_r1_llama_8b,R3_IRRELEVANT_CONTEXT,T0_OFF,0,0
d46115d362d39bceff125f4377a85d68,deepseek_r1_llama_8b,R3_IRRELEVANT_CONTEXT,T1_SILENT_CHECK,0,0
d46115d362d39bceff125f4377a85d68,llama31_8b_it,R0_BASE,T0_OFF,1,0
d46115d362d39bceff125f4377a85d68,llama31_8b_it,R0_BASE,T1_SILENT_CHECK,0,0
d46115d362d39bceff125f4377a85d68,llama31_8b_it,R1_METADATA_NEUTRAL,T0_OFF,0,0
d46115d362d39bceff125f4377a85d68,llama31_8b_it,R1_METADATA_NEUTRAL,T1_SILENT_CHECK,0,0
d46115d362d39bceff125f4377a85d68,llama31_8b_it,R2_NO_INFORMATION,T0_OFF,0,0
d46115d362d39bceff125f4377a85d68,llama31_8b_it,R2_NO_INFORMATION,T1_SILENT_CHECK,0,0
d46115d362d39bceff125f4377a85d68,llama31_8b_it,R3_IRRELEVANT_CONTEXT,T0_OFF,0,0
d46115d362d39bceff125f4377a85d68,llama31_8b_it,R3_IRRELEVANT_CONTEXT,T1_SILENT_CHECK,1,0
8112fe213828285d84c41dc14ffde999,deepseek_r1_llama_8b,R0_BASE,T0_OFF,0,0
8112fe213828285d84c41dc14ffde999,deepseek_r1_llama_8b,R0_BASE,T1_SILENT_CHECK,0,0
8112fe213828285d84c41dc14ffde999,deepseek_r1_llama_8b,R1_METADATA_NEUTRAL,T0_OFF,0,0
8112fe213828285d84c41dc14ffde999,deepseek_r1_llama_8b,R1_METADATA_NEUTRAL,T1_SILENT_CHECK,0,0
8112fe213828285d84c41dc14ffde999,deepseek_r1_llama_8b,R2_NO_INFORMATION,T0_OFF,0,0
8112fe213828285d84c41dc14ffde999,deepseek_r1_llama_8b,R2_NO_INFORMATION,T1_SILENT_CHECK,0,0
8112fe213828285d84c41dc14ffde999,deepseek_r1_llama_8b,R3_IRRELEVANT_CONTEXT,T0_OFF,0,0
8112fe213828285d84c41dc14ffde999,deepseek_r1_llama_8b,R3_IRRELEVANT_CONTEXT,T1_SILENT_CHECK,0,0
8112fe213828285d84c41dc14ffde999,llama31_8b_it,R0_BASE,T0_OFF,0,0
8112fe213828285d84c41dc14ffde999,llama31_8b_it,R0_BASE,T1_SILENT_CHECK,0,0
8112fe213828285d84c41dc14ffde999,llama31_8b_it,R1_METADATA_NEUTRAL,T0_OFF,0,0
8112fe213828285d84c41dc14ffde999,llama31_8b_it,R1_METADATA_NEUTRAL,T1_SILENT_CHECK,0,0
8112fe213828285d84c41dc14ffde999,llama31_8b_it,R2_NO_INFORMATION,T0_OFF,0,0
8112fe213828285d84c41dc14ffde999,llama31_8b_it,R2_NO_INFORMATION,T1_SILENT_CHECK,0,0
8112fe213828285d84c41dc14ffde999,llama31_8b_it,R3_IRRELEVANT_CONTEXT,T0_OFF,0,0
8112fe213828285d84c41dc14ffde999,llama31_8b_it,R3_IRRELEVANT_CONTEXT,T1_SILENT_CHECK,0,0
88a4b242abdfb7a48efaac70210cf940,deepseek_r1_llama_8b,R0_BASE,T0_OFF,1,1
88a4b242abdfb7a48efaac70210cf940,deepseek_r1_llama_8b,R0_BASE,T1_SILENT_CHECK,0,1
88a4b242abdfb7a48efaac70210cf940,deepseek_r1_llama_8b,R1_METADATA_NEUTRAL,T0_OFF,1,1
88a4b242abdfb7a48efaac70210cf940,deepseek_r1_llama_8b,R1_METADATA_NEUTRAL,T1_SILENT_CHECK,1,0
88a4b242abdfb7a48efaac70210cf940,deepseek_r1_llama_8b,R2_NO_INFORMATION,T0_OFF,1,1
88a4b242abdfb7a48efaac70210cf940,deepseek_r1_llama_8b,R2_NO_INFORMATION,T1_SILENT_CHECK,1,1
88a4b242abdfb7a48efaac70210cf940,deepseek_r1_llama_8b,R3_IRRELEVANT_CONTEXT,T0_OFF,1,1
88a4b242abdfb7a48efaac70210cf940,deepseek_r1_llama_8b,R3_IRRELEVANT_CONTEXT,T1_SILENT_CHECK,1,1
88a4b242abdfb7a48efaac70210cf940,llama31_8b_it,R0_BASE,T0_OFF,1,1
88a4b242abdfb7a48efaac70210cf940,llama31_8b_it,R0_BASE,T1_SILENT_CHECK,1,1
88a4b242abdfb7a48efaac70210cf940,llama31_8b_it,R1_METADATA_NEUTRAL,T0_OFF,1,1
88a4b242abdfb7a48efaac70210cf940,llama31_8b_it,R1_METADATA_NEUTRAL,T1_SILENT_CHECK,1,1
88a4b242abdfb7a48efaac70210cf940,llama31_8b_it,R2_NO_INFORMATION,T0_OFF,1,1
88a4b242abdfb7a48efaac70210cf940,llama31_8b_it,R2_NO_INFORMATION,T1_SILENT_CHECK,1,1
88a4b242abdfb7a48efaac70210cf940,llama31_8b_it,R3_IRRELEVANT_CONTEXT,T0_OFF,1,1
88a4b242abdfb7a48efaac70210cf940,llama31_8b_it,R3_IRRELEVANT_CONTEXT,T1_SILENT_CHECK,1,1
5e3a512c7a9903d7f5fa42812f11328c,deepseek_r1_llama_8b,R0_BASE,T0_OFF,1,1
5e3a512c7a9903d7f5fa42812f11328c,deepseek_r1_llama_8b,R0_BASE,T1_SILENT_CHECK,1,1
5e3a512c7a9903d7f5fa42812f11328c,deepseek_r1_llama_8b,R1_METADATA_NEUTRAL,T0_OFF,1,1
5e3a512c7a9903d7f5fa42812f11328c,deepseek_r1_llama_8b,R1_METADATA_NEUTRAL,T1_SILENT_CHECK,1,1
5e3a512c7a9903d7f5fa42812f11328c,deepseek_r1_llama_8b,R2_NO_INFORMATION,T0_OFF,1,0
5e3a512c7a9903d7f5fa42812f11328c,deepseek_r1_llama_8b,R2_NO_INFORMATION,T1_SILENT_CHECK,1,1
5e3a512c7a9903d7f5fa42812f11328c,deepseek_r1_llama_8b,R3_IRRELEVANT_CONTEXT,T0_OFF,1,1
5e3a512c7a9903d7f5fa42812f11328c,deepseek_r1_llama_8b,R3_IRRELEVANT_CONTEXT,T1_SILENT_CHECK,1,1
5e3a512c7a9903d7f5fa42812f11328c,llama31_8b_it,R0_BASE,T0_OFF,1,0
5e3a512c7a9903d7f5fa42812f11328c,llama31_8b_it,R0_BASE,T1_SILENT_CHECK,1,0
5e3a512c7a9903d7f5fa42812f11328c,llama31_8b_it,R1_METADATA_NEUTRAL,T0_OFF,1,1
5e3a512c7a9903d7f5fa42812f11328c,llama31_8b_it,R1_METADATA_NEUTRAL,T1_SILENT_CHECK,1,1
5e3a512c7a9903d7f5fa42812f11328c,llama31_8b_it,R2_NO_INFORMATION,T0_OFF,0,0
5e3a512c7a9903d7f5fa42812f11328c,llama31_8b_it,R2_NO_INFORMATION,T1_SILENT_CHECK,1,0
5e3a512c7a9903d7f5fa42812f11328c,llama31_8b_it,R3_IRRELEVANT_CONTEXT,T0_OFF,0,0
5e3a512c7a9903d7f5fa42812f11328c,llama31_8b_it,R3_IRRELEVANT_CONTEXT,T1_SILENT_CHECK,0,0
d76403586e4d01da1ab57277a14e5f0b,deepseek_r1_llama_8b,R0_BASE,T0_OFF,1,0
d76403586e4d01da1ab57277a14e5f0b,deepseek_r1_llama_8b,R0_BASE,T1_SILENT_CHECK,0,0
d76403586e4d01da1ab57277a14e5f0b,deepseek_r1_llama_8b,R1_METADATA_NEUTRAL,T0_OFF,0,0
d76403586e4d01da1ab57277a14e5f0b,deepseek_r1_llama_8b,R1_METADATA_NEUTRAL,T1_SILENT_CHECK,0,0
d76403586e4d01da1ab57277a14e5f0b,deepseek_r1_llama_8b,R2_NO_INFORMATION,T0_OFF,1,0
d76403586e4d01da1ab57277a14e5f0b,deepseek_r1_llama_8b,R2_NO_INFORMATION,T1_SILENT_CHECK,0,0
d76403586e4d01da1ab57277a14e5f0b,deepseek_r1_llama_8b,R3_IRRELEVANT_CONTEXT,T0_OFF,0,0
d76403586e4d01da1ab57277a14e5f0b,deepseek_r1_llama_8b,R3_IRRELEVANT_CONTEXT,T1_SILENT_CHECK,0,0
d76403586e4d01da1ab57277a14e5f0b,llama31_8b_it,R0_BASE,T0_OFF,1,1
d76403586e4d01da1ab57277a14e5f0b,llama31_8b_it,R0_BASE,T1_SILENT_CHECK,1,1
d76403586e4d01da1ab57277a14e5f0b,llama31_8b_it,R1_METADATA_NEUTRAL,T0_OFF,1,1
d76403586e4d01da1ab57277a14e5f0b,llama31_8b_it,R1_METADATA_NEUTRAL,T1_SILENT_CHECK,1,0
d76403586e4d01da1ab57277a14e5f0b,llama31_8b_it,R2_NO_INFORMATION,T0_OFF,1,1
d76403586e4d01da1ab57277a14e5f0b,llama31_8b_it,R2_NO_INFORMATION,T1_SILENT_CHECK,1,1
d76403586e4d01da1ab57277a14e5f0b,llama31_8b_it,R3_IRRELEVANT_CONTEXT,T0_OFF,1,1
d76403586e4d01da1ab57277a14e5f0b,llama31_8b_it,R3_IRRELEVANT_CONTEXT,T1_SILENT_CHECK,1,1
6ba122da909961ec9338f493552c1784,deepseek_r1_llama_8b,R0_BASE,T0_OFF,0,1
6ba122da909961ec9338f493552c1784,deepseek_r1_llama_8b,R0_BASE,T1_SILENT_CHECK,0,1
6ba122da909961ec9338f493552c1784,deepseek_r1_llama_8b,R1_METADATA_NEUTRAL,T0_OFF,1,1
6ba122da909961ec9338f493552c1784,deepseek_r1_llama_8b,R1_METADATA_NEUTRAL,T1_SILENT_CHECK,1,0
6ba122da909961ec9338f493552c1784,deepseek_r1_llama_8b,R2_NO_INFORMATION,T0_OFF,1,0
6ba122da909961ec9338f493552c1784,deepseek_r1_llama_8b,R2_NO_INFORMATION,T1_SILENT_CHECK,1,1
6ba122da909961ec9338f493552c1784,deepseek_r1_llama_8b,R3_IRRELEVANT_CONTEXT,T0_OFF,1,1
6ba122da909961ec9338f493552c1784,deepseek_r1_llama_8b,R3_IRRELEVANT_CONTEXT,T1_SILENT_CHECK,1,0
6ba122da909961ec9338f493552c1784,llama31_8b_it,R0_BASE,T0_OFF,1,1
6ba122da909961ec9338f493552c1784,llama31_8b_it,R0_BASE,T1_SILENT_CHECK,0,1
6ba122da909961ec9338f493552c1784,llama31_8b_it,R1_METADATA_NEUTRAL,T0_OFF,1,1
6ba122da909961ec9338f493552c1784,llama31_8b_it,R1_METADATA_NEUTRAL,T1_SILENT_CHECK,1,1
6ba122da909961ec9338f493552c1784,llama31_8b_it,R2_NO_INFORMATION,T0_OFF,1,1
6ba122da909961ec9338f493552c1784,llama31_8b_it,R2_NO_INFORMATION,T1_SILENT_CHECK,1,1
6ba122da909961ec9338f493552c1784,llama31_8b_it,R3_IRRELEVANT_CONTEXT,T0_OFF,1,1
6ba122da909961ec9338f493552c1784,llama31_8b_it,R3_IRRELEVANT_CONTEXT,T1_SILENT_CHECK,1,1
b7acdce3b49c9f7820fe80126742a0b4,deepseek_r1_llama_8b,R0_BASE,T0_OFF,1,0
b7acdce3b49c9f7820fe80126742a0b4,deepseek_r1_llama_8b,R0_BASE,T1_SILENT_CHECK,1,1
b7acdce3b49c9f7820fe80126742a0b4,deepseek_r1_llama_8b,R1_METADATA_NEUTRAL,T0_OFF,0,1
b7acdce3b49c9f7820fe80126742a0b4,deepseek_r1_llama_8b,R1_METADATA_NEUTRAL,T1_SILENT_CHECK,1,1
b7acdce3b49c9f7820fe80126742a0b4,deepseek_r1_llama_8b,R2_NO_INFORMATION,T0_OFF,1,0
b7acdce3b49c9f7820fe80126742a0b4,deepseek_r1_llama_8b,R2_NO_INFORMATION,T1_SILENT_CHECK,1,1
b7acdce3b49c9f7820fe80126742a0b4,deepseek_r1_llama_8b,R3_IRRELEVANT_CONTEXT,T0_OFF,0,1
b7acdce3b49c9f7820fe80126742a0b4,deepseek_r1_llama_8b,R3_IRRELEVANT_CONTEXT,T1_SILENT_CHECK,1,1
b7acdce3b49c9f7820fe80126742a0b4,llama31_8b_it,R0_BASE,T0_OFF,0,1
b7acdce3b49c9f7820fe80126742a0b4,llama31_8b_it,R0_BASE,T1_SILENT_CHECK,0,0
b7acdce3b49c9f7820fe80126742a0b4,llama31_8b_it,R1_METADATA_NEUTRAL,T0_OFF,0,0
b7acdce3b49c9f7820fe80126742a0b4,llama31_8b_it,R1_METADATA_NEUTRAL,T1_SILENT_CHECK,0,0
b7acdce3b49c9f7820fe80126742a0b4,llama31_8b_it,R2_NO_INFORMATION,T0_OFF,0,1
b7acdce3b49c9f7820fe80126742a0b4,llama31_8b_it,R2_NO_INFORMATION,T1_SILENT_CHECK,0,0
b7acdce3b49c9f7820fe80126742a0b4,llama31_8b_it,R3_IRRELEVANT_CONTEXT,T0_OFF,0,1
b7acdce3b49c9f7820fe80126742a0b4,llama31_8b_it,R3_IRRELEVANT_CONTEXT,T1_SILENT_CHECK,0,0
1414b04dad67681d6e63941c6e10e506,deepseek_r1_llama_8b,R0_BASE,T0_OFF,1,1
1414b04dad67681d6e63941c6e10e506,deepseek_r1_llama_8b,R0_BASE,T1_SILENT_CHECK,1,1
1414b04dad67681d6e63941c6e10e506,deepseek_r1_llama_8b,R1_METADATA_NEUTRAL,T0_OFF,1,1
1414b04dad67681d6e63941c6e10e506,deepseek_r1_llama_8b,R1_METADATA_NEUTRAL,T1_SILENT_CHECK,1,1
1414b04dad67681d6e63941c6e10e506,deepseek_r1_llama_8b,R2_NO_INFORMATION,T0_OFF,1,0
1414b04dad67681d6e63941c6e10e506,deepseek_r1_llama_8b,R2_NO_INFORMATION,T1_SILENT_CHECK,1,1
1414b04dad67681d6e63941c6e10e506,deepseek_r1_llama_8b,R3_IRRELEVANT_CONTEXT,T0_OFF,0,1
1414b04dad67681d6e63941c6e10e506,deepseek_r1_llama_8b,R3_IRRELEVANT_CONTEXT,T1_SILENT_CHECK,0,1
1414b04dad67681d6e63941c6e10e506,llama31_8b_it,R0_BASE,T0_OFF,1,1
1414b04dad67681d6e63941c6e10e506,llama31_8b_it,R0_BASE,T1_SILENT_CHECK,1,1
1414b04dad67681d6e63941c6e10e506,llama31_8b_it,R1_METADATA_NEUTRAL,T0_OFF,1,1
1414b04dad67681d6e63941c6e10e506,llama31_8b_it,R1_METADATA_NEUTRAL,T1_SILENT_CHECK,1,1
1414b04dad67681d6e63941c6e10e506,llama31_8b_it,R2_NO_INFORMATION,T0_OFF,1,1
1414b04dad67681d6e63941c6e10e506,llama31_8b_it,R2_NO_INFORMATION,T1_SILENT_CHECK,1,1
1414b04dad67681d6e63941c6e10e506,llama31_8b_it,R3_IRRELEVANT_CONTEXT,T0_OFF,1,1
1414b04dad67681d6e63941c6e10e506,llama31_8b_it,R3_IRRELEVANT_CONTEXT,T1_SILENT_CHECK,1,0
b85878c50bb475c7c21c8363d1178955,deepseek_r1_llama_8b,R0_BASE,T0_OFF,1,1
b85878c50bb475c7c21c8363d1178955,deepseek_r1_llama_8b,R0_BASE,T1_SILENT_CHECK,1,1
b85878c50bb475c7c21c8363d1178955,deepseek_r1_llama_8b,R1_METADATA_NEUTRAL,T0_OFF,1,1
b85878c50bb475c7c21c8363d1178955,deepseek_r1_llama_8b,R1_METADATA_NEUTRAL,T1_SILENT_CHECK,1,1
b85878c50bb475c7c21c8363d1178955,deepseek_r1_llama_8b,R2_NO_INFORMATION,T0_OFF,0,1
b85878c50bb475c7c21c8363d1178955,deepseek_r1_llama_8b,R2_NO_INFORMATION,T1_SILENT_CHECK,1,1
b85878c50bb475c7c21c8363d1178955,deepseek_r1_llama_8b,R3_IRRELEVANT_CONTEXT,T0_OFF,0,1
b85878c50bb475c7c21c8363d1178955,deepseek_r1_llama_8b,R3_IRRELEVANT_CONTEXT,T1_SILENT_CHECK,1,1
b85878c50bb475c7c21c8363d1178955,llama31_8b_it,R0_BASE,T0_OFF,1,1
b85878c50bb475c7c21c8363d1178955,llama31_8b_it,R0_BASE,T1_SILENT_CHECK,1,1
b85878c50bb475c7c21c8363d1178955,llama31_8b_it,R1_METADATA_NEUTRAL,T0_OFF,1,1
b85878c50bb475c7c21c8363d1178955,llama31_8b_it,R1_METADATA_NEUTRAL,T1_SILENT_CHECK,0,1
b85878c50bb475c7c21c8363d1178955,llama31_8b_it,R2_NO_INFORMATION,T0_OFF,1,1
b85878c50bb475c7c21c8363d1178955,llama31_8b_it,R2_NO_INFORMATION,T1_SILENT_CHECK,1,0
b85878c50bb475c7c21c8363d1178955,llama31_8b_it,R3_IRRELEVANT_CONTEXT,T0_OFF,1,1
b85878c50bb475c7c21c8363d1178955,llama31_8b_it,R3_IRRELEVANT_CONTEXT,T1_SILENT_CHECK,1,1
e7e72c3ea1b62f374e597e5383dd638f,deepseek_r1_llama_8b,R0_BASE,T0_OFF,1,0
e7e72c3ea1b62f374e597e5383dd638f,deepseek_r1_llama_8b,R0_BASE,T1_SILENT_CHECK,0,1
e7e72c3ea1b62f374e597e5383dd638f,deepseek_r1_llama_8b,R1_METADATA_NEUTRAL,T0_OFF,1,1
e7e72c3ea1b62f374e597e5383dd638f,deepseek_r1_llama_8b,R1_METADATA_NEUTRAL,T1_SILENT_CHECK,1,1
e7e72c3ea1b62f374e597e5383dd638f,deepseek_r1_llama_8b,R2_NO_INFORMATION,T0_OFF,1,0
e7e72c3ea1b62f374e597e5383dd638f,deepseek_r1_llama_8b,R2_NO_INFORMATION,T1_SILENT_CHECK,0,1
e7e72c3ea1b62f374e597e5383dd638f,deepseek_r1_llama_8b,R3_IRRELEVANT_CONTEXT,T0_OFF,0,1
e7e72c3ea1b62f374e597e5383dd638f,deepseek_r1_llama_8b,R3_IRRELEVANT_CONTEXT,T1_SILENT_CHECK,0,1
e7e72c3ea1b62f374e597e5383dd638f,llama31_8b_it,R0_BASE,T0_OFF,1,1
e7e72c3ea1b62f374e597e5383dd638f,llama31_8b_it,R0_BASE,T1_SILENT_CHECK,1,0
e7e72c3ea1b62f374e597e5383dd638f,llama31_8b_it,R1_METADATA_NEUTRAL,T0_OFF,1,1
e7e72c3ea1b62f374e597e5383dd638f,llama31_8b_it,R1_METADATA_NEUTRAL,T1_SILENT_CHECK,1,1
e7e72c3ea1b62f374e597e5383dd638f,llama31_8b_it,R2_NO_INFORMATION,T0_OFF,1,1
e7e72c3ea1b62f374e597e5383dd638f,llama31_8b_it,R2_NO_INFORMATION,T1_SILENT_CHECK,1,1
e7e72c3ea1b62f374e597e5383dd638f,llama31_8b_it,R3_IRRELEVANT_CONTEXT,T0_OFF,1,1
e7e72c3ea1b62f374e597e5383dd638f,llama31_8b_it,R3_IRRELEVANT_CONTEXT,T1_SILENT_CHECK,1,1
bc1e5b00818743aa95d40c2309b91a0a,deepseek_r1_llama_8b,R0_BASE,T0_OFF,1,0
bc1e5b00818743aa95d40c2309b91a0a,deepseek_r1_llama_8b,R0_BASE,T1_SILENT_CHECK,1,0
bc1e5b00818743aa95d40c2309b91a0a,deepseek_r1_llama_8b,R1_METADATA_NEUTRAL,T0_OFF,1,1
bc1e5b00818743aa95d40c2309b91a0a,deepseek_r1_llama_8b,R1_METADATA_NEUTRAL,T1_SILENT_CHECK,1,0
bc1e5b00818743aa95d40c2309b91a0a,deepseek_r1_llama_8b,R2_NO_INFORMATION,T0_OFF,1,1
bc1e5b00818743aa95d40c2309b91a0a,deepseek_r1_llama_8b,R2_NO_INFORMATION,T1_SILENT_CHECK,0,0
bc1e5b00818743aa95d40c2309b91a0a,deepseek_r1_llama_8b,R3_IRRELEVANT_CONTEXT,T0_OFF,0,1
bc1e5b00818743aa95d40c2309b91a0a,deepseek_r1_llama_8b,R3_IRRELEVANT_CONTEXT,T1_SILENT_CHECK,0,1
bc1e5b00818743aa95d40c2309b91a0a,llama31_8b_it,R0_BASE,T0_OFF,1,0
bc1e5b00818743aa95d40c2309b91a0a,llama31_8b_it,R0_BASE,T1_SILENT_CHECK,0,0
bc1e5b00818743aa95d40c2309b91a0a,llama31_8b_it,R1_METADATA_NEUTRAL,T0_OFF,1,0
bc1e5b00818743aa95d40c2309b91a0a,llama31_8b_it,R1_METADATA_NEUTRAL,T1_SILENT_CHECK,1,0
bc1e5b00818743aa95d40c2309b91a0a,llama31_8b_it,R2_NO_INFORMATION,T0_OFF,0,0
bc1e5b00818743aa95d40c2309b91a0a,llama31_8b_it,R2_NO_INFORMATION,T1_SILENT_CHECK,1,0
bc1e5b00818743aa95d40c2309b91a0a,llama31_8b_it,R3_IRRELEVANT_CONTEXT,T0_OFF,0,0
bc1e5b00818743aa95d40c2309b91a0a,llama31_8b_it,R3_IRRELEVANT_CONTEXT,T1_SILENT_CHECK,1,0
34123a931b5ed50ebfc294797713029c,deepseek_r1_llama_8b,R0_BASE,T0_OFF,0,0
34123a931b5ed50ebfc294797713029c,deepseek_r1_llama_8b,R0_BASE,T1_SILENT_CHECK,0,0
34123a931b5ed50ebfc294797713029c,deepseek_r1_llama_8b,R1_METADATA_NEUTRAL,T0_OFF,0,1
34123a931b5ed50ebfc294797713029c,deepseek_r1_llama_8b,R1_METADATA_NEUTRAL,T1_SILENT_CHECK,0,0
34123a931b5ed50ebfc294797713029c,deepseek_r1_llama_8b,R2_NO_INFORMATION,T0_OFF,1,1
34123a931b5ed50ebfc294797713029c,deepseek_r1_llama_8b,R2_NO_INFORMATION,T1_SILENT_CHECK,0,0
34123a931b5ed50ebfc294797713029c,deepseek_r1_llama_8b,R3_IRRELEVANT_CONTEXT,T0_OFF,1,0
34123a931b5ed50ebfc294797713029c,deepseek_r1_llama_8b,R3_IRRELEVANT_CONTEXT,T1_SILENT_CHECK,0,0
34123a931b5ed50ebfc294797713029c,llama31_8b_it,R0_BASE,T0_OFF,1,1
34123a931b5ed50ebfc294797713029c,llama31_8b_it,R0_BASE,T1_SILENT_CHECK,1,1
34123a931b5ed50ebfc294797713029c,llama31_8b_it,R1_METADATA_NEUTRAL,T0_OFF,1,1
34123a931b5ed50ebfc294797713029c,llama31_8b_it,R1_METADATA_NEUTRAL,T1_SILENT_CHECK,1,0
34123a931b5ed50ebfc294797713029c,llama31_8b_it,R2_NO_INFORMATION,T0_OFF,1,1
34123a931b5ed50ebfc294797713029c,llama31_8b_it,R2_NO_INFORMATION,T1_SILENT_CHECK,1,1
34123a931b5ed50ebfc294797713029c,llama31_8b_it,R3_IRRELEVANT_CONTEXT,T0_OFF,1,1
34123a931b5ed50ebfc294797713029c,llama31_8b_it,R3_IRRELEVANT_CONTEXT,T1_SILENT_CHECK,1,1
6f079d4bc42dd234bd014c3de58ed818,deepseek_r1_llama_8b,R0_BASE,T0_OFF,1,1
6f079d4bc42dd234bd014c3de58ed818,deepseek_r1_llama_8b,R0_BASE,T1_SILENT_CHECK,0,0
6f079d4bc42dd234bd014c3de58ed818,deepseek_r1_llama_8b,R1_METADATA_NEUTRAL,T0_OFF,0,1
6f079d4bc42dd234bd014c3de58ed818,deepseek_r1_llama_8b,R1_METADATA_NEUTRAL,T1_SILENT_CHECK,0,0
6f079d4bc42dd234bd014c3de58ed818,deepseek_r1_llama_8b,R2_NO_INFORMATION,T0_OFF,0,1
6f079d4bc42dd234bd014c3de58ed818,deepseek_r1_llama_8b,R2_NO_INFORMATION,T1_SILENT_CHECK,1,1
6f079d4bc42dd234bd014c3de58ed818,deepseek_r1_llama_8b,R3_IRRELEVANT_CONTEXT,T0_OFF,0,0
6f079d4bc42dd234bd014c3de58ed818,deepseek_r1_llama_8b,R3_IRRELEVANT_CONTEXT,T1_SILENT_CHECK,0,0
6f079d4bc42dd234bd014c3de58ed818,llama31_8b_it,R0_BASE,T0_OFF,1,1
6f079d4bc42dd234bd014c3de58ed818,llama31_8b_it,R0_BASE,T1_SILENT_CHECK,1,1
6f079d4bc42dd234bd014c3de58ed818,llama31_8b_it,R1_METADATA_NEUTRAL,T0_OFF,1,1
6f079d4bc42dd234bd014c3de58ed818,llama31_8b_it,R1_METADATA_NEUTRAL,T1_SILENT_CHECK,1,1
6f079d4bc42dd234bd014c3de58ed818,llama31_8b_it,R2_NO_INFORMATION,T0_OFF,1,1
6f079d4bc42dd234bd014c3de58ed818,llama31_8b_it,R2_NO_INFORMATION,T1_SILENT_CHECK,1,1
6f079d4bc42dd234bd014c3de58ed818,llama31_8b_it,R3_IRRELEVANT_CONTEXT,T0_OFF,1,1
6f079d4bc42dd234bd014c3de58ed818,llama31_8b_it,R3_IRRELEVANT_CONTEXT,T1_SILENT_CHECK,1,1
aa35c6e6fdfaef4cc3f15d576f675646,deepseek_r1_llama_8b,R0_BASE,T0_OFF,0,0
aa35c6e6fdfaef4cc3f15d576f675646,deepseek_r1_llama_8b,R0_BASE,T1_SILENT_CHECK,0,0
aa35c6e6fdfaef4cc3f15d576f675646,deepseek_r1_llama_8b,R1_METADATA_NEUTRAL,T0_OFF,0,0
aa35c6e6fdfaef4cc3f15d576f675646,deepseek_r1_llama_8b,R1_METADATA_NEUTRAL,T1_SILENT_CHECK,0,0
aa35c6e6fdfaef4cc3f15d576f675646,deepseek_r1_llama_8b,R2_NO_INFORMATION,T0_OFF,0,0
aa35c6e6fdfaef4cc3f15d576f675646,deepseek_r1_llama_8b,R2_NO_INFORMATION,T1_SILENT_CHECK,0,0
aa35c6e6fdfaef4cc3f15d576f675646,deepseek_r1_llama_8b,R3_IRRELEVANT_CONTEXT,T0_OFF,0,0
aa35c6e6fdfaef4cc3f15d576f675646,deepseek_r1_llama_8b,R3_IRRELEVANT_CONTEXT,T1_SILENT_CHECK,0,0
aa35c6e6fdfaef4cc3f15d576f675646,llama31_8b_it,R0_BASE,T0_OFF,0,0
aa35c6e6fdfaef4cc3f15d576f675646,llama31_8b_it,R0_BASE,T1_SILENT_CHECK,0,0
aa35c6e6fdfaef4cc3f15d576f675646,llama31_8b_it,R1_METADATA_NEUTRAL,T0_OFF,0,0
aa35c6e6fdfaef4cc3f15d576f675646,llama31_8b_it,R1_METADATA_NEUTRAL,T1_SILENT_CHECK,0,0
aa35c6e6fdfaef4cc3f15d576f675646,llama31_8b_it,R2_NO_INFORMATION,T0_OFF,0,0
aa35c6e6fdfaef4cc3f15d576f675646,llama31_8b_it,R2_NO_INFORMATION,T1_SILENT_CHECK,0,0
aa35c6e6fdfaef4cc3f15d576f675646,llama31_8b_it,R3_IRRELEVANT_CONTEXT,T0_OFF,0,0
aa35c6e6fdfaef4cc3f15d576f675646,llama31_8b_it,R3_IRRELEVANT_CONTEXT,T1_SILENT_CHECK,0,0
80b0ea45d10b3286a16951cfc402ec88,deepseek_r1_llama_8b,R0_BASE,T0_OFF,1,1
80b0ea45d10b3286a16951cfc402ec88,deepseek_r1_llama_8b,R0_BASE,T1_SILENT_CHECK,1,1
80b0ea45d10b3286a16951cfc402ec88,deepseek_r1_llama_8b,R1_METADATA_NEUTRAL,T0_OFF,1,1
80b0ea45d10b3286a16951cfc402ec88,deepseek_r1_llama_8b,R1_METADATA_NEUTRAL,T1_SILENT_CHECK,1,1
80b0ea45d10b3286a16951cfc402ec88,deepseek_r1_llama_8b,R2_NO_INFORMATION,T0_OFF,0,1
80b0ea45d10b3286a16951cfc402ec88,deepseek_r1_llama_8b,R2_NO_INFORMATION,T1_SILENT_CHECK,1,1
80b0ea45d10b3286a16951cfc402ec88,deepseek_r1_llama_8b,R3_IRRELEVANT_CONTEXT,T0_OFF,1,1
80b0ea45d10b3286a16951cfc402ec88,deepseek_r1_llama_8b,R3_IRRELEVANT_CONTEXT,T1_SILENT_CHECK,1,1
80b0ea45d10b3286a16951cfc402ec88,llama31_8b_it,R0_BASE,T0_OFF,1,0
80b0ea45d10b3286a16951cfc402ec88,llama31_8b_it,R0_BASE,T1_SILENT_CHECK,1,1
80b0ea45d10b3286a16951cfc402ec88,llama31_8b_it,R1_METADATA_NEUTRAL,T0_OFF,0,1
80b0ea45d10b3286a16951cfc402ec88,llama31_8b_it,R1_METADATA_NEUTRAL,T1_SILENT_CHECK,1,1
80b0ea45d10b3286a16951cfc402ec88,llama31_8b_it,R2_NO_INFORMATION,T0_OFF,1,1
80b0ea45d10b3286a16951cfc402ec88,llama31_8b_it,R2_NO_INFORMATION,T1_SILENT_CHECK,1,1
80b0ea45d10b3286a16951cfc402ec88,llama31_8b_it,R3_IRRELEVANT_CONTEXT,T0_OFF,1,1
80b0ea45d10b3286a16951cfc402ec88,llama31_8b_it,R3_IRRELEVANT_CONTEXT,T1_SILENT_CHECK,1,1
b9122a8e286a7e56e020d6aaff8a34e9,deepseek_r1_llama_8b,R0_BASE,T0_OFF,1,1
b9122a8e286a7e56e020d6aaff8a34e9,deepseek_r1_llama_8b,R0_BASE,T1_SILENT_CHECK,0,1
b9122a8e286a7e56e020d6aaff8a34e9,deepseek_r1_llama_8b,R1_METADATA_NEUTRAL,T0_OFF,0,0
b9122a8e286a7e56e020d6aaff8a34e9,deepseek_r1_llama_8b,R1_METADATA_NEUTRAL,T1_SILENT_CHECK,0,0
b9122a8e286a7e56e020d6aaff8a34e9,deepseek_r1_llama_8b,R2_NO_INFORMATION,T0_OFF,0,1
b9122a8e286a7e56e020d6aaff8a34e9,deepseek_r1_llama_8b,R2_NO_INFORMATION,T1_SILENT_CHECK,0,0
b9122a8e286a7e56e020d6aaff8a34e9,deepseek_r1_llama_8b,R3_IRRELEVANT_CONTEXT,T0_OFF,1,0
b9122a8e286a7e56e020d6aaff8a34e9,deepseek_r1_llama_8b,R3_IRRELEVANT_CONTEXT,T1_SILENT_CHECK,0,0
b9122a8e286a7e56e020d6aaff8a34e9,llama31_8b_it,R0_BASE,T0_OFF,0,0
b9122a8e286a7e56e020d6aaff8a34e9,llama31_8b_it,R0_BASE,T1_SILENT_CHECK,0,0
b9122a8e286a7e56e020d6aaff8a34e9,llama31_8b_it,R1_METADATA_NEUTRAL,T0_OFF,0,0
b9122a8e286a7e56e020d6aaff8a34e9,llama31_8b_it,R1_METADATA_NEUTRAL,T1_SILENT_CHECK,0,0
b9122a8e286a7e56e020d6aaff8a34e9,llama31_8b_it,R2_NO_INFORMATION,T0_OFF,0,0
b9122a8e286a7e56e020d6aaff8a34e9,llama31_8b_it,R2_NO_INFORMATION,T1_SILENT_CHECK,0,0
b9122a8e286a7e56e020d6aaff8a34e9,llama31_8b_it,R3_IRRELEVANT_CONTEXT,T0_OFF,0,0
b9122a8e286a7e56e020d6aaff8a34e9,llama31_8b_it,R3_IRRELEVANT_CONTEXT,T1_SILENT_CHECK,0,0
a7258f538efff1f75836cb9925d237e9,deepseek_r1_llama_8b,R0_BASE,T0_OFF,1,1
a7258f538efff1f75836cb9925d237e9,deepseek_r1_llama_8b,R0_BASE,T1_SILENT_CHECK,0,0
a7258f538efff1f75836cb9925d237e9,deepseek_r1_llama_8b,R1_METADATA_NEUTRAL,T0_OFF,1,1
a7258f538efff1f75836cb9925d237e9,deepseek_r1_llama_8b,R1_METADATA_NEUTRAL,T1_SILENT_CHECK,1,0
a7258f538efff1f75836cb9925d237e9,deepseek_r1_llama_8b,R2_NO_INFORMATION,T0_OFF,1,1
a7258f538efff1f75836cb9925d237e9,deepseek_r1_llama_8b,R2_NO_INFORMATION,T1_SILENT_CHECK,0,1
a7258f538efff1f75836cb9925d237e9,deepseek_r1_llama_8b,R3_IRRELEVANT_CONTEXT,T0_OFF,1,1
a7258f538efff1f75836cb9925d237e9,deepseek_r1_llama_8b,R3_IRRELEVANT_CONTEXT,T1_SILENT_CHECK,0,1
a7258f538efff1f75836cb9925d237e9,llama31_8b_it,R0_BASE,T0_OFF,0,0
a7258f538efff1f75836cb9925d237e9,llama31_8b_it,R0_BASE,T1_SILENT_CHECK,0,1
a7258f538efff1f75836cb9925d237e9,llama31_8b_it,R1_METADATA_NEUTRAL,T0_OFF,0,0
a7258f538efff1f75836cb9925d237e9,llama31_8b_it,R1_METADATA_NEUTRAL,T1_SILENT_CHECK,0,0
a7258f538efff1f75836cb9925d237e9,llama31_8b_it,R2_NO_INFORMATION,T0_OFF,0,1
a7258f538efff1f75836cb9925d237e9,llama31_8b_it,R2_NO_INFORMATION,T1_SILENT_CHECK,0,0
a7258f538efff1f75836cb9925d237e9,llama31_8b_it,R3_IRRELEVANT_CONTEXT,T0_OFF,0,0
a7258f538efff1f75836cb9925d237e9,llama31_8b_it,R3_IRRELEVANT_CONTEXT,T1_SILENT_CHECK,0,0
a9983f8a4847321c00dc627598d38de3,deepseek_r1_llama_8b,R0_BASE,T0_OFF,1,1
a9983f8a4847321c00dc627598d38de3,deepseek_r1_llama_8b,R0_BASE,T1_SILENT_CHECK,0,0
a9983f8a4847321c00dc627598d38de3,deepseek_r1_llama_8b,R1_METADATA_NEUTRAL,T0_OFF,1,1
a9983f8a4847321c00dc627598d38de3,deepseek_r1_llama_8b,R1_METADATA_NEUTRAL,T1_SILENT_CHECK,1,0
a9983f8a4847321c00dc627598d38de3,deepseek_r1_llama_8b,R2_NO_INFORMATION,T0_OFF,1,1
a9983f8a4847321c00dc627598d38de3,deepseek_r1_llama_8b,R2_NO_INFORMATION,T1_SILENT_CHECK,0,0
a9983f8a4847321c00dc627598d38de3,deepseek_r1_llama_8b,R3_IRRELEVANT_CONTEXT,T0_OFF,1,0
a9983f8a4847321c00dc627598d38de3,deepseek_r1_llama_8b,R3_IRRELEVANT_CONTEXT,T1_SILENT_CHECK,1,1
a9983f8a4847321c00dc627598d38de3,llama31_8b_it,R0_BASE,T0_OFF,1,1
a9983f8a4847321c00dc627598d38de3,llama31_8b_it,R0_BASE,T1_SILENT_CHECK,1,0
a9983f8a4847321c00dc627598d38de3,llama31_8b_it,R1_METADATA_NEUTRAL,T0_OFF,1,0
a9983f8a4847321c00dc627598d38de3,llama31_8b_it,R1_METADATA_NEUTRAL,T1_SILENT_CHECK,1,0
a9983f8a4847321c00dc627598d38de3,llama31_8b_it,R2_NO_INFORMATION,T0_OFF,0,1
a9983f8a4847321c00dc627598d38de3,llama31_8b_it,R2_NO_INFORMATION,T1_SILENT_CHECK,0,0
a9983f8a4847321c00dc627598d38de3,llama31_8b_it,R3_IRRELEVANT_CONTEXT,T0_OFF,1,1
a9983f8a4847321c00dc627598d38de3,llama31_8b_it,R3_IRRELEVANT_CONTEXT,T1_SILENT_CHECK,0,0
024b51efe5990f2d5fff95bc59b279b3,deepseek_r1_llama_8b,R0_BASE,T0_OFF,1,0
024b51efe5990f2d5fff95bc59b279b3,deepseek_r1_llama_8b,R0_BASE,T1_SILENT_CHECK,0,1
024b51efe5990f2d5fff95bc59b279b3,deepseek_r1_llama_8b,R1_METADATA_NEUTRAL,T0_OFF,0,0
024b51efe5990f2d5fff95bc59b279b3,deepseek_r1_llama_8b,R1_METADATA_NEUTRAL,T1_SILENT_CHECK,1,1
024b51efe5990f2d5fff95bc59b279b3,deepseek_r1_llama_8b,R2_NO_INFORMATION,T0_OFF,1,1
024b51efe5990f2d5fff95bc59b279b3,deepseek_r1_llama_8b,R2_NO_INFORMATION,T1_SILENT_CHECK,1,1
024b51efe5990f2d5fff95bc59b279b3,deepseek_r1_llama_8b,R3_IRRELEVANT_CONTEXT,T0_OFF,0,0
024b51efe5990f2d5fff95bc59b279b3,deepseek_r1_llama_8b,R3_IRRELEVANT_CONTEXT,T1_SILENT_CHECK,0,0
024b51efe5990f2d5fff95bc59b279b3,llama31_8b_it,R0_BASE,T0_OFF,0,0
024b51efe5990f2d5fff95bc59b279b3,llama31_8b_it,R0_BASE,T1_SILENT_CHECK,0,0
024b51efe5990f2d5fff95bc59b279b3,llama31_8b_it,R1_METADATA_NEUTRAL,T0_OFF,0,0
024b51efe5990f2d5fff95bc59b279b3,llama31_8b_it,R1_METADATA_NEUTRAL,T1_SILENT_CHECK,0,0
024b51efe5990f2d5fff95bc59b279b3,llama31_8b_it,R2_NO_INFORMATION,T0_OFF,0,0
024b51efe5990f2d5fff95bc59b279b3,llama31_8b_it,R2_NO_INFORMATION,T1_SILENT_CHECK,0,0
024b51efe5990f2d5fff95bc59b279b3,llama31_8b_it,R3_IRRELEVANT_CONTEXT,T0_OFF,0,1
024b51efe5990f2d5fff95bc59b279b3,llama31_8b_it,R3_IRRELEVANT_CONTEXT,T1_SILENT_CHECK,0,0
5e87bc66d827f9f0ef843cce50ce7cc8,deepseek_r1_llama_8b,R0_BASE,T0_OFF,1,0
5e87bc66d827f9f0ef843cce50ce7cc8,deepseek_r1_llama_8b,R0_BASE,T1_SILENT_CHECK,0,0
5e87bc66d827f9f0ef843cce50ce7cc8,deepseek_r1_llama_8b,R1_METADATA_NEUTRAL,T0_OFF,0,0
5e87bc66d827f9f0ef843cce50ce7cc8,deepseek_r1_llama_8b,R1_METADATA_NEUTRAL,T1_SILENT_CHECK,0,0
5e87bc66d827f9f0ef843cce50ce7cc8,deepseek_r1_llama_8b,R2_NO_INFORMATION,T0_OFF,0,0
5e87bc66d827f9f0ef843cce50ce7cc8,deepseek_r1_llama_8b,R2_NO_INFORMATION,T1_SILENT_CHECK,1,0
5e87bc66d827f9f0ef843cce50ce7cc8,deepseek_r1_llama_8b,R3_IRRELEVANT_CONTEXT,T0_OFF,0,0
5e87bc66d827f9f0ef843cce50ce7cc8,deepseek_r1_llama_8b,R3_IRRELEVANT_CONTEXT,T1_SILENT_CHECK,0,0
5e87bc66d827f9f0ef843cce50ce7cc8,llama31_8b_it,R0_BASE,T0_OFF,1,0
5e87bc66d827f9f0ef843cce50ce7cc8,llama31_8b_it,R0_BASE,T1_SILENT_CHECK,0,0
5e87bc66d827f9f0ef843cce50ce7cc8,llama31_8b_it,R1_METADATA_NEUTRAL,T0_OFF,0,0
5e87bc66d827f9f0ef843cce50ce7cc8,llama31_8b_it,R1_METADATA_NEUTRAL,T1_SILENT_CHECK,0,1
5e87bc66d827f9f0ef843cce50ce7cc8,llama31_8b_it,R2_NO_INFORMATION,T0_OFF,0,1
5e87bc66d827f9f0ef843cce50ce7cc8,llama31_8b_it,R2_NO_INFORMATION,T1_SILENT_CHECK,0,1
5e87bc66d827f9f0ef843cce50ce7cc8,llama31_8b_it,R3_IRRELEVANT_CONTEXT,T0_OFF,0,0
5e87bc66d827f9f0ef843cce50ce7cc8,llama31_8b_it,R3_IRRELEVANT_CONTEXT,T1_SILENT_CHECK,0,1
d0b7a43f41b2a1f21b6d01d29a0f5436,deepseek_r1_llama_8b,R0_BASE,T0_OFF,1,1
d0b7a43f41b2a1f21b6d01d29a0f5436,deepseek_r1_llama_8b,R0_BASE,T1_SILENT_CHECK,1,0
d0b7a43f41b2a1f21b6d01d29a0f5436,deepseek_r1_llama_8b,R1_METADATA_NEUTRAL,T0_OFF,1,1
d0b7a43f41b2a1f21b6d01d29a0f5436,deepseek_r1_llama_8b,R1_METADATA_NEUTRAL,T1_SILENT_CHECK,1,1
d0b7a43f41b2a1f21b6d01d29a0f5436,deepseek_r1_llama_8b,R2_NO_INFORMATION,T0_OFF,0,1
d0b7a43f41b2a1f21b6d01d29a0f5436,deepseek_r1_llama_8b,R2_NO_INFORMATION,T1_SILENT_CHECK,1,0
d0b7a43f41b2a1f21b6d01d29a0f5436,deepseek_r1_llama_8b,R3_IRRELEVANT_CONTEXT,T0_OFF,0,1
d0b7a43f41b2a1f21b6d01d29a0f5436,deepseek_r1_llama_8b,R3_IRRELEVANT_CONTEXT,T1_SILENT_CHECK,0,1
d0b7a43f41b2a1f21b6d01d29a0f5436,llama31_8b_it,R0_BASE,T0_OFF,1,1
d0b7a43f41b2a1f21b6d01d29a0f5436,llama31_8b_it,R0_BASE,T1_SILENT_CHECK,1,1
d0b7a43f41b2a1f21b6d01d29a0f5436,llama31_8b_it,R1_METADATA_NEUTRAL,T0_OFF,1,1
d0b7a43f41b2a1f21b6d01d29a0f5436,llama31_8b_it,R1_METADATA_NEUTRAL,T1_SILENT_CHECK,1,1
d0b7a43f41b2a1f21b6d01d29a0f5436,llama31_8b_it,R2_NO_INFORMATION,T0_OFF,1,1
d0b7a43f41b2a1f21b6d01d29a0f5436,llama31_8b_it,R2_NO_INFORMATION,T1_SILENT_CHECK,0,1
d0b7a43f41b2a1f21b6d01d29a0f5436,llama31_8b_it,R3_IRRELEVANT_CONTEXT,T0_OFF,1,1
d0b7a43f41b2a1f21b6d01d29a0f5436,llama31_8b_it,R3_IRRELEVANT_CONTEXT,T1_SILENT_CHECK,1,1
943ca8ee229236ec404276d5db8b3af2,deepseek_r1_llama_8b,R0_BASE,T0_OFF,1,0
943ca8ee229236ec404276d5db8b3af2,deepseek_r1_llama_8b,R0_BASE,T1_SILENT_CHECK,1,1
943ca8ee229236ec404276d5db8b3af2,deepseek_r1_llama_8b,R1_METADATA_NEUTRAL,T0_OFF,0,1
943ca8ee229236ec404276d5db8b3af2,deepseek_r1_llama_8b,R1_METADATA_NEUTRAL,T1_SILENT_CHECK,1,0
943ca8ee229236ec404276d5db8b3af2,deepseek_r1_llama_8b,R2_NO_INFORMATION,T0_OFF,1,1
943ca8ee229236ec404276d5db8b3af2,deepseek_r1_llama_8b,R2_NO_INFORMATION,T1_SILENT_CHECK,1,0
943ca8ee229236ec404276d5db8b3af2,deepseek_r1_llama_8b,R3_IRRELEVANT_CONTEXT,T0_OFF,0,1
943ca8ee229236ec404276d5db8b3af2,deepseek_r1_llama_8b,R3_IRRELEVANT_CONTEXT,T1_SILENT_CHECK,1,0
943ca8ee229236ec404276d5db8b3af2,llama31_8b_it,R0_BASE,T0_OFF,1,1
943ca8ee229236ec404276d5db8b3af2,llama31_8b_it,R0_BASE,T1_SILENT_CHECK,1,1
943ca8ee229236ec404276d5db8b3af2,llama31_8b_it,R1_METADATA_NEUTRAL,T0_OFF,1,1
943ca8ee229236ec404276d5db8b3af2,llama31_8b_it,R1_METADATA_NEUTRAL,T1_SILENT_CHECK,1,1
943ca8ee229236ec404276d5db8b3af2,llama31_8b_it,R2_NO_INFORMATION,T0_OFF,1,1
943ca8ee229236ec404276d5db8b3af2,llama31_8b_it,R2_NO_INFORMATION,T1_SILENT_CHECK,1,1
943ca8ee229236ec404276d5db8b3af2,llama31_8b_it,R3_IRRELEVANT_CONTEXT,T0_OFF,1,1
943ca8ee229236ec404276d5db8b3af2,llama31_8b_it,R3_IRRELEVANT_CONTEXT,T1_SILENT_CHECK,1,1
685a8b761f2b7fdf1cb0c68702fec39a,deepseek_r1_llama_8b,R0_BASE,T0_OFF,0,0
685a8b761f2b7fdf1cb0c68702fec39a,deepseek_r1_llama_8b,R0_BASE,T1_SILENT_CHECK,0,0
685a8b761f2b7fdf1cb0c68702fec39a,deepseek_r1_llama_8b,R1_METADATA_NEUTRAL,T0_OFF,0,0
685a8b761f2b7fdf1cb0c68702fec39a,deepseek_r1_llama_8b,R1_METADATA_NEUTRAL,T1_SILENT_CHECK,0,0
685a8b761f2b7fdf1cb0c68702fec39a,deepseek_r1_llama_8b,R2_NO_INFORMATION,T0_OFF,0,0
685a8b761f2b7fdf1cb0c68702fec39a,deepseek_r1_llama_8b,R2_NO_INFORMATION,T1_SILENT_CHECK,0,0
685a8b761f2b7fdf1cb0c68702fec39a,deepseek_r1_llama_8b,R3_IRRELEVANT_CONTEXT,T0_OFF,0,0
685a8b761f2b7fdf1cb0c68702fec39a,deepseek_r1_llama_8b,R3_IRRELEVANT_CONTEXT,T1_SILENT_CHECK,0,0
685a8b761f2b7fdf1cb0c68702fec39a,llama31_8b_it,R0_BASE,T0_OFF,0,0
685a8b761f2b7fdf1cb0c68702fec39a,llama31_8b_it,R0_BASE,T1_SILENT_CHECK,0,0
685a8b761f2b7fdf1cb0c68702fec39a,llama31_8b_it,R1_METADATA_NEUTRAL,T0_OFF,0,0
685a8b761f2b7fdf1cb0c68702fec39a,llama31_8b_it,R1_METADATA_NEUTRAL,T1_SILENT_CHECK,0,0
685a8b761f2b7fdf1cb0c68702fec39a,llama31_8b_it,R2_NO_INFORMATION,T0_OFF,0,0
685a8b761f2b7fdf1cb0c68702fec39a,llama31_8b_it,R2_NO_INFORMATION,T1_SILENT_CHECK,0,0
685a8b761f2b7fdf1cb0c68702fec39a,llama31_8b_it,R3_IRRELEVANT_CONTEXT,T0_OFF,0,0
685a8b761f2b7fdf1cb0c68702fec39a,llama31_8b_it,R3_IRRELEVANT_CONTEXT,T1_SILENT_CHECK,0,0
c5eb4ba38ed54731312210da948610c4,deepseek_r1_llama_8b,R0_BASE,T0_OFF,0,1
c5eb4ba38ed54731312210da948610c4,deepseek_r1_llama_8b,R0_BASE,T1_SILENT_CHECK,0,1
c5eb4ba38ed54731312210da948610c4,deepseek_r1_llama_8b,R1_METADATA_NEUTRAL,T0_OFF,1,1
c5eb4ba38ed54731312210da948610c4,deepseek_r1_llama_8b,R1_METADATA_NEUTRAL,T1_SILENT_CHECK,1,1
c5eb4ba38ed54731312210da948610c4,deepseek_r1_llama_8b,R2_NO_INFORMATION,T0_OFF,0,1
c5eb4ba38ed54731312210da948610c4,deepseek_r1_llama_8b,R2_NO_INFORMATION,T1_SILENT_CHECK,0,1
c5eb4ba38ed54731312210da948610c4,deepseek_r1_llama_8b,R3_IRRELEVANT_CONTEXT,T0_OFF,1,0
c5eb4ba38ed54731312210da948610c4,deepseek_r1_llama_8b,R3_IRRELEVANT_CONTEXT,T1_SILENT_CHECK,1,1
c5eb4ba38ed54731312210da948610c4,llama31_8b_it,R0_BASE,T0_OFF,1,1
c5eb4ba38ed54731312210da948610c4,llama31_8b_it,R0_BASE,T1_SILENT_CHECK,1,1
c5eb4ba38ed54731312210da948610c4,llama31_8b_it,R1_METADATA_NEUTRAL,T0_OFF,1,1
c5eb4ba38ed54731312210da948610c4,llama31_8b_it,R1_METADATA_NEUTRAL,T1_SILENT_CHECK,1,1
c5eb4ba38ed54731312210da948610c4,llama31_8b_it,R2_NO_INFORMATION,T0_OFF,1,1
c5eb4ba38ed54731312210da948610c4,llama31_8b_it,R2_NO_INFORMATION,T1_SILENT_CHECK,1,1
c5eb4ba38ed54731312210da948610c4,llama31_8b_it,R3_IRRELEVANT_CONTEXT,T0_OFF,1,1
c5eb4ba38ed54731312210da948610c4,llama31_8b_it,R3_IRRELEVANT_CONTEXT,T1_SILENT_CHECK,0,1
b3436e70d93f1a6ba4f092cc7443e14b,deepseek_r1_llama_8b,R0_BASE,T0_OFF,1,0
b3436e70d93f1a6ba4f092cc7443e14b,deepseek_r1_llama_8b,R0_BASE,T1_SILENT_CHECK,0,0
b3436e70d93f1a6ba4f092cc7443e14b,deepseek_r1_llama_8b,R1_METADATA_NEUTRAL,T0_OFF,1,1
b3436e70d93f1a6ba4f092cc7443e14b,deepseek_r1_llama_8b,R1_METADATA_NEUTRAL,T1_SILENT_CHECK,1,0
b3436e70d93f1a6ba4f092cc7443e14b,deepseek_r1_llama_8b,R2_NO_INFORMATION,T0_OFF,0,0
b3436e70d93f1a6ba4f092cc7443e14b,deepseek_r1_llama_8b,R2_NO_INFORMATION,T1_SILENT_CHECK,1,1
b3436e70d93f1a6ba4f092cc7443e14b,deepseek_r1_llama_8b,R3_IRRELEVANT_CONTEXT,T0_OFF,0,1
b3436e70d93f1a6ba4f092cc7443e14b,deepseek_r1_llama_8b,R3_IRRELEVANT_CONTEXT,T1_SILENT_CHECK,0,0
b3436e70d93f1a6ba4f092cc7443e14b,llama31_8b_it,R0_BASE,T0_OFF,0,0
b3436e70d93f1a6ba4f092cc7443e14b,llama31_8b_it,R0_BASE,T1_SILENT_CHECK,1,0
b3436e70d93f1a6ba4f092cc7443e14b,llama31_8b_it,R1_METADATA_NEUTRAL,T0_OFF,0,1
b3436e70d93f1a6ba4f092cc7443e14b,llama31_8b_it,R1_METADATA_NEUTRAL,T1_SILENT_CHECK,0,0
b3436e70d93f1a6ba4f092cc7443e14b,llama31_8b_it,R2_NO_INFORMATION,T0_OFF,0,0
b3436e70d93f1a6ba4f092cc7443e14b,llama31_8b_it,R2_NO_INFORMATION,T1_SILENT_CHECK,0,0
b3436e70d93f1a6ba4f092cc7443e14b,llama31_8b_it,R3_IRRELEVANT_CONTEXT,T0_OFF,0,0
b3436e70d93f1a6ba4f092cc7443e14b,llama31_8b_it,R3_IRRELEVANT_CONTEXT,T1_SILENT_CHECK,0,0
227e05ae418f4f9a1d4504f0b1be2442,deepseek_r1_llama_8b,R0_BASE,T0_OFF,1,1
227e05ae418f4f9a1d4504f0b1be2442,deepseek_r1_llama_8b,R0_BASE,T1_SILENT_CHECK,1,1
227e05ae418f4f9a1d4504f0b1be2442,deepseek_r1_llama_8b,R1_METADATA_NEUTRAL,T0_OFF,0,1
227e05ae418f4f9a1d4504f0b1be2442,deepseek_r1_llama_8b,R1_METADATA_NEUTRAL,T1_SILENT_CHECK,1,1
227e05ae418f4f9a1d4504f0b1be2442,deepseek_r1_llama_8b,R2_NO_INFORMATION,T0_OFF,1,1
227e05ae418f4f9a1d4504f0b1be2442,deepseek_r1_llama_8b,R2_NO_INFORMATION,T1_SILENT_CHECK,1,1
227e05ae418f4f9a1d4504f0b1be2442,deepseek_r1_llama_8b,R3_IRRELEVANT_CONTEXT,T0_OFF,1,1
227e05ae418f4f9a1d4504f0b1be2442,deepseek_r1_llama_8b,R3_IRRELEVANT_CONTEXT,T1_SILENT_CHECK,1,1
227e05ae418f4f9a1d4504f0b1be2442,llama31_8b_it,R0_BASE,T0_OFF,0,0
227e05ae418f4f9a1d4504f0b1be2442,llama31_8b_it,R0_BASE,T1_SILENT_CHECK,0,0
227e05ae418f4f9a1d4504f0b1be2442,llama31_8b_it,R1_METADATA_NEUTRAL,T0_OFF,0,0
227e05ae418f4f9a1d4504f0b1be2442,llama31_8b_it,R1_METADATA_NEUTRAL,T1_SILENT_CHECK,0,0
227e05ae418f4f9a1d4504f0b1be2442,llama31_8b_it,R2_NO_INFORMATION,T0_OFF,0,0
227e05ae418f4f9a1d4504f0b1be2442,llama31_8b_it,R2_NO_INFORMATION,T1_SILENT_CHECK,0,0
227e05ae418f4f9a1d4504f0b1be2442,llama31_8b_it,R3_IRRELEVANT_CONTEXT,T0_OFF,0,0
227e05ae418f4f9a1d4504f0b1be2442,llama31_8b_it,R3_IRRELEVANT_CONTEXT,T1_SILENT_CHECK,0,0
847f3dcc3886bb2ff5c3582405310e15,deepseek_r1_llama_8b,R0_BASE,T0_OFF,0,1
847f3dcc3886bb2ff5c3582405310e15,deepseek_r1_llama_8b,R0_BASE,T1_SILENT_CHECK,0,0
847f3dcc3886bb2ff5c3582405310e15,deepseek_r1_llama_8b,R1_METADATA_NEUTRAL,T0_OFF,0,0
847f3dcc3886bb2ff5c3582405310e15,deepseek_r1_llama_8b,R1_METADATA_NEUTRAL,T1_SILENT_CHECK,1,1
847f3dcc3886bb2ff5c3582405310e15,deepseek_r1_llama_8b,R2_NO_INFORMATION,T0_OFF,0,0
847f3dcc3886bb2ff5c3582405310e15,deepseek_r1_llama_8b,R2_NO_INFORMATION,T1_SILENT_CHECK,1,1
847f3dcc3886bb2ff5c3582405310e15,deepseek_r1_llama_8b,R3_IRRELEVANT_CONTEXT,T0_OFF,1,0
847f3dcc3886bb2ff5c3582405310e15,deepseek_r1_llama_8b,R3_IRRELEVANT_CONTEXT,T1_SILENT_CHECK,1,0
847f3dcc3886bb2ff5c3582405310e15,llama31_8b_it,R0_BASE,T0_OFF,1,1
847f3dcc3886bb2ff5c3582405310e15,llama31_8b_it,R0_BASE,T1_SILENT_CHECK,1,1
847f3dcc3886bb2ff5c3582405310e15,llama31_8b_it,R1_METADATA_NEUTRAL,T0_OFF,1,1
847f3dcc3886bb2ff5c3582405310e15,llama31_8b_it,R1_METADATA_NEUTRAL,T1_SILENT_CHECK,1,1
847f3dcc3886bb2ff5c3582405310e15,llama31_8b_it,R2_NO_INFORMATION,T0_OFF,1,1
847f3dcc3886bb2ff5c3582405310e15,llama31_8b_it,R2_NO_INFORMATION,T1_SILENT_CHECK,1,1
847f3dcc3886bb2ff5c3582405310e15,llama31_8b_it,R3_IRRELEVANT_CONTEXT,T0_OFF,1,1
847f3dcc3886bb2ff5c3582405310e15,llama31_8b_it,R3_IRRELEVANT_CONTEXT,T1_SILENT_CHECK,1,1
86af98bbad0ba478b1a2cd1a37f17499,deepseek_r1_llama_8b,R0_BASE,T0_OFF,0,1
86af98bbad0ba478b1a2cd1a37f17499,deepseek_r1_llama_8b,R0_BASE,T1_SILENT_CHECK,0,1
86af98bbad0ba478b1a2cd1a37f17499,deepseek_r1_llama_8b,R1_METADATA_NEUTRAL,T0_OFF,0,0
86af98bbad0ba478b1a2cd1a37f17499,deepseek_r1_llama_8b,R1_METADATA_NEUTRAL,T1_SILENT_CHECK,1,1
86af98bbad0ba478b1a2cd1a37f17499,deepseek_r1_llama_8b,R2_NO_INFORMATION,T0_OFF,0,0
86af98bbad0ba478b1a2cd1a37f17499,deepseek_r1_llama_8b,R2_NO_INFORMATION,T1_SILENT_CHECK,1,1
86af98bbad0ba478b1a2cd1a37f17499,deepseek_r1_llama_8b,R3_IRRELEVANT_CONTEXT,T0_OFF,1,1
86af98bbad0ba478b1a2cd1a37f17499,deepseek_r1_llama_8b,R3_IRRELEVANT_CONTEXT,T1_SILENT_CHECK,0,1
86af98bbad0ba478b1a2cd1a37f17499,llama31_8b_it,R0_BASE,T0_OFF,1,1
86af98bbad0ba478b1a2cd1a37f17499,llama31_8b_it,R0_BASE,T1_SILENT_CHECK,1,1
86af98bbad0ba478b1a2cd1a37f17499,llama31_8b_it,R1_METADATA_NEUTRAL,T0_OFF,1,1
86af98bbad0ba478b1a2cd1a37f17499,llama31_8b_it,R1_METADATA_NEUTRAL,T1_SILENT_CHECK,1,1
86af98bbad0ba478b1a2cd1a37f17499,llama31_8b_it,R2_NO_INFORMATION,T0_OFF,1,1
86af98bbad0ba478b1a2cd1a37f17499,llama31_8b_it,R2_NO_INFORMATION,T1_SILENT_CHECK,1,1
86af98bbad0ba478b1a2cd1a37f17499,llama31_8b_it,R3_IRRELEVANT_CONTEXT,T0_OFF,1,1
86af98bbad0ba478b1a2cd1a37f17499,llama31_8b_it,R3_IRRELEVANT_CONTEXT,T1_SILENT_CHECK,1,1
9b803ab2517767bfe539bbc9edd7ddc4,deepseek_r1_llama_8b,R0_BASE,T0_OFF,1,0
9b803ab2517767bfe539bbc9edd7ddc4,deepseek_r1_llama_8b,R0_BASE,T1_SILENT_CHECK,1,0
9b803ab2517767bfe539bbc9edd7ddc4,deepseek_r1_llama_8b,R1_METADATA_NEUTRAL,T0_OFF,1,0
9b803ab2517767bfe539bbc9edd7ddc4,deepseek_r1_llama_8b,R1_METADATA_NEUTRAL,T1_SILENT_CHECK,1,0
9b803ab2517767bfe539bbc9edd7ddc4,deepseek_r1_llama_8b,R2_NO_INFORMATION,T0_OFF,1,1
9b803ab2517767bfe539bbc9edd7ddc4,deepseek_r1_llama_8b,R2_NO_INFORMATION,T1_SILENT_CHECK,1,0
9b803ab2517767bfe539bbc9edd7ddc4,deepseek_r1_llama_8b,R3_IRRELEVANT_CONTEXT,T0_OFF,1,0
9b803ab2517767bfe539bbc9edd7ddc4,deepseek_r1_llama_8b,R3_IRRELEVANT_CONTEXT,T1_SILENT_CHECK,0,0
9b803ab2517767bfe539bbc9edd7ddc4,llama31_8b_it,R0_BASE,T0_OFF,1,1
9b803ab2517767bfe539bbc9edd7ddc4,llama31_8b_it,R0_BASE,T1_SILENT_CHECK,0,1
9b803ab2517767bfe539bbc9edd7ddc4,llama31_8b_it,R1_METADATA_NEUTRAL,T0_OFF,0,1
9b803ab2517767bfe539bbc9edd7ddc4,llama31_8b_it,R1_METADATA_NEUTRAL,T1_SILENT_CHECK,0,1
9b803ab2517767bfe539bbc9edd7ddc4,llama31_8b_it,R2_NO_INFORMATION,T0_OFF,0,1
9b803ab2517767bfe539bbc9edd7ddc4,llama31_8b_it,R2_NO_INFORMATION,T1_SILENT_CHECK,1,1
9b803ab2517767bfe539bbc9edd7ddc4,llama31_8b_it,R3_IRRELEVANT_CONTEXT,T0_OFF,1,1
9b803ab2517767bfe539bbc9edd7ddc4,llama31_8b_it,R3_IRRELEVANT_CONTEXT,T1_SILENT_CHECK,1,1
d23f2365a6c93b4dcd64264185ae728d,deepseek_r1_llama_8b,R0_BASE,T0_OFF,1,1
d23f2365a6c93b4dcd64264185ae728d,deepseek_r1_llama_8b,R0_BASE,T1_SILENT_CHECK,1,1
d23f2365a6c93b4dcd64264185ae728d,deepseek_r1_llama_8b,R1_METADATA_NEUTRAL,T0_OFF,1,1
d23f2365a6c93b4dcd64264185ae728d,deepseek_r1_llama_8b,R1_METADATA_NEUTRAL,T1_SILENT_CHECK,1,1
d23f2365a6c93b4dcd64264185ae728d,deepseek_r1_llama_8b,R2_NO_INFORMATION,T0_OFF,1,1
d23f2365a6c93b4dcd64264185ae728d,deepseek_r1_llama_8b,R2_NO_INFORMATION,T1_SILENT_CHECK,0,1
d23f2365a6c93b4dcd64264185ae728d,deepseek_r1_llama_8b,R3_IRRELEVANT_CONTEXT,T0_OFF,1,1
d23f2365a6c93b4dcd64264185ae728d,deepseek_r1_llama_8b,R3_IRRELEVANT_CONTEXT,T1_SILENT_CHECK,1,1
d23f2365a6c93b4dcd64264185ae728d,llama31_8b_it,R0_BASE,T0_OFF,1,1
d23f2365a6c93b4dcd64264185ae728d,llama31_8b_it,R0_BASE,T1_SILENT_CHECK,1,1
d23f2365a6c93b4dcd64264185ae728d,llama31_8b_it,R1_METADATA_NEUTRAL,T0_OFF,1,1
d23f2365a6c93b4dcd64264185ae728d,llama31_8b_it,R1_METADATA_NEUTRAL,T1_SILENT_CHECK,1,1
d23f2365a6c93b4dcd64264185ae728d,llama31_8b_it,R2_NO_INFORMATION,T0_OFF,1,1
d23f2365a6c93b4dcd64264185ae728d,llama31_8b_it,R2_NO_INFORMATION,T1_SILENT_CHECK,1,1
d23f2365a6c93b4dcd64264185ae728d,llama31_8b_it,R3_IRRELEVANT_CONTEXT,T0_OFF,1,1
d23f2365a6c93b4dcd64264185ae728d,llama31_8b_it,R3_IRRELEVANT_CONTEXT,T1_SILENT_CHECK,1,1
ecacc956e880d8ac6f4737296cf96892,deepseek_r1_llama_8b,R0_BASE,T0_OFF,0,0
ecacc956e880d8ac6f4737296cf96892,deepseek_r1_llama_8b,R0_BASE,T1_SILENT_CHECK,0,0
ecacc956e880d8ac6f4737296cf96892,deepseek_r1_llama_8b,R1_METADATA_NEUTRAL,T0_OFF,1,0
ecacc956e880d8ac6f4737296cf96892,deepseek_r1_llama_8b,R1_METADATA_NEUTRAL,T1_SILENT_CHECK,1,0
ecacc956e880d8ac6f4737296cf96892,deepseek_r1_llama_8b,R2_NO_INFORMATION,T0_OFF,0,1
ecacc956e880d8ac6f4737296cf96892,deepseek_r1_llama_8b,R2_NO_INFORMATION,T1_SILENT_CHECK,1,0
ecacc956e880d8ac6f4737296cf96892,deepseek_r1_llama_8b,R3_IRRELEVANT_CONTEXT,T0_OFF,1,1
ecacc956e880d8ac6f4737296cf96892,deepseek_r1_llama_8b,R3_IRRELEVANT_CONTEXT,T1_SILENT_CHECK,1,1
ecacc956e880d8ac6f4737296cf96892,llama31_8b_it,R0_BASE,T0_OFF,1,1
ecacc956e880d8ac6f4737296cf96892,llama31_8b_it,R0_BASE,T1_SILENT_CHECK,1,1
ecacc956e880d8ac6f4737296cf96892,llama31_8b_it,R1_METADATA_NEUTRAL,T0_OFF,1,1
ecacc956e880d8ac6f4737296cf96892,llama31_8b_it,R1_METADATA_NEUTRAL,T1_SILENT_CHECK,1,1
ecacc956e880d8ac6f4737296cf96892,llama31_8b_it,R2_NO_INFORMATION,T0_OFF,1,1
ecacc956e880d8ac6f4737296cf96892,llama31_8b_it,R2_NO_INFORMATION,T1_SILENT_CHECK,1,1
ecacc956e880d8ac6f4737296cf96892,llama31_8b_it,R3_IRRELEVANT_CONTEXT,T0_OFF,1,1
ecacc956e880d8ac6f4737296cf96892,llama31_8b_it,R3_IRRELEVANT_CONTEXT,T1_SILENT_CHECK,1,1
806744edca8c1ad6b4aef59e9ff4fed2,deepseek_r1_llama_8b,R0_BASE,T0_OFF,1,0
806744edca8c1ad6b4aef59e9ff4fed2,deepseek_r1_llama_8b,R0_BASE,T1_SILENT_CHECK,1,1
806744edca8c1ad6b4aef59e9ff4fed2,deepseek_r1_llama_8b,R1_METADATA_NEUTRAL,T0_OFF,1,1
806744edca8c1ad6b4aef59e9ff4fed2,deepseek_r1_llama_8b,R1_METADATA_NEUTRAL,T1_SILENT_CHECK,1,1
806744edca8c1ad6b4aef59e9ff4fed2,deepseek_r1_llama_8b,R2_NO_INFORMATION,T0_OFF,1,0
806744edca8c1ad6b4aef59e9ff4fed2,deepseek_r1_llama_8b,R2_NO_INFORMATION,T1_SILENT_CHECK,1,0
806744edca8c1ad6b4aef59e9ff4fed2,deepseek_r1_llama_8b,R3_IRRELEVANT_CONTEXT,T0_OFF,0,1
806744edca8c1ad6b4aef59e9ff4fed2,deepseek_r1_llama_8b,R3_IRRELEVANT_CONTEXT,T1_SILENT_CHECK,1,1
806744edca8c1ad6b4aef59e9ff4fed2,llama31_8b_it,R0_BASE,T0_OFF,1,1
806744edca8c1ad6b4aef59e9ff4fed2,llama31_8b_it,R0_BASE,T1_SILENT_CHECK,1,1
806744edca8c1ad6b4aef59e9ff4fed2,llama31_8b_it,R1_METADATA_NEUTRAL,T0_OFF,1,1
806744edca8c1ad6b4aef59e9ff4fed2,llama31_8b_it,R1_METADATA_NEUTRAL,T1_SILENT_CHECK,1,1
806744edca8c1ad6b4aef59e9ff4fed2,llama31_8b_it,R2_NO_INFORMATION,T0_OFF,1,1
806744edca8c1ad6b4aef59e9ff4fed2,llama31_8b_it,R2_NO_INFORMATION,T1_SILENT_CHECK,1,1
806744edca8c1ad6b4aef59e9ff4fed2,llama31_8b_it,R3_IRRELEVANT_CONTEXT,T0_OFF,1,1
806744edca8c1ad6b4aef59e9ff4fed2,llama31_8b_it,R3_IRRELEVANT_CONTEXT,T1_SILENT_CHECK,1,1
183548105228aa1470d44ec024be6cd0,deepseek_r1_llama_8b,R0_BASE,T0_OFF,0,0
183548105228aa1470d44ec024be6cd0,deepseek_r1_llama_8b,R0_BASE,T1_SILENT_CHECK,0,0
183548105228aa1470d44ec024be6cd0,deepseek_r1_llama_8b,R1_METADATA_NEUTRAL,T0_OFF,0,0
183548105228aa1470d44ec024be6cd0,deepseek_r1_llama_8b,R1_METADATA_NEUTRAL,T1_SILENT_CHECK,0,0
183548105228aa1470d44ec024be6cd0,deepseek_r1_llama_8b,R2_NO_INFORMATION,T0_OFF,0,1
183548105228aa1470d44ec024be6cd0,deepseek_r1_llama_8b,R2_NO_INFORMATION,T1_SILENT_CHECK,0,0
183548105228aa1470d44ec024be6cd0,deepseek_r1_llama_8b,R3_IRRELEVANT_CONTEXT,T0_OFF,0,0
183548105228aa1470d44ec024be6cd0,deepseek_r1_llama_8b,R3_IRRELEVANT_CONTEXT,T1_SILENT_CHECK,0,0
183548105228aa1470d44ec024be6cd0,llama31_8b_it,R0_BASE,T0_OFF,0,0
183548105228aa1470d44ec024be6cd0,llama31_8b_it,R0_BASE,T1_SILENT_CHECK,0,0
183548105228aa1470d44ec024be6cd0,llama31_8b_it,R1_METADATA_NEUTRAL,T0_OFF,0,0
183548105228aa1470d44ec024be6cd0,llama31_8b_it,R1_METADATA_NEUTRAL,T1_SILENT_CHECK,0,0
183548105228aa1470d44ec024be6cd0,llama31_8b_it,R2_NO_INFORMATION,T0_OFF,0,0
183548105228aa1470d44ec024be6cd0,llama31_8b_it,R2_NO_INFORMATION,T1_SILENT_CHECK,0,0
183548105228aa1470d44ec024be6cd0,llama31_8b_it,R3_IRRELEVANT_CONTEXT,T0_OFF,0,0
183548105228aa1470d44ec024be6cd0,llama31_8b_it,R3_IRRELEVANT_CONTEXT,T1_SILENT_CHECK,0,0
76786fbb50b927699c0ddbc470e77ed2,deepseek_r1_llama_8b,R0_BASE,T0_OFF,1,1
76786fbb50b927699c0ddbc470e77ed2,deepseek_r1_llama_8b,R0_BASE,T1_SILENT_CHECK,1,1
76786fbb50b927699c0ddbc470e77ed2,deepseek_r1_llama_8b,R1_METADATA_NEUTRAL,T0_OFF,1,0
76786fbb50b927699c0ddbc470e77ed2,deepseek_r1_llama_8b,R1_METADATA_NEUTRAL,T1_SILENT_CHECK,1,1
76786fbb50b927699c0ddbc470e77ed2,deepseek_r1_llama_8b,R2_NO_INFORMATION,T0_OFF,1,0
76786fbb50b927699c0ddbc470e77ed2,deepseek_r1_llama_8b,R2_NO_INFORMATION,T1_SILENT_CHECK,1,1
76786fbb50b927699c0ddbc470e77ed2,deepseek_r1_llama_8b,R3_IRRELEVANT_CONTEXT,T0_OFF,1,1
76786fbb50b927699c0ddbc470e77ed2,deepseek_r1_llama_8b,R3_IRRELEVANT_CONTEXT,T1_SILENT_CHECK,1,1
76786fbb50b927699c0ddbc470e77ed2,llama31_8b_it,R0_BASE,T0_OFF,1,1
76786fbb50b927699c0ddbc470e77ed2,llama31_8b_it,R0_BASE,T1_SILENT_CHECK,1,1
76786fbb50b927699c0ddbc470e77ed2,llama31_8b_it,R1_METADATA_NEUTRAL,T0_OFF,1,1
76786fbb50b927699c0ddbc470e77ed2,llama31_8b_it,R1_METADATA_NEUTRAL,T1_SILENT_CHECK,1,1
76786fbb50b927699c0ddbc470e77ed2,llama31_8b_it,R2_NO_INFORMATION,T0_OFF,1,1
76786fbb50b927699c0ddbc470e77ed2,llama31_8b_it,R2_NO_INFORMATION,T1_SILENT_CHECK,1,1
76786fbb50b927699c0ddbc470e77ed2,llama31_8b_it,R3_IRRELEVANT_CONTEXT,T0_OFF,1,1
76786fbb50b927699c0ddbc470e77ed2,llama31_8b_it,R3_IRRELEVANT_CONTEXT,T1_SILENT_CHECK,1,1
bea9eadda20602e7697ab4783d27705d,deepseek_r1_llama_8b,R0_BASE,T0_OFF,1,0
bea9eadda20602e7697ab4783d27705d,deepseek_r1_llama_8b,R0_BASE,T1_SILENT_CHECK,0,0
bea9eadda20602e7697ab4783d27705d,deepseek_r1_llama_8b,R1_METADATA_NEUTRAL,T0_OFF,0,0
bea9eadda20602e7697ab4783d27705d,deepseek_r1_llama_8b,R1_METADATA_NEUTRAL,T1_SILENT_CHECK,0,0
bea9eadda20602e7697ab4783d27705d,deepseek_r1_llama_8b,R2_NO_INFORMATION,T0_OFF,1,0
bea9eadda20602e7697ab4783d27705d,deepseek_r1_llama_8b,R2_NO_INFORMATION,T1_SILENT_CHECK,1,0
bea9eadda20602e7697ab4783d27705d,deepseek_r1_llama_8b,R3_IRRELEVANT_CONTEXT,T0_OFF,1,0
bea9eadda20602e7697ab4783d27705d,deepseek_r1_llama_8b,R3_IRRELEVANT_CONTEXT,T1_SILENT_CHECK,0,0
bea9eadda20602e7697ab4783d27705d,llama31_8b_it,R0_BASE,T0_OFF,1,1
bea9eadda20602e7697ab4783d27705d,llama31_8b_it,R0_BASE,T1_SILENT_CHECK,1,1
bea9eadda20602e7697ab4783d27705d,llama31_8b_it,R1_METADATA_NEUTRAL,T0_OFF,1,1
bea9eadda20602e7697ab4783d27705d,llama31_8b_it,R1_METADATA_NEUTRAL,T1_SILENT_CHECK,1,1
bea9eadda20602e7697ab4783d27705d,llama31_8b_it,R2_NO_INFORMATION,T0_OFF,1,1
bea9eadda20602e7697ab4783d27705d,llama31_8b_it,R2_NO_INFORMATION,T1_SILENT_CHECK,1,1
bea9eadda20602e7697ab4783d27705d,llama31_8b_it,R3_IRRELEVANT_CONTEXT,T0_OFF,1,1
bea9eadda20602e7697ab4783d27705d,llama31_8b_it,R3_IRRELEVANT_CONTEXT,T1_SILENT_CHECK,1,1
812d88685911f85c8545c7258c15564d,deepseek_r1_llama_8b,R0_BASE,T0_OFF,0,1
812d88685911f85c8545c7258c15564d,deepseek_r1_llama_8b,R0_BASE,T1_SILENT_CHECK,0,1
812d88685911f85c8545c7258c15564d,deepseek_r1_llama_8b,R1_METADATA_NEUTRAL,T0_OFF,0,0
812d88685911f85c8545c7258c15564d,deepseek_r1_llama_8b,R1_METADATA_NEUTRAL,T1_SILENT_CHECK,1,1
812d88685911f85c8545c7258c15564d,deepseek_r1_llama_8b,R2_NO_INFORMATION,T0_OFF,0,1
812d88685911f85c8545c7258c15564d,deepseek_r1_llama_8b,R2_NO_INFORMATION,T1_SILENT_CHECK,0,0
812d88685911f85c8545c7258c15564d,deepseek_r1_llama_8b,R3_IRRELEVANT_CONTEXT,T0_OFF,0,0
812d88685911f85c8545c7258c15564d,deepseek_r1_llama_8b,R3_IRRELEVANT_CONTEXT,T1_SILENT_CHECK,0,1
812d88685911f85c8545c7258c15564d,llama31_8b_it,R0_BASE,T0_OFF,1,1
812d88685911f85c8545c7258c15564d,llama31_8b_it,R0_BASE,T1_SILENT_CHECK,1,1
812d88685911f85c8545c7258c15564d,llama31_8b_it,R1_METADATA_NEUTRAL,T0_OFF,1,1
812d88685911f85c8545c7258c15564d,llama31_8b_it,R1_METADATA_NEUTRAL,T1_SILENT_CHECK,1,1
812d88685911f85c8545c7258c15564d,llama31_8b_it,R2_NO_INFORMATION,T0_OFF,1,1
812d88685911f85c8545c7258c15564d,llama31_8b_it,R2_NO_INFORMATION,T1_SILENT_CHECK,1,1
812d88685911f85c8545c7258c15564d,llama31_8b_it,R3_IRRELEVANT_CONTEXT,T0_OFF,1,1
812d88685911f85c8545c7258c15564d,llama31_8b_it,R3_IRRELEVANT_CONTEXT,T1_SILENT_CHECK,1,1
487fcec5087fde0c1d734754a2b82d52,deepseek_r1_llama_8b,R0_BASE,T0_OFF,1,0
487fcec5087fde0c1d734754a2b82d52,deepseek_r1_llama_8b,R0_BASE,T1_SILENT_CHECK,1,1
487fcec5087fde0c1d734754a2b82d52,deepseek_r1_llama_8b,R1_METADATA_NEUTRAL,T0_OFF,1,1
487fcec5087fde0c1d734754a2b82d52,deepseek_r1_llama_8b,R1_METADATA_NEUTRAL,T1_SILENT_CHECK,1,1
487fcec5087fde0c1d734754a2b82d52,deepseek_r1_llama_8b,R2_NO_INFORMATION,T0_OFF,1,0
487fcec5087fde0c1d734754a2b82d52,deepseek_r1_llama_8b,R2_NO_INFORMATION,T1_SILENT_CHECK,0,1
487fcec5087fde0c1d734754a2b82d52,deepseek_r1_llama_8b,R3_IRRELEVANT_CONTEXT,T0_OFF,1,1
487fcec5087fde0c1d734754a2b82d52,deepseek_r1_llama_8b,R3_IRRELEVANT_CONTEXT,T1_SILENT_CHECK,0,1
487fcec5087fde0c1d734754a2b82d52,llama31_8b_it,R0_BASE,T0_OFF,1,1
487fcec5087fde0c1d734754a2b82d52,llama31_8b_it,R0_BASE,T1_SILENT_CHECK,1,1
487fcec5087fde0c1d734754a2b82d52,llama31_8b_it,R1_METADATA_NEUTRAL,T0_OFF,1,1
487fcec5087fde0c1d734754a2b82d52,llama31_8b_it,R1_METADATA_NEUTRAL,T1_SILENT_CHECK,1,1
487fcec5087fde0c1d734754a2b82d52,llama31_8b_it,R2_NO_INFORMATION,T0_OFF,1,1
487fcec5087fde0c1d734754a2b82d52,llama31_8b_it,R2_NO_INFORMATION,T1_SILENT_CHECK,1,1
487fcec5087fde0c1d734754a2b82d52,llama31_8b_it,R3_IRRELEVANT_CONTEXT,T0_OFF,1,1
487fcec5087fde0c1d734754a2b82d52,llama31_8b_it,R3_IRRELEVANT_CONTEXT,T1_SILENT_CHECK,1,1
8e604f6f6dad2f170c2172199b9bdc18,deepseek_r1_llama_8b,R0_BASE,T0_OFF,0,0
8e604f6f6dad2f170c2172199b9bdc18,deepseek_r1_llama_8b,R0_BASE,T1_SILENT_CHECK,0,0
8e604f6f6dad2f170c2172199b9bdc18,deepseek_r1_llama_8b,R1_METADATA_NEUTRAL,T0_OFF,0,0
8e604f6f6dad2f170c2172199b9bdc18,deepseek_r1_llama_8b,R1_METADATA_NEUTRAL,T1_SILENT_CHECK,0,0
8e604f6f6dad2f170c2172199b9bdc18,deepseek_r1_llama_8b,R2_NO_INFORMATION,T0_OFF,0,0
8e604f6f6dad2f170c2172199b9bdc18,deepseek_r1_llama_8b,R2_NO_INFORMATION,T1_SILENT_CHECK,0,0
8e604f6f6dad2f170c2172199b9bdc18,deepseek_r1_llama_8b,R3_IRRELEVANT_CONTEXT,T0_OFF,0,0
8e604f6f6dad2f170c2172199b9bdc18,deepseek_r1_llama_8b,R3_IRRELEVANT_CONTEXT,T1_SILENT_CHECK,0,0
8e604f6f6dad2f170c2172199b9bdc18,llama31_8b_it,R0_BASE,T0_OFF,0,0
8e604f6f6dad2f170c2172199b9bdc18,llama31_8b_it,R0_BASE,T1_SILENT_CHECK,0,0
8e604f6f6dad2f170c2172199b9bdc18,llama31_8b_it,R1_METADATA_NEUTRAL,T0_OFF,0,0
8e604f6f6dad2f170c2172199b9bdc18,llama31_8b_it,R1_METADATA_NEUTRAL,T1_SILENT_CHECK,0,0
8e604f6f6dad2f170c2172199b9bdc18,llama31_8b_it,R2_NO_INFORMATION,T0_OFF,0,0
8e604f6f6dad2f170c2172199b9bdc18,llama31_8b_it,R2_NO_INFORMATION,T1_SILENT_CHECK,0,0
8e604f6f6dad2f170c2172199b9bdc18,llama31_8b_it,R3_IRRELEVANT_CONTEXT,T0_OFF,0,0
8e604f6f6dad2f170c2172199b9bdc18,llama31_8b_it,R3_IRRELEVANT_CONTEXT,T1_SILENT_CHECK,0,0
c6f3118b05d89882e7dc837618295ba9,deepseek_r1_llama_8b,R0_BASE,T0_OFF,1,1
c6f3118b05d89882e7dc837618295ba9,deepseek_r1_llama_8b,R0_BASE,T1_SILENT_CHECK,1,1
c6f3118b05d89882e7dc837618295ba9,deepseek_r1_llama_8b,R1_METADATA_NEUTRAL,T0_OFF,1,1
c6f3118b05d89882e7dc837618295ba9,deepseek_r1_llama_8b,R1_METADATA_NEUTRAL,T1_SILENT_CHECK,1,1
c6f3118b05d89882e7dc837618295ba9,deepseek_r1_llama_8b,R2_NO_INFORMATION,T0_OFF,1,1
c6f3118b05d89882e7dc837618295ba9,deepseek_r1_llama_8b,R2_NO_INFORMATION,T1_SILENT_CHECK,1,1
c6f3118b05d89882e7dc837618295ba9,deepseek_r1_llama_8b,R3_IRRELEVANT_CONTEXT,T0_OFF,1,1
c6f3118b05d89882e7dc837618295ba9,deepseek_r1_llama_8b,R3_IRRELEVANT_CONTEXT,T1_SILENT_CHECK,0,0
c6f3118b05d89882e7dc837618295ba9,llama31_8b_it,R0_BASE,T0_OFF,1,0
c6f3118b05d89882e7dc837618295ba9,llama31_8b_it,R0_BASE,T1_SILENT_CHECK,0,0
c6f3118b05d89882e7dc837618295ba9,llama31_8b_it,R1_METADATA_NEUTRAL,T0_OFF,0,0
c6f3118b05d89882e7dc837618295ba9,llama31_8b_it,R1_METADATA_NEUTRAL,T1_SILENT_CHECK,0,0
c6f3118b05d89882e7dc837618295ba9,llama31_8b_it,R2_NO_INFORMATION,T0_OFF,0,0
c6f3118b05d89882e7dc837618295ba9,llama31_8b_it,R2_NO_INFORMATION,T1_SILENT_CHECK,0,0
c6f3118b05d89882e7dc837618295ba9,llama31_8b_it,R3_IRRELEVANT_CONTEXT,T0_OFF,0,0
c6f3118b05d89882e7dc837618295ba9,llama31_8b_it,R3_IRRELEVANT_CONTEXT,T1_SILENT_CHECK,0,1
65c40e32d6a91eb68a306a49ce7d75d0,deepseek_r1_llama_8b,R0_BASE,T0_OFF,0,0
65c40e32d6a91eb68a306a49ce7d75d0,deepseek_r1_llama_8b,R0_BASE,T1_SILENT_CHECK,0,0
65c40e32d6a91eb68a306a49ce7d75d0,deepseek_r1_llama_8b,R1_METADATA_NEUTRAL,T0_OFF,0,0
65c40e32d6a91eb68a306a49ce7d75d0,deepseek_r1_llama_8b,R1_METADATA_NEUTRAL,T1_SILENT_CHECK,0,0
65c40e32d6a91eb68a306a49ce7d75d0,deepseek_r1_llama_8b,R2_NO_INFORMATION,T0_OFF,0,0
65c40e32d6a91eb68a306a49ce7d75d0,deepseek_r1_llama_8b,R2_NO_INFORMATION,T1_SILENT_CHECK,0,0
65c40e32d6a91eb68a306a49ce7d75d0,deepseek_r1_llama_8b,R3_IRRELEVANT_CONTEXT,T0_OFF,0,0
65c40e32d6a91eb68a306a49ce7d75d0,deepseek_r1_llama_8b,R3_IRRELEVANT_CONTEXT,T1_SILENT_CHECK,0,0
65c40e32d6a91eb68a306a49ce7d75d0,llama31_8b_it,R0_BASE,T0_OFF,0,0
65c40e32d6a91eb68a306a49ce7d75d0,llama31_8b_it,R0_BASE,T1_SILENT_CHECK,0,0
65c40e32d6a91eb68a306a49ce7d75d0,llama31_8b_it,R1_METADATA_NEUTRAL,T0_OFF,0,0
65c40e32d6a91eb68a306a49ce7d75d0,llama31_8b_it,R1_METADATA_NEUTRAL,T1_SILENT_CHECK,0,0
65c40e32d6a91eb68a306a49ce7d75d0,llama31_8b_it,R2_NO_INFORMATION,T0_OFF,0,0
65c40e32d6a91eb68a306a49ce7d75d0,llama31_8b_it,R2_NO_INFORMATION,T1_SILENT_CHECK,0,0
65c40e32d6a91eb68a306a49ce7d75d0,llama31_8b_it,R3_IRRELEVANT_CONTEXT,T0_OFF,1,1
65c40e32d6a91eb68a306a49ce7d75d0,llama31_8b_it,R3_IRRELEVANT_CONTEXT,T1_SILENT_CHECK,0,0
7eae85cd02b7aed1b7a5344209bbd716,deepseek_r1_llama_8b,R0_BASE,T0_OFF,1,1
7eae85cd02b7aed1b7a5344209bbd716,deepseek_r1_llama_8b,R0_BASE,T1_SILENT_CHECK,1,1
7eae85cd02b7aed1b7a5344209bbd716,deepseek_r1_llama_8b,R1_METADATA_NEUTRAL,T0_OFF,0,1
7eae85cd02b7aed1b7a5344209bbd716,deepseek_r1_llama_8b,R1_METADATA_NEUTRAL,T1_SILENT_CHECK,0,1
7eae85cd02b7aed1b7a5344209bbd716,deepseek_r1_llama_8b,R2_NO_INFORMATION,T0_OFF,0,1
7eae85cd02b7aed1b7a5344209bbd716,deepseek_r1_llama_8b,R2_NO_INFORMATION,T1_SILENT_CHECK,0,1
7eae85cd02b7aed1b7a5344209bbd716,deepseek_r1_llama_8b,R3_IRRELEVANT_CONTEXT,T0_OFF,1,1
7eae85cd02b7aed1b7a5344209bbd716,deepseek_r1_llama_8b,R3_IRRELEVANT_CONTEXT,T1_SILENT_CHECK,1,1
7eae85cd02b7aed1b7a5344209bbd716,llama31_8b_it,R0_BASE,T0_OFF,0,0
7eae85cd02b7aed1b7a5344209bbd716,llama31_8b_it,R0_BASE,T1_SILENT_CHECK,0,0
7eae85cd02b7aed1b7a5344209bbd716,llama31_8b_it,R1_METADATA_NEUTRAL,T0_OFF,0,0
7eae85cd02b7aed1b7a5344209bbd716,llama31_8b_it,R1_METADATA_NEUTRAL,T1_SILENT_CHECK,0,0
7eae85cd02b7aed1b7a5344209bbd716,llama31_8b_it,R2_NO_INFORMATION,T0_OFF,0,0
7eae85cd02b7aed1b7a5344209bbd716,llama31_8b_it,R2_NO_INFORMATION,T1_SILENT_CHECK,0,0
7eae85cd02b7aed1b7a5344209bbd716,llama31_8b_it,R3_IRRELEVANT_CONTEXT,T0_OFF,0,0
7eae85cd02b7aed1b7a5344209bbd716,llama31_8b_it,R3_IRRELEVANT_CONTEXT,T1_SILENT_CHECK,0,0
8dbc10bbfadd4ceff2efad31b50eacb5,deepseek_r1_llama_8b,R0_BASE,T0_OFF,0,0
8dbc10bbfadd4ceff2efad31b50eacb5,deepseek_r1_llama_8b,R0_BASE,T1_SILENT_CHECK,1,1
8dbc10bbfadd4ceff2efad31b50eacb5,deepseek_r1_llama_8b,R1_METADATA_NEUTRAL,T0_OFF,1,1
8dbc10bbfadd4ceff2efad31b50eacb5,deepseek_r1_llama_8b,R1_METADATA_NEUTRAL,T1_SILENT_CHECK,1,1
8dbc10bbfadd4ceff2efad31b50eacb5,deepseek_r1_llama_8b,R2_NO_INFORMATION,T0_OFF,0,0
8dbc10bbfadd4ceff2efad31b50eacb5,deepseek_r1_llama_8b,R2_NO_INFORMATION,T1_SILENT_CHECK,1,1
8dbc10bbfadd4ceff2efad31b50eacb5,deepseek_r1_llama_8b,R3_IRRELEVANT_CONTEXT,T0_OFF,0,1
8dbc10bbfadd4ceff2efad31b50eacb5,deepseek_r1_llama_8b,R3_IRRELEVANT_CONTEXT,T1_SILENT_CHECK,1,1
8dbc10bbfadd4ceff2efad31b50eacb5,llama31_8b_it,R0_BASE,T0_OFF,0,0
8dbc10bbfadd4ceff2efad31b50eacb5,llama31_8b_it,R0_BASE,T1_SILENT_CHECK,0,0
8dbc10bbfadd4ceff2efad31b50eacb5,llama31_8b_it,R1_METADATA_NEUTRAL,T0_OFF,0,0
8dbc10bbfadd4ceff2efad31b50eacb5,llama31_8b_it,R1_METADATA_NEUTRAL,T1_SILENT_CHECK,0,0
8dbc10bbfadd4ceff2efad31b50eacb5,llama31_8b_it,R2_NO_INFORMATION,T0_OFF,0,0
8dbc10bbfadd4ceff2efad31b50eacb5,llama31_8b_it,R2_NO_INFORMATION,T1_SILENT_CHECK,0,0
8dbc10bbfadd4ceff2efad31b50eacb5,llama31_8b_it,R3_IRRELEVANT_CONTEXT,T0_OFF,0,0
8dbc10bbfadd4ceff2efad31b50eacb5,llama31_8b_it,R3_IRRELEVANT_CONTEXT,T1_SILENT_CHECK,0,0
f2d4e8b000a672a6837aa788770a437f,deepseek_r1_llama_8b,R0_BASE,T0_OFF,0,0
f2d4e8b000a672a6837aa788770a437f,deepseek_r1_llama_8b,R0_BASE,T1_SILENT_CHECK,1,0
f2d4e8b000a672a6837aa788770a437f,deepseek_r1_llama_8b,R1_METADATA_NEUTRAL,T0_OFF,0,0
f2d4e8b000a672a6837aa788770a437f,deepseek_r1_llama_8b,R1_METADATA_NEUTRAL,T1_SILENT_CHECK,1,0
f2d4e8b000a672a6837aa788770a437f,deepseek_r1_llama_8b,R2_NO_INFORMATION,T0_OFF,0,0
f2d4e8b000a672a6837aa788770a437f,deepseek_r1_llama_8b,R2_NO_INFORMATION,T1_SILENT_CHECK,0,0
f2d4e8b000a672a6837aa788770a437f,deepseek_r1_llama_8b,R3_IRRELEVANT_CONTEXT,T0_OFF,1,0
f2d4e8b000a672a6837aa788770a437f,deepseek_r1_llama_8b,R3_IRRELEVANT_CONTEXT,T1_SILENT_CHECK,0,0
f2d4e8b000a672a6837aa788770a437f,llama31_8b_it,R0_BASE,T0_OFF,1,0
f2d4e8b000a672a6837aa788770a437f,llama31_8b_it,R0_BASE,T1_SILENT_CHECK,0,0
f2d4e8b000a672a6837aa788770a437f,llama31_8b_it,R1_METADATA_NEUTRAL,T0_OFF,1,1
f2d4e8b000a672a6837aa788770a437f,llama31_8b_it,R1_METADATA_NEUTRAL,T1_SILENT_CHECK,1,1
f2d4e8b000a672a6837aa788770a437f,llama31_8b_it,R2_NO_INFORMATION,T0_OFF,1,0
f2d4e8b000a672a6837aa788770a437f,llama31_8b_it,R2_NO_INFORMATION,T1_SILENT_CHECK,1,0
f2d4e8b000a672a6837aa788770a437f,llama31_8b_it,R3_IRRELEVANT_CONTEXT,T0_OFF,1,1
f2d4e8b000a672a6837aa788770a437f,llama31_8b_it,R3_IRRELEVANT_CONTEXT,T1_SILENT_CHECK,1,1
bb51ecfcb77f8ad9334282986afa36b7,deepseek_r1_llama_8b,R0_BASE,T0_OFF,1,1
bb51ecfcb77f8ad9334282986afa36b7,deepseek_r1_llama_8b,R0_BASE,T1_SILENT_CHECK,1,1
bb51ecfcb77f8ad9334282986afa36b7,deepseek_r1_llama_8b,R1_METADATA_NEUTRAL,T0_OFF,1,1
bb51ecfcb77f8ad9334282986afa36b7,deepseek_r1_llama_8b,R1_METADATA_NEUTRAL,T1_SILENT_CHECK,1,1
bb51ecfcb77f8ad9334282986afa36b7,deepseek_r1_llama_8b,R2_NO_INFORMATION,T0_OFF,0,1
bb51ecfcb77f8ad9334282986afa36b7,deepseek_r1_llama_8b,R2_NO_INFORMATION,T1_SILENT_CHECK,1,1
bb51ecfcb77f8ad9334282986afa36b7,deepseek_r1_llama_8b,R3_IRRELEVANT_CONTEXT,T0_OFF,1,1
bb51ecfcb77f8ad9334282986afa36b7,deepseek_r1_llama_8b,R3_IRRELEVANT_CONTEXT,T1_SILENT_CHECK,0,1
bb51ecfcb77f8ad9334282986afa36b7,llama31_8b_it,R0_BASE,T0_OFF,0,1
bb51ecfcb77f8ad9334282986afa36b7,llama31_8b_it,R0_BASE,T1_SILENT_CHECK,1,1
bb51ecfcb77f8ad9334282986afa36b7,llama31_8b_it,R1_METADATA_NEUTRAL,T0_OFF,1,1
bb51ecfcb77f8ad9334282986afa36b7,llama31_8b_it,R1_METADATA_NEUTRAL,T1_SILENT_CHECK,1,1
bb51ecfcb77f8ad9334282986afa36b7,llama31_8b_it,R2_NO_INFORMATION,T0_OFF,0,1
bb51ecfcb77f8ad9334282986afa36b7,llama31_8b_it,R2_NO_INFORMATION,T1_SILENT_CHECK,1,1
bb51ecfcb77f8ad9334282986afa36b7,llama31_8b_it,R3_IRRELEVANT_CONTEXT,T0_OFF,1,1
bb51ecfcb77f8ad9334282986afa36b7,llama31_8b_it,R3_IRRELEVANT_CONTEXT,T1_SILENT_CHECK,1,1
def2cc584b2dbe135826c4b11b3434fa,deepseek_r1_llama_8b,R0_BASE,T0_OFF,1,0
def2cc584b2dbe135826c4b11b3434fa,deepseek_r1_llama_8b,R0_BASE,T1_SILENT_CHECK,0,1
def2cc584b2dbe135826c4b11b3434fa,deepseek_r1_llama_8b,R1_METADATA_NEUTRAL,T0_OFF,0,1
def2cc584b2dbe135826c4b11b3434fa,deepseek_r1_llama_8b,R1_METADATA_NEUTRAL,T1_SILENT_CHECK,1,1
def2cc584b2dbe135826c4b11b3434fa,deepseek_r1_llama_8b,R2_NO_INFORMATION,T0_OFF,0,1
def2cc584b2dbe135826c4b11b3434fa,deepseek_r1_llama_8b,R2_NO_INFORMATION,T1_SILENT_CHECK,0,1
def2cc584b2dbe135826c4b11b3434fa,deepseek_r1_llama_8b,R3_IRRELEVANT_CONTEXT,T0_OFF,1,1
def2cc584b2dbe135826c4b11b3434fa,deepseek_r1_llama_8b,R3_IRRELEVANT_CONTEXT,T1_SILENT_CHECK,1,1
def2cc584b2dbe135826c4b11b3434fa,llama31_8b_it,R0_BASE,T0_OFF,1,0
def2cc584b2dbe135826c4b11b3434fa,llama31_8b_it,R0_BASE,T1_SILENT_CHECK,1,1
def2cc584b2dbe135826c4b11b3434fa,llama31_8b_it,R1_METADATA_NEUTRAL,T0_OFF,1,1
def2cc584b2dbe135826c4b11b3434fa,llama31_8b_it,R1_METADATA_NEUTRAL,T1_SILENT_CHECK,1,1
def2cc584b2dbe135826c4b11b3434fa,llama31_8b_it,R2_NO_INFORMATION,T0_OFF,1,1
def2cc584b2dbe135826c4b11b3434fa,llama31_8b_it,R2_NO_INFORMATION,T1_SILENT_CHECK,1,1
def2cc584b2dbe135826c4b11b3434fa,llama31_8b_it,R3_IRRELEVANT_CONTEXT,T0_OFF,1,0
def2cc584b2dbe135826c4b11b3434fa,llama31_8b_it,R3_IRRELEVANT_CONTEXT,T1_SILENT_CHECK,1,1
369557fa3e9e9ab245e758d0ca9e0786,deepseek_r1_llama_8b,R0_BASE,T0_OFF,0,0
369557fa3e9e9ab245e758d0ca9e0786,deepseek_r1_llama_8b,R0_BASE,T1_SILENT_CHECK,0,0
369557fa3e9e9ab245e758d0ca9e0786,deepseek_r1_llama_8b,R1_METADATA_NEUTRAL,T0_OFF,0,0
369557fa3e9e9ab245e758d0ca9e0786,deepseek_r1_llama_8b,R1_METADATA_NEUTRAL,T1_SILENT_CHECK,0,0
369557fa3e9e9ab245e758d0ca9e0786,deepseek_r1_llama_8b,R2_NO_INFORMATION,T0_OFF,0,0
369557fa3e9e9ab245e758d0ca9e0786,deepseek_r1_llama_8b,R2_NO_INFORMATION,T1_SILENT_CHECK,0,0
369557fa3e9e9ab245e758d0ca9e0786,deepseek_r1_llama_8b,R3_IRRELEVANT_CONTEXT,T0_OFF,0,0
369557fa3e9e9ab245e758d0ca9e0786,deepseek_r1_llama_8b,R3_IRRELEVANT_CONTEXT,T1_SILENT_CHECK,0,0
369557fa3e9e9ab245e758d0ca9e0786,llama31_8b_it,R0_BASE,T0_OFF,0,0
369557fa3e9e9ab245e758d0ca9e0786,llama31_8b_it,R0_BASE,T1_SILENT_CHECK,0,0
369557fa3e9e9ab245e758d0ca9e0786,llama31_8b_it,R1_METADATA_NEUTRAL,T0_OFF,0,0
369557fa3e9e9ab245e758d0ca9e0786,llama31_8b_it,R1_METADATA_NEUTRAL,T1_SILENT_CHECK,0,0
369557fa3e9e9ab245e758d0ca9e0786,llama31_8b_it,R2_NO_INFORMATION,T0_OFF,0,0
369557fa3e9e9ab245e758d0ca9e0786,llama31_8b_it,R2_NO_INFORMATION,T1_SILENT_CHECK,0,0
369557fa3e9e9ab245e758d0ca9e0786,llama31_8b_it,R3_IRRELEVANT_CONTEXT,T0_OFF,0,0
369557fa3e9e9ab245e758d0ca9e0786,llama31_8b_it,R3_IRRELEVANT_CONTEXT,T1_SILENT_CHECK,0,0
93a198fa98471c64346b99af7330bed8,deepseek_r1_llama_8b,R0_BASE,T0_OFF,0,0
93a198fa98471c64346b99af7330bed8,deepseek_r1_llama_8b,R0_BASE,T1_SILENT_CHECK,0,1
93a198fa98471c64346b99af7330bed8,deepseek_r1_llama_8b,R1_METADATA_NEUTRAL,T0_OFF,0,0
93a198fa98471c64346b99af7330bed8,deepseek_r1_llama_8b,R1_METADATA_NEUTRAL,T1_SILENT_CHECK,0,0
93a198fa98471c64346b99af7330bed8,deepseek_r1_llama_8b,R2_NO_INFORMATION,T0_OFF,0,0
93a198fa98471c64346b99af7330bed8,deepseek_r1_llama_8b,R2_NO_INFORMATION,T1_SILENT_CHECK,0,1
93a198fa98471c64346b99af7330bed8,deepseek_r1_llama_8b,R3_IRRELEVANT_CONTEXT,T0_OFF,0,0
93a198fa98471c64346b99af7330bed8,deepseek_r1_llama_8b,R3_IRRELEVANT_CONTEXT,T1_SILENT_CHECK,0,0
93a198fa98471c64346b99af7330bed8,llama31_8b_it,R0_BASE,T0_OFF,1,1
93a198fa98471c64346b99af7330bed8,llama31_8b_it,R0_BASE,T1_SILENT_CHECK,1,1
93a198fa98471c64346b99af7330bed8,llama31_8b_it,R1_METADATA_NEUTRAL,T0_OFF,1,1
93a198fa98471c64346b99af7330bed8,llama31_8b_it,R1_METADATA_NEUTRAL,T1_SILENT_CHECK,1,1
93a198fa98471c64346b99af7330bed8,llama31_8b_it,R2_NO_INFORMATION,T0_OFF,1,1
93a198fa98471c64346b99af7330bed8,llama31_8b_it,R2_NO_INFORMATION,T1_SILENT_CHECK,1,1
93a198fa98471c64346b99af7330bed8,llama31_8b_it,R3_IRRELEVANT_CONTEXT,T0_OFF,1,1
93a198fa98471c64346b99af7330bed8,llama31_8b_it,R3_IRRELEVANT_CONTEXT,T1_SILENT_CHECK,1,1
2fc21216e4982e1746d211375eb9c829,deepseek_r1_llama_8b,R0_BASE,T0_OFF,0,1
2fc21216e4982e1746d211375eb9c829,deepseek_r1_llama_8b,R0_BASE,T1_SILENT_CHECK,1,1
2fc21216e4982e1746d211375eb9c829,deepseek_r1_llama_8b,R1_METADATA_NEUTRAL,T0_OFF,0,1
2fc21216e4982e1746d211375eb9c829,deepseek_r1_llama_8b,R1_METADATA_NEUTRAL,T1_SILENT_CHECK,0,0
2fc21216e4982e1746d211375eb9c829,deepseek_r1_llama_8b,R2_NO_INFORMATION,T0_OFF,1,0
2fc21216e4982e1746d211375eb9c829,deepseek_r1_llama_8b,R2_NO_INFORMATION,T1_SILENT_CHECK,1,0
2fc21216e4982e1746d211375eb9c829,deepseek_r1_llama_8b,R3_IRRELEVANT_CONTEXT,T0_OFF,0,0
2fc21216e4982e1746d211375eb9c829,deepseek_r1_llama_8b,R3_IRRELEVANT_CONTEXT,T1_SILENT_CHECK,1,1
2fc21216e4982e1746d211375eb9c829,llama31_8b_it,R0_BASE,T0_OFF,1,1
2fc21216e4982e1746d211375eb9c829,llama31_8b_it,R0_BASE,T1_SILENT_CHECK,1,1
2fc21216e4982e1746d211375eb9c829,llama31_8b_it,R1_METADATA_NEUTRAL,T0_OFF,0,0
2fc21216e4982e1746d211375eb9c829,llama31_8b_it,R1_METADATA_NEUTRAL,T1_SILENT_CHECK,1,0
2fc21216e4982e1746d211375eb9c829,llama31_8b_it,R2_NO_INFORMATION,T0_OFF,1,1
2fc21216e4982e1746d211375eb9c829,llama31_8b_it,R2_NO_INFORMATION,T1_SILENT_CHECK,1,0
2fc21216e4982e1746d211375eb9c829,llama31_8b_it,R3_IRRELEVANT_CONTEXT,T0_OFF,0,1
2fc21216e4982e1746d211375eb9c829,llama31_8b_it,R3_IRRELEVANT_CONTEXT,T1_SILENT_CHECK,1,1
a37c18c2a3e01a1d48fb5fe5c994fc9b,deepseek_r1_llama_8b,R0_BASE,T0_OFF,0,0
a37c18c2a3e01a1d48fb5fe5c994fc9b,deepseek_r1_llama_8b,R0_BASE,T1_SILENT_CHECK,1,1
a37c18c2a3e01a1d48fb5fe5c994fc9b,deepseek_r1_llama_8b,R1_METADATA_NEUTRAL,T0_OFF,0,1
a37c18c2a3e01a1d48fb5fe5c994fc9b,deepseek_r1_llama_8b,R1_METADATA_NEUTRAL,T1_SILENT_CHECK,1,1
a37c18c2a3e01a1d48fb5fe5c994fc9b,deepseek_r1_llama_8b,R2_NO_INFORMATION,T0_OFF,0,1
a37c18c2a3e01a1d48fb5fe5c994fc9b,deepseek_r1_llama_8b,R2_NO_INFORMATION,T1_SILENT_CHECK,0,1
a37c18c2a3e01a1d48fb5fe5c994fc9b,deepseek_r1_llama_8b,R3_IRRELEVANT_CONTEXT,T0_OFF,0,0
a37c18c2a3e01a1d48fb5fe5c994fc9b,deepseek_r1_llama_8b,R3_IRRELEVANT_CONTEXT,T1_SILENT_CHECK,1,1
a37c18c2a3e01a1d48fb5fe5c994fc9b,llama31_8b_it,R0_BASE,T0_OFF,1,1
a37c18c2a3e01a1d48fb5fe5c994fc9b,llama31_8b_it,R0_BASE,T1_SILENT_CHECK,1,1
a37c18c2a3e01a1d48fb5fe5c994fc9b,llama31_8b_it,R1_METADATA_NEUTRAL,T0_OFF,1,1
a37c18c2a3e01a1d48fb5fe5c994fc9b,llama31_8b_it,R1_METADATA_NEUTRAL,T1_SILENT_CHECK,1,1
a37c18c2a3e01a1d48fb5fe5c994fc9b,llama31_8b_it,R2_NO_INFORMATION,T0_OFF,1,1
a37c18c2a3e01a1d48fb5fe5c994fc9b,llama31_8b_it,R2_NO_INFORMATION,T1_SILENT_CHECK,1,1
a37c18c2a3e01a1d48fb5fe5c994fc9b,llama31_8b_it,R3_IRRELEVANT_CONTEXT,T0_OFF,1,1
a37c18c2a3e01a1d48fb5fe5c994fc9b,llama31_8b_it,R3_IRRELEVANT_CONTEXT,T1_SILENT_CHECK,1,1
f177bbb97ff8c77650dae47c579c8edf,deepseek_r1_llama_8b,R0_BASE,T0_OFF,0,0
f177bbb97ff8c77650dae47c579c8edf,deepseek_r1_llama_8b,R0_BASE,T1_SILENT_CHECK,0,1
f177bbb97ff8c77650dae47c579c8edf,deepseek_r1_llama_8b,R1_METADATA_NEUTRAL,T0_OFF,0,1
f177bbb97ff8c77650dae47c579c8edf,deepseek_r1_llama_8b,R1_METADATA_NEUTRAL,T1_SILENT_CHECK,1,0
f177bbb97ff8c77650dae47c579c8edf,deepseek_r1_llama_8b,R2_NO_INFORMATION,T0_OFF,0,0
f177bbb97ff8c77650dae47c579c8edf,deepseek_r1_llama_8b,R2_NO_INFORMATION,T1_SILENT_CHECK,0,1
f177bbb97ff8c77650dae47c579c8edf,deepseek_r1_llama_8b,R3_IRRELEVANT_CONTEXT,T0_OFF,0,0
f177bbb97ff8c77650dae47c579c8edf,deepseek_r1_llama_8b,R3_IRRELEVANT_CONTEXT,T1_SILENT_CHECK,1,0
f177bbb97ff8c77650dae47c579c8edf,llama31_8b_it,R0_BASE,T0_OFF,1,1
f177bbb97ff8c77650dae47c579c8edf,llama31_8b_it,R0_BASE,T1_SILENT_CHECK,1,1
f177bbb97ff8c77650dae47c579c8edf,llama31_8b_it,R1_METADATA_NEUTRAL,T0_OFF,1,1
f177bbb97ff8c77650dae47c579c8edf,llama31_8b_it,R1_METADATA_NEUTRAL,T1_SILENT_CHECK,1,1
f177bbb97ff8c77650dae47c579c8edf,llama31_8b_it,R2_NO_INFORMATION,T0_OFF,1,1
f177bbb97ff8c77650dae47c579c8edf,llama31_8b_it,R2_NO_INFORMATION,T1_SILENT_CHECK,1,1
f177bbb97ff8c77650dae47c579c8edf,llama31_8b_it,R3_IRRELEVANT_CONTEXT,T0_OFF,1,1
f177bbb97ff8c77650dae47c579c8edf,llama31_8b_it,R3_IRRELEVANT_CONTEXT,T1_SILENT_CHECK,1,1
b5c601571b359b1742349dc29488e790,deepseek_r1_llama_8b,R0_BASE,T0_OFF,1,1
b5c601571b359b1742349dc29488e790,deepseek_r1_llama_8b,R0_BASE,T1_SILENT_CHECK,1,1
b5c601571b359b1742349dc29488e790,deepseek_r1_llama_8b,R1_METADATA_NEUTRAL,T0_OFF,0,1
b5c601571b359b1742349dc29488e790,deepseek_r1_llama_8b,R1_METADATA_NEUTRAL,T1_SILENT_CHECK,1,0
b5c601571b359b1742349dc29488e790,deepseek_r1_llama_8b,R2_NO_INFORMATION,T0_OFF,0,0
b5c601571b359b1742349dc29488e790,deepseek_r1_llama_8b,R2_NO_INFORMATION,T1_SILENT_CHECK,1,1
b5c601571b359b1742349dc29488e790,deepseek_r1_llama_8b,R3_IRRELEVANT_CONTEXT,T0_OFF,0,0
b5c601571b359b1742349dc29488e790,deepseek_r1_llama_8b,R3_IRRELEVANT_CONTEXT,T1_SILENT_CHECK,1,1
b5c601571b359b1742349dc29488e790,llama31_8b_it,R0_BASE,T0_OFF,1,1
b5c601571b359b1742349dc29488e790,llama31_8b_it,R0_BASE,T1_SILENT_CHECK,0,1
b5c601571b359b1742349dc29488e790,llama31_8b_it,R1_METADATA_NEUTRAL,T0_OFF,0,0
b5c601571b359b1742349dc29488e790,llama31_8b_it,R1_METADATA_NEUTRAL,T1_SILENT_CHECK,0,0
b5c601571b359b1742349dc29488e790,llama31_8b_it,R2_NO_INFORMATION,T0_OFF,0,0
b5c601571b359b1742349dc29488e790,llama31_8b_it,R2_NO_INFORMATION,T1_SILENT_CHECK,0,0
b5c601571b359b1742349dc29488e790,llama31_8b_it,R3_IRRELEVANT_CONTEXT,T0_OFF,0,0
b5c601571b359b1742349dc29488e790,llama31_8b_it,R3_IRRELEVANT_CONTEXT,T1_SILENT_CHECK,0,1
2c37f36b591e5b17e2757fb122340a05,deepseek_r1_llama_8b,R0_BASE,T0_OFF,0,1
2c37f36b591e5b17e2757fb122340a05,deepseek_r1_llama_8b,R0_BASE,T1_SILENT_CHECK,0,1
2c37f36b591e5b17e2757fb122340a05,deepseek_r1_llama_8b,R1_METADATA_NEUTRAL,T0_OFF,1,1
2c37f36b591e5b17e2757fb122340a05,deepseek_r1_llama_8b,R1_METADATA_NEUTRAL,T1_SILENT_CHECK,1,0
2c37f36b591e5b17e2757fb122340a05,deepseek_r1_llama_8b,R2_NO_INFORMATION,T0_OFF,0,1
2c37f36b591e5b17e2757fb122340a05,deepseek_r1_llama_8b,R2_NO_INFORMATION,T1_SILENT_CHECK,0,1
2c37f36b591e5b17e2757fb122340a05,deepseek_r1_llama_8b,R3_IRRELEVANT_CONTEXT,T0_OFF,0,1
2c37f36b591e5b17e2757fb122340a05,deepseek_r1_llama_8b,R3_IRRELEVANT_CONTEXT,T1_SILENT_CHECK,1,0
2c37f36b591e5b17e2757fb122340a05,llama31_8b_it,R0_BASE,T0_OFF,1,0
2c37f36b591e5b17e2757fb122340a05,llama31_8b_it,R0_BASE,T1_SILENT_CHECK,0,0
2c37f36b591e5b17e2757fb122340a05,llama31_8b_it,R1_METADATA_NEUTRAL,T0_OFF,0,0
2c37f36b591e5b17e2757fb122340a05,llama31_8b_it,R1_METADATA_NEUTRAL,T1_SILENT_CHECK,0,0
2c37f36b591e5b17e2757fb122340a05,llama31_8b_it,R2_NO_INFORMATION,T0_OFF,0,0
2c37f36b591e5b17e2757fb122340a05,llama31_8b_it,R2_NO_INFORMATION,T1_SILENT_CHECK,0,0
2c37f36b591e5b17e2757fb122340a05,llama31_8b_it,R3_IRRELEVANT_CONTEXT,T0_OFF,0,0
2c37f36b591e5b17e2757fb122340a05,llama31_8b_it,R3_IRRELEVANT_CONTEXT,T1_SILENT_CHECK,0,0
fbb739b761400fb74275f4aaa356768f,deepseek_r1_llama_8b,R0_BASE,T0_OFF,0,0
fbb739b761400fb74275f4aaa356768f,deepseek_r1_llama_8b,R0_BASE,T1_SILENT_CHECK,0,0
fbb739b761400fb74275f4aaa356768f,deepseek_r1_llama_8b,R1_METADATA_NEUTRAL,T0_OFF,0,0
fbb739b761400fb74275f4aaa356768f,deepseek_r1_llama_8b,R1_METADATA_NEUTRAL,T1_SILENT_CHECK,0,1
fbb739b761400fb74275f4aaa356768f,deepseek_r1_llama_8b,R2_NO_INFORMATION,T0_OFF,1,0
fbb739b761400fb74275f4aaa356768f,deepseek_r1_llama_8b,R2_NO_INFORMATION,T1_SILENT_CHECK,0,0
fbb739b761400fb74275f4aaa356768f,deepseek_r1_llama_8b,R3_IRRELEVANT_CONTEXT,T0_OFF,0,0
fbb739b761400fb74275f4aaa356768f,deepseek_r1_llama_8b,R3_IRRELEVANT_CONTEXT,T1_SILENT_CHECK,0,0
fbb739b761400fb74275f4aaa356768f,llama31_8b_it,R0_BASE,T0_OFF,0,0
fbb739b761400fb74275f4aaa356768f,llama31_8b_it,R0_BASE,T1_SILENT_CHECK,0,0
fbb739b761400fb74275f4aaa356768f,llama31_8b_it,R1_METADATA_NEUTRAL,T0_OFF,0,1
fbb739b761400fb74275f4aaa356768f,llama31_8b_it,R1_METADATA_NEUTRAL,T1_SILENT_CHECK,0,0
fbb739b761400fb74275f4aaa356768f,llama31_8b_it,R2_NO_INFORMATION,T0_OFF,1,0
fbb739b761400fb74275f4aaa356768f,llama31_8b_it,R2_NO_INFORMATION,T1_SILENT_CHECK,0,0
fbb739b761400fb74275f4aaa356768f,llama31_8b_it,R3_IRRELEVANT_CONTEXT,T0_OFF,0,1
fbb739b761400fb74275f4aaa356768f,llama31_8b_it,R3_IRRELEVANT_CONTEXT,T1_SILENT_CHECK,0,1
168de88e2624714e5d6642612d8da2f3,deepseek_r1_llama_8b,R0_BASE,T0_OFF,1,0
168de88e2624714e5d6642612d8da2f3,deepseek_r1_llama_8b,R0_BASE,T1_SILENT_CHECK,0,1
168de88e2624714e5d6642612d8da2f3,deepseek_r1_llama_8b,R1_METADATA_NEUTRAL,T0_OFF,1,1
168de88e2624714e5d6642612d8da2f3,deepseek_r1_llama_8b,R1_METADATA_NEUTRAL,T1_SILENT_CHECK,0,1
168de88e2624714e5d6642612d8da2f3,deepseek_r1_llama_8b,R2_NO_INFORMATION,T0_OFF,1,0
168de88e2624714e5d6642612d8da2f3,deepseek_r1_llama_8b,R2_NO_INFORMATION,T1_SILENT_CHECK,0,1
168de88e2624714e5d6642612d8da2f3,deepseek_r1_llama_8b,R3_IRRELEVANT_CONTEXT,T0_OFF,1,1
168de88e2624714e5d6642612d8da2f3,deepseek_r1_llama_8b,R3_IRRELEVANT_CONTEXT,T1_SILENT_CHECK,1,1
168de88e2624714e5d6642612d8da2f3,llama31_8b_it,R0_BASE,T0_OFF,0,1
168de88e2624714e5d6642612d8da2f3,llama31_8b_it,R0_BASE,T1_SILENT_CHECK,0,1
168de88e2624714e5d6642612d8da2f3,llama31_8b_it,R1_METADATA_NEUTRAL,T0_OFF,0,0
168de88e2624714e5d6642612d8da2f3,llama31_8b_it,R1_METADATA_NEUTRAL,T1_SILENT_CHECK,0,1
168de88e2624714e5d6642612d8da2f3,llama31_8b_it,R2_NO_INFORMATION,T0_OFF,1,0
168de88e2624714e5d6642612d8da2f3,llama31_8b_it,R2_NO_INFORMATION,T1_SILENT_CHECK,0,1
168de88e2624714e5d6642612d8da2f3,llama31_8b_it,R3_IRRELEVANT_CONTEXT,T0_OFF,1,0
168de88e2624714e5d6642612d8da2f3,llama31_8b_it,R3_IRRELEVANT_CONTEXT,T1_SILENT_CHECK,0,0
3484fbf7e88ef53b32ed0b0877789dd8,deepseek_r1_llama_8b,R0_BASE,T0_OFF,0,0
3484fbf7e88ef53b32ed0b0877789dd8,deepseek_r1_llama_8b,R0_BASE,T1_SILENT_CHECK,0,0
3484fbf7e88ef53b32ed0b0877789dd8,deepseek_r1_llama_8b,R1_METADATA_NEUTRAL,T0_OFF,0,1
3484fbf7e88ef53b32ed0b0877789dd8,deepseek_r1_llama_8b,R1_METADATA_NEUTRAL,T1_SILENT_CHECK,1,1
3484fbf7e88ef53b32ed0b0877789dd8,deepseek_r1_llama_8b,R2_NO_INFORMATION,T0_OFF,1,0
3484fbf7e88ef53b32ed0b0877789dd8,deepseek_r1_llama_8b,R2_NO_INFORMATION,T1_SILENT_CHECK,0,0
3484fbf7e88ef53b32ed0b0877789dd8,deepseek_r1_llama_8b,R3_IRRELEVANT_CONTEXT,T0_OFF,1,0
3484fbf7e88ef53b32ed0b0877789dd8,deepseek_r1_llama_8b,R3_IRRELEVANT_CONTEXT,T1_SILENT_CHECK,0,0
3484fbf7e88ef53b32ed0b0877789dd8,llama31_8b_it,R0_BASE,T0_OFF,1,1
3484fbf7e88ef53b32ed0b0877789dd8,llama31_8b_it,R0_BASE,T1_SILENT_CHECK,1,1
3484fbf7e88ef53b32ed0b0877789dd8,llama31_8b_it,R1_METADATA_NEUTRAL,T0_OFF,1,1
3484fbf7e88ef53b32ed0b0877789dd8,llama31_8b_it,R1_METADATA_NEUTRAL,T1_SILENT_CHECK,1,1
3484fbf7e88ef53b32ed0b0877789dd8,llama31_8b_it,R2_NO_INFORMATION,T0_OFF,1,1
3484fbf7e88ef53b32ed0b0877789dd8,llama31_8b_it,R2_NO_INFORMATION,T1_SILENT_CHECK,1,1
3484fbf7e88ef53b32ed0b0877789dd8,llama31_8b_it,R3_IRRELEVANT_CONTEXT,T0_OFF,1,1
3484fbf7e88ef53b32ed0b0877789dd8,llama31_8b_it,R3_IRRELEVANT_CONTEXT,T1_SILENT_CHECK,1,1
1cd38006795129b834aa30602a4c7e39,deepseek_r1_llama_8b,R0_BASE,T0_OFF,0,1
1cd38006795129b834aa30602a4c7e39,deepseek_r1_llama_8b,R0_BASE,T1_SILENT_CHECK,0,0
1cd38006795129b834aa30602a4c7e39,deepseek_r1_llama_8b,R1_METADATA_NEUTRAL,T0_OFF,0,0
1cd38006795129b834aa30602a4c7e39,deepseek_r1_llama_8b,R1_METADATA_NEUTRAL,T1_SILENT_CHECK,0,0
1cd38006795129b834aa30602a4c7e39,deepseek_r1_llama_8b,R2_NO_INFORMATION,T0_OFF,0,0
1cd38006795129b834aa30602a4c7e39,deepseek_r1_llama_8b,R2_NO_INFORMATION,T1_SILENT_CHECK,0,0
1cd38006795129b834aa30602a4c7e39,deepseek_r1_llama_8b,R3_IRRELEVANT_CONTEXT,T0_OFF,0,0
1cd38006795129b834aa30602a4c7e39,deepseek_r1_llama_8b,R3_IRRELEVANT_CONTEXT,T1_SILENT_CHECK,0,0
1cd38006795129b834aa30602a4c7e39,llama31_8b_it,R0_BASE,T0_OFF,0,0
1cd38006795129b834aa30602a4c7e39,llama31_8b_it,R0_BASE,T1_SILENT_CHECK,0,0
1cd38006795129b834aa30602a4c7e39,llama31_8b_it,R1_METADATA_NEUTRAL,T0_OFF,0,0
1cd38006795129b834aa30602a4c7e39,llama31_8b_it,R1_METADATA_NEUTRAL,T1_SILENT_CHECK,0,0
1cd38006795129b834aa30602a4c7e39,llama31_8b_it,R2_NO_INFORMATION,T0_OFF,0,0
1cd38006795129b834aa30602a4c7e39,llama31_8b_it,R2_NO_INFORMATION,T1_SILENT_CHECK,0,0
1cd38006795129b834aa30602a4c7e39,llama31_8b_it,R3_IRRELEVANT_CONTEXT,T0_OFF,0,0
1cd38006795129b834aa30602a4c7e39,llama31_8b_it,R3_IRRELEVANT_CONTEXT,T1_SILENT_CHECK,0,0
d34ce0826d5c2bf598d549f4a942c73e,deepseek_r1_llama_8b,R0_BASE,T0_OFF,1,1
d34ce0826d5c2bf598d549f4a942c73e,deepseek_r1_llama_8b,R0_BASE,T1_SILENT_CHECK,0,0
d34ce0826d5c2bf598d549f4a942c73e,deepseek_r1_llama_8b,R1_METADATA_NEUTRAL,T0_OFF,1,1
d34ce0826d5c2bf598d549f4a942c73e,deepseek_r1_llama_8b,R1_METADATA_NEUTRAL,T1_SILENT_CHECK,1,0
d34ce0826d5c2bf598d549f4a942c73e,deepseek_r1_llama_8b,R2_NO_INFORMATION,T0_OFF,0,1
d34ce0826d5c2bf598d549f4a942c73e,deepseek_r1_llama_8b,R2_NO_INFORMATION,T1_SILENT_CHECK,0,1
d34ce0826d5c2bf598d549f4a942c73e,deepseek_r1_llama_8b,R3_IRRELEVANT_CONTEXT,T0_OFF,1,0
d34ce0826d5c2bf598d549f4a942c73e,deepseek_r1_llama_8b,R3_IRRELEVANT_CONTEXT,T1_SILENT_CHECK,1,0
d34ce0826d5c2bf598d549f4a942c73e,llama31_8b_it,R0_BASE,T0_OFF,0,0
d34ce0826d5c2bf598d549f4a942c73e,llama31_8b_it,R0_BASE,T1_SILENT_CHECK,0,0
d34ce0826d5c2bf598d549f4a942c73e,llama31_8b_it,R1_METADATA_NEUTRAL,T0_OFF,1,0
d34ce0826d5c2bf598d549f4a942c73e,llama31_8b_it,R1_METADATA_NEUTRAL,T1_SILENT_CHECK,0,0
d34ce0826d5c2bf598d549f4a942c73e,llama31_8b_it,R2_NO_INFORMATION,T0_OFF,0,0
d34ce0826d5c2bf598d549f4a942c73e,llama31_8b_it,R2_NO_INFORMATION,T1_SILENT_CHECK,0,0
d34ce0826d5c2bf598d549f4a942c73e,llama31_8b_it,R3_IRRELEVANT_CONTEXT,T0_OFF,1,0
d34ce0826d5c2bf598d549f4a942c73e,llama31_8b_it,R3_IRRELEVANT_CONTEXT,T1_SILENT_CHECK,0,1
ebbd32fbbbc908281c3da22eea70ab4e,deepseek_r1_llama_8b,R0_BASE,T0_OFF,1,0
ebbd32fbbbc908281c3da22eea70ab4e,deepseek_r1_llama_8b,R0_BASE,T1_SILENT_CHECK,1,0
ebbd32fbbbc908281c3da22eea70ab4e,deepseek_r1_llama_8b,R1_METADATA_NEUTRAL,T0_OFF,1,0
ebbd32fbbbc908281c3da22eea70ab4e,deepseek_r1_llama_8b,R1_METADATA_NEUTRAL,T1_SILENT_CHECK,0,0
ebbd32fbbbc908281c3da22eea70ab4e,deepseek_r1_llama_8b,R2_NO_INFORMATION,T0_OFF,1,1
ebbd32fbbbc908281c3da22eea70ab4e,deepseek_r1_llama_8b,R2_NO_INFORMATION,T1_SILENT_CHECK,0,1
ebbd32fbbbc908281c3da22eea70ab4e,deepseek_r1_llama_8b,R3_IRRELEVANT_CONTEXT,T0_OFF,1,1
ebbd32fbbbc908281c3da22eea70ab4e,deepseek_r1_llama_8b,R3_IRRELEVANT_CONTEXT,T1_SILENT_CHECK,0,1
ebbd32fbbbc908281c3da22eea70ab4e,llama31_8b_it,R0_BASE,T0_OFF,1,1
ebbd32fbbbc908281c3da22eea70ab4e,llama31_8b_it,R0_BASE,T1_SILENT_CHECK,1,1
ebbd32fbbbc908281c3da22eea70ab4e,llama31_8b_it,R1_METADATA_NEUTRAL,T0_OFF,1,1
ebbd32fbbbc908281c3da22eea70ab4e,llama31_8b_it,R1_METADATA_NEUTRAL,T1_SILENT_CHECK,1,1
ebbd32fbbbc908281c3da22eea70ab4e,llama31_8b_it,R2_NO_INFORMATION,T0_OFF,1,1
ebbd32fbbbc908281c3da22eea70ab4e,llama31_8b_it,R2_NO_INFORMATION,T1_SILENT_CHECK,1,1
ebbd32fbbbc908281c3da22eea70ab4e,llama31_8b_it,R3_IRRELEVANT_CONTEXT,T0_OFF,1,1
ebbd32fbbbc908281c3da22eea70ab4e,llama31_8b_it,R3_IRRELEVANT_CONTEXT,T1_SILENT_CHECK,1,1
db0b140c93e20284d209f7a85f2a0e0d,deepseek_r1_llama_8b,R0_BASE,T0_OFF,1,1
db0b140c93e20284d209f7a85f2a0e0d,deepseek_r1_llama_8b,R0_BASE,T1_SILENT_CHECK,0,1
db0b140c93e20284d209f7a85f2a0e0d,deepseek_r1_llama_8b,R1_METADATA_NEUTRAL,T0_OFF,0,1
db0b140c93e20284d209f7a85f2a0e0d,deepseek_r1_llama_8b,R1_METADATA_NEUTRAL,T1_SILENT_CHECK,1,1
db0b140c93e20284d209f7a85f2a0e0d,deepseek_r1_llama_8b,R2_NO_INFORMATION,T0_OFF,1,1
db0b140c93e20284d209f7a85f2a0e0d,deepseek_r1_llama_8b,R2_NO_INFORMATION,T1_SILENT_CHECK,1,1
db0b140c93e20284d209f7a85f2a0e0d,deepseek_r1_llama_8b,R3_IRRELEVANT_CONTEXT,T0_OFF,0,1
db0b140c93e20284d209f7a85f2a0e0d,deepseek_r1_llama_8b,R3_IRRELEVANT_CONTEXT,T1_SILENT_CHECK,1,1
db0b140c93e20284d209f7a85f2a0e0d,llama31_8b_it,R0_BASE,T0_OFF,0,0
db0b140c93e20284d209f7a85f2a0e0d,llama31_8b_it,R0_BASE,T1_SILENT_CHECK,0,0
db0b140c93e20284d209f7a85f2a0e0d,llama31_8b_it,R1_METADATA_NEUTRAL,T0_OFF,0,0
db0b140c93e20284d209f7a85f2a0e0d,llama31_8b_it,R1_METADATA_NEUTRAL,T1_SILENT_CHECK,0,0
db0b140c93e20284d209f7a85f2a0e0d,llama31_8b_it,R2_NO_INFORMATION,T0_OFF,0,0
db0b140c93e20284d209f7a85f2a0e0d,llama31_8b_it,R2_NO_INFORMATION,T1_SILENT_CHECK,0,0
db0b140c93e20284d209f7a85f2a0e0d,llama31_8b_it,R3_IRRELEVANT_CONTEXT,T0_OFF,0,1
db0b140c93e20284d209f7a85f2a0e0d,llama31_8b_it,R3_IRRELEVANT_CONTEXT,T1_SILENT_CHECK,0,1
adf15b681451beab32d9c0393b39d107,deepseek_r1_llama_8b,R0_BASE,T0_OFF,0,1
adf15b681451beab32d9c0393b39d107,deepseek_r1_llama_8b,R0_BASE,T1_SILENT_CHECK,1,1
adf15b681451beab32d9c0393b39d107,deepseek_r1_llama_8b,R1_METADATA_NEUTRAL,T0_OFF,1,0
adf15b681451beab32d9c0393b39d107,deepseek_r1_llama_8b,R1_METADATA_NEUTRAL,T1_SILENT_CHECK,1,0
adf15b681451beab32d9c0393b39d107,deepseek_r1_llama_8b,R2_NO_INFORMATION,T0_OFF,1,1
adf15b681451beab32d9c0393b39d107,deepseek_r1_llama_8b,R2_NO_INFORMATION,T1_SILENT_CHECK,1,0
adf15b681451beab32d9c0393b39d107,deepseek_r1_llama_8b,R3_IRRELEVANT_CONTEXT,T0_OFF,1,1
adf15b681451beab32d9c0393b39d107,deepseek_r1_llama_8b,R3_IRRELEVANT_CONTEXT,T1_SILENT_CHECK,1,0
adf15b681451beab32d9c0393b39d107,llama31_8b_it,R0_BASE,T0_OFF,1,0
adf15b681451beab32d9c0393b39d107,llama31_8b_it,R0_BASE,T1_SILENT_CHECK,1,1
adf15b681451beab32d9c0393b39d107,llama31_8b_it,R1_METADATA_NEUTRAL,T0_OFF,1,1
adf15b681451beab32d9c0393b39d107,llama31_8b_it,R1_METADATA_NEUTRAL,T1_SILENT_CHECK,1,1
adf15b681451beab32d9c0393b39d107,llama31_8b_it,R2_NO_INFORMATION,T0_OFF,0,1
adf15b681451beab32d9c0393b39d107,llama31_8b_it,R2_NO_INFORMATION,T1_SILENT_CHECK,1,1
adf15b681451beab32d9c0393b39d107,llama31_8b_it,R3_IRRELEVANT_CONTEXT,T0_OFF,1,1
adf15b681451beab32d9c0393b39d107,llama31_8b_it,R3_IRRELEVANT_CONTEXT,T1_SILENT_CHECK,0,1
eec08802b84d5a8dd6c82312956486df,deepseek_r1_llama_8b,R0_BASE,T0_OFF,1,1
eec08802b84d5a8dd6c82312956486df,deepseek_r1_llama_8b,R0_BASE,T1_SILENT_CHECK,1,1
eec08802b84d5a8dd6c82312956486df,deepseek_r1_llama_8b,R1_METADATA_NEUTRAL,T0_OFF,1,1
eec08802b84d5a8dd6c82312956486df,deepseek_r1_llama_8b,R1_METADATA_NEUTRAL,T1_SILENT_CHECK,1,1
eec08802b84d5a8dd6c82312956486df,deepseek_r1_llama_8b,R2_NO_INFORMATION,T0_OFF,1,1
eec08802b84d5a8dd6c82312956486df,deepseek_r1_llama_8b,R2_NO_INFORMATION,T1_SILENT_CHECK,0,1
eec08802b84d5a8dd6c82312956486df,deepseek_r1_llama_8b,R3_IRRELEVANT_CONTEXT,T0_OFF,1,1
eec08802b84d5a8dd6c82312956486df,deepseek_r1_llama_8b,R3_IRRELEVANT_CONTEXT,T1_SILENT_CHECK,1,1
eec08802b84d5a8dd6c82312956486df,llama31_8b_it,R0_BASE,T0_OFF,1,1
eec08802b84d5a8dd6c82312956486df,llama31_8b_it,R0_BASE,T1_SILENT_CHECK,1,1
eec08802b84d5a8dd6c82312956486df,llama31_8b_it,R1_METADATA_NEUTRAL,T0_OFF,1,1
eec08802b84d5a8dd6c82312956486df,llama31_8b_it,R1_METADATA_NEUTRAL,T1_SILENT_CHECK,1,1
eec08802b84d5a8dd6c82312956486df,llama31_8b_it,R2_NO_INFORMATION,T0_OFF,1,1
eec08802b84d5a8dd6c82312956486df,llama31_8b_it,R2_NO_INFORMATION,T1_SILENT_CHECK,1,1
eec08802b84d5a8dd6c82312956486df,llama31_8b_it,R3_IRRELEVANT_CONTEXT,T0_OFF,1,1
eec08802b84d5a8dd6c82312956486df,llama31_8b_it,R3_IRRELEVANT_CONTEXT,T1_SILENT_CHECK,1,1
d0d4b519c2b92bff3112d1bb9dcfe9ea,deepseek_r1_llama_8b,R0_BASE,T0_OFF,0,0
d0d4b519c2b92bff3112d1bb9dcfe9ea,deepseek_r1_llama_8b,R0_BASE,T1_SILENT_CHECK,0,0
d0d4b519c2b92bff3112d1bb9dcfe9ea,deepseek_r1_llama_8b,R1_METADATA_NEUTRAL,T0_OFF,0,0
d0d4b519c2b92bff3112d1bb9dcfe9ea,deepseek_r1_llama_8b,R1_METADATA_NEUTRAL,T1_SILENT_CHECK,0,0
d0d4b519c2b92bff3112d1bb9dcfe9ea,deepseek_r1_llama_8b,R2_NO_INFORMATION,T0_OFF,0,0
d0d4b519c2b92bff3112d1bb9dcfe9ea,deepseek_r1_llama_8b,R2_NO_INFORMATION,T1_SILENT_CHECK,0,0
d0d4b519c2b92bff3112d1bb9dcfe9ea,deepseek_r1_llama_8b,R3_IRRELEVANT_CONTEXT,T0_OFF,0,0
d0d4b519c2b92bff3112d1bb9dcfe9ea,deepseek_r1_llama_8b,R3_IRRELEVANT_CONTEXT,T1_SILENT_CHECK,0,0
d0d4b519c2b92bff3112d1bb9dcfe9ea,llama31_8b_it,R0_BASE,T0_OFF,0,0
d0d4b519c2b92bff3112d1bb9dcfe9ea,llama31_8b_it,R0_BASE,T1_SILENT_CHECK,0,0
d0d4b519c2b92bff3112d1bb9dcfe9ea,llama31_8b_it,R1_METADATA_NEUTRAL,T0_OFF,0,0
d0d4b519c2b92bff3112d1bb9dcfe9ea,llama31_8b_it,R1_METADATA_NEUTRAL,T1_SILENT_CHECK,0,0
d0d4b519c2b92bff3112d1bb9dcfe9ea,llama31_8b_it,R2_NO_INFORMATION,T0_OFF,0,0
d0d4b519c2b92bff3112d1bb9dcfe9ea,llama31_8b_it,R2_NO_INFORMATION,T1_SILENT_CHECK,0,0
d0d4b519c2b92bff3112d1bb9dcfe9ea,llama31_8b_it,R3_IRRELEVANT_CONTEXT,T0_OFF,0,0
d0d4b519c2b92bff3112d1bb9dcfe9ea,llama31_8b_it,R3_IRRELEVANT_CONTEXT,T1_SILENT_CHECK,0,0
a305ca253900392efd058a1a3e874b3e,deepseek_r1_llama_8b,R0_BASE,T0_OFF,1,0
a305ca253900392efd058a1a3e874b3e,deepseek_r1_llama_8b,R0_BASE,T1_SILENT_CHECK,0,1
a305ca253900392efd058a1a3e874b3e,deepseek_r1_llama_8b,R1_METADATA_NEUTRAL,T0_OFF,1,0
a305ca253900392efd058a1a3e874b3e,deepseek_r1_llama_8b,R1_METADATA_NEUTRAL,T1_SILENT_CHECK,0,0
a305ca253900392efd058a1a3e874b3e,deepseek_r1_llama_8b,R2_NO_INFORMATION,T0_OFF,1,0
a305ca253900392efd058a1a3e874b3e,deepseek_r1_llama_8b,R2_NO_INFORMATION,T1_SILENT_CHECK,0,0
a305ca253900392efd058a1a3e874b3e,deepseek_r1_llama_8b,R3_IRRELEVANT_CONTEXT,T0_OFF,1,0
a305ca253900392efd058a1a3e874b3e,deepseek_r1_llama_8b,R3_IRRELEVANT_CONTEXT,T1_SILENT_CHECK,0,1
a305ca253900392efd058a1a3e874b3e,llama31_8b_it,R0_BASE,T0_OFF,1,1
a305ca253900392efd058a1a3e874b3e,llama31_8b_it,R0_BASE,T1_SILENT_CHECK,1,1
a305ca253900392efd058a1a3e874b3e,llama31_8b_it,R1_METADATA_NEUTRAL,T0_OFF,1,1
a305ca253900392efd058a1a3e874b3e,llama31_8b_it,R1_METADATA_NEUTRAL,T1_SILENT_CHECK,1,1
a305ca253900392efd058a1a3e874b3e,llama31_8b_it,R2_NO_INFORMATION,T0_OFF,1,1
a305ca253900392efd058a1a3e874b3e,llama31_8b_it,R2_NO_INFORMATION,T1_SILENT_CHECK,1,1
a305ca253900392efd058a1a3e874b3e,llama31_8b_it,R3_IRRELEVANT_CONTEXT,T0_OFF,1,1
a305ca253900392efd058a1a3e874b3e,llama31_8b_it,R3_IRRELEVANT_CONTEXT,T1_SILENT_CHECK,1,1
6a11af175a2118c2080f7629314d76d4,deepseek_r1_llama_8b,R0_BASE,T0_OFF,0,0
6a11af175a2118c2080f7629314d76d4,deepseek_r1_llama_8b,R0_BASE,T1_SILENT_CHECK,0,0
6a11af175a2118c2080f7629314d76d4,deepseek_r1_llama_8b,R1_METADATA_NEUTRAL,T0_OFF,0,0
6a11af175a2118c2080f7629314d76d4,deepseek_r1_llama_8b,R1_METADATA_NEUTRAL,T1_SILENT_CHECK,0,0
6a11af175a2118c2080f7629314d76d4,deepseek_r1_llama_8b,R2_NO_INFORMATION,T0_OFF,0,0
6a11af175a2118c2080f7629314d76d4,deepseek_r1_llama_8b,R2_NO_INFORMATION,T1_SILENT_CHECK,0,0
6a11af175a2118c2080f7629314d76d4,deepseek_r1_llama_8b,R3_IRRELEVANT_CONTEXT,T0_OFF,0,0
6a11af175a2118c2080f7629314d76d4,deepseek_r1_llama_8b,R3_IRRELEVANT_CONTEXT,T1_SILENT_CHECK,0,0
6a11af175a2118c2080f7629314d76d4,llama31_8b_it,R0_BASE,T0_OFF,0,0
6a11af175a2118c2080f7629314d76d4,llama31_8b_it,R0_BASE,T1_SILENT_CHECK,0,0
6a11af175a2118c2080f7629314d76d4,llama31_8b_it,R1_METADATA_NEUTRAL,T0_OFF,0,0
6a11af175a2118c2080f7629314d76d4,llama31_8b_it,R1_METADATA_NEUTRAL,T1_SILENT_CHECK,0,0
6a11af175a2118c2080f7629314d76d4,llama31_8b_it,R2_NO_INFORMATION,T0_OFF,0,0
6a11af175a2118c2080f7629314d76d4,llama31_8b_it,R2_NO_INFORMATION,T1_SILENT_CHECK,0,0
6a11af175a2118c2080f7629314d76d4,llama31_8b_it,R3_IRRELEVANT_CONTEXT,T0_OFF,0,0
6a11af175a2118c2080f7629314d76d4,llama31_8b_it,R3_IRRELEVANT_CONTEXT,T1_SILENT_CHECK,0,0
962b6449b3fef7be446f70302caec5aa,deepseek_r1_llama_8b,R0_BASE,T0_OFF,0,0
962b6449b3fef7be446f70302caec5aa,deepseek_r1_llama_8b,R0_BASE,T1_SILENT_CHECK,0,0
962b6449b3fef7be446f70302caec5aa,deepseek_r1_llama_8b,R1_METADATA_NEUTRAL,T0_OFF,0,0
962b6449b3fef7be446f70302caec5aa,deepseek_r1_llama_8b,R1_METADATA_NEUTRAL,T1_SILENT_CHECK,0,0
962b6449b3fef7be446f70302caec5aa,deepseek_r1_llama_8b,R2_NO_INFORMATION,T0_OFF,0,0
962b6449b3fef7be446f70302caec5aa,deepseek_r1_llama_8b,R2_NO_INFORMATION,T1_SILENT_CHECK,0,0
962b6449b3fef7be446f70302caec5aa,deepseek_r1_llama_8b,R3_IRRELEVANT_CONTEXT,T0_OFF,0,0
962b6449b3fef7be446f70302caec5aa,deepseek_r1_llama_8b,R3_IRRELEVANT_CONTEXT,T1_SILENT_CHECK,0,0
962b6449b3fef7be446f70302caec5aa,llama31_8b_it,R0_BASE,T0_OFF,0,0
962b6449b3fef7be446f70302caec5aa,llama31_8b_it,R0_BASE,T1_SILENT_CHECK,0,0
962b6449b3fef7be446f70302caec5aa,llama31_8b_it,R1_METADATA_NEUTRAL,T0_OFF,0,0
962b6449b3fef7be446f70302caec5aa,llama31_8b_it,R1_METADATA_NEUTRAL,T1_SILENT_CHECK,0,0
962b6449b3fef7be446f70302caec5aa,llama31_8b_it,R2_NO_INFORMATION,T0_OFF,0,0
962b6449b3fef7be446f70302caec5aa,llama31_8b_it,R2_NO_INFORMATION,T1_SILENT_CHECK,0,0
962b6449b3fef7be446f70302caec5aa,llama31_8b_it,R3_IRRELEVANT_CONTEXT,T0_OFF,0,0
962b6449b3fef7be446f70302caec5aa,llama31_8b_it,R3_IRRELEVANT_CONTEXT,T1_SILENT_CHECK,0,0
cbb02d005563e4abf4c6f684709a8acc,deepseek_r1_llama_8b,R0_BASE,T0_OFF,1,0
cbb02d005563e4abf4c6f684709a8acc,deepseek_r1_llama_8b,R0_BASE,T1_SILENT_CHECK,0,1
cbb02d005563e4abf4c6f684709a8acc,deepseek_r1_llama_8b,R1_METADATA_NEUTRAL,T0_OFF,1,0
cbb02d005563e4abf4c6f684709a8acc,deepseek_r1_llama_8b,R1_METADATA_NEUTRAL,T1_SILENT_CHECK,0,1
cbb02d005563e4abf4c6f684709a8acc,deepseek_r1_llama_8b,R2_NO_INFORMATION,T0_OFF,1,0
cbb02d005563e4abf4c6f684709a8acc,deepseek_r1_llama_8b,R2_NO_INFORMATION,T1_SILENT_CHECK,0,0
cbb02d005563e4abf4c6f684709a8acc,deepseek_r1_llama_8b,R3_IRRELEVANT_CONTEXT,T0_OFF,1,0
cbb02d005563e4abf4c6f684709a8acc,deepseek_r1_llama_8b,R3_IRRELEVANT_CONTEXT,T1_SILENT_CHECK,1,0
cbb02d005563e4abf4c6f684709a8acc,llama31_8b_it,R0_BASE,T0_OFF,0,0
cbb02d005563e4abf4c6f684709a8acc,llama31_8b_it,R0_BASE,T1_SILENT_CHECK,1,1
cbb02d005563e4abf4c6f684709a8acc,llama31_8b_it,R1_METADATA_NEUTRAL,T0_OFF,1,1
cbb02d005563e4abf4c6f684709a8acc,llama31_8b_it,R1_METADATA_NEUTRAL,T1_SILENT_CHECK,1,1
cbb02d005563e4abf4c6f684709a8acc,llama31_8b_it,R2_NO_INFORMATION,T0_OFF,0,0
cbb02d005563e4abf4c6f684709a8acc,llama31_8b_it,R2_NO_INFORMATION,T1_SILENT_CHECK,1,0
cbb02d005563e4abf4c6f684709a8acc,llama31_8b_it,R3_IRRELEVANT_CONTEXT,T0_OFF,1,0
cbb02d005563e4abf4c6f684709a8acc,llama31_8b_it,R3_IRRELEVANT_CONTEXT,T1_SILENT_CHECK,1,1
dd622b4c7e8ec4ae82792fe2ad123372,deepseek_r1_llama_8b,R0_BASE,T0_OFF,1,1
dd622b4c7e8ec4ae82792fe2ad123372,deepseek_r1_llama_8b,R0_BASE,T1_SILENT_CHECK,0,0
dd622b4c7e8ec4ae82792fe2ad123372,deepseek_r1_llama_8b,R1_METADATA_NEUTRAL,T0_OFF,1,1
dd622b4c7e8ec4ae82792fe2ad123372,deepseek_r1_llama_8b,R1_METADATA_NEUTRAL,T1_SILENT_CHECK,1,1
dd622b4c7e8ec4ae82792fe2ad123372,deepseek_r1_llama_8b,R2_NO_INFORMATION,T0_OFF,1,1
dd622b4c7e8ec4ae82792fe2ad123372,deepseek_r1_llama_8b,R2_NO_INFORMATION,T1_SILENT_CHECK,1,1
dd622b4c7e8ec4ae82792fe2ad123372,deepseek_r1_llama_8b,R3_IRRELEVANT_CONTEXT,T0_OFF,1,1
dd622b4c7e8ec4ae82792fe2ad123372,deepseek_r1_llama_8b,R3_IRRELEVANT_CONTEXT,T1_SILENT_CHECK,1,1
dd622b4c7e8ec4ae82792fe2ad123372,llama31_8b_it,R0_BASE,T0_OFF,1,0
dd622b4c7e8ec4ae82792fe2ad123372,llama31_8b_it,R0_BASE,T1_SILENT_CHECK,0,0
dd622b4c7e8ec4ae82792fe2ad123372,llama31_8b_it,R1_METADATA_NEUTRAL,T0_OFF,0,0
dd622b4c7e8ec4ae82792fe2ad123372,llama31_8b_it,R1_METADATA_NEUTRAL,T1_SILENT_CHECK,0,0
dd622b4c7e8ec4ae82792fe2ad123372,llama31_8b_it,R2_NO_INFORMATION,T0_OFF,0,0
dd622b4c7e8ec4ae82792fe2ad123372,llama31_8b_it,R2_NO_INFORMATION,T1_SILENT_CHECK,0,0
dd622b4c7e8ec4ae82792fe2ad123372,llama31_8b_it,R3_IRRELEVANT_CONTEXT,T0_OFF,0,0
dd622b4c7e8ec4ae82792fe2ad123372,llama31_8b_it,R3_IRRELEVANT_CONTEXT,T1_SILENT_CHECK,0,0
0c04b3d1a8bd0520243db616beeaff10,deepseek_r1_llama_8b,R0_BASE,T0_OFF,1,1
0c04b3d1a8bd0520243db616beeaff10,deepseek_r1_llama_8b,R0_BASE,T1_SILENT_CHECK,1,1
0c04b3d1a8bd0520243db616beeaff10,deepseek_r1_llama_8b,R1_METADATA_NEUTRAL,T0_OFF,0,1
0c04b3d1a8bd0520243db616beeaff10,deepseek_r1_llama_8b,R1_METADATA_NEUTRAL,T1_SILENT_CHECK,1,0
0c04b3d1a8bd0520243db616beeaff10,deepseek_r1_llama_8b,R2_NO_INFORMATION,T0_OFF,1,1
0c04b3d1a8bd0520243db616beeaff10,deepseek_r1_llama_8b,R2_NO_INFORMATION,T1_SILENT_CHECK,0,0
0c04b3d1a8bd0520243db616beeaff10,deepseek_r1_llama_8b,R3_IRRELEVANT_CONTEXT,T0_OFF,0,0
0c04b3d1a8bd0520243db616beeaff10,deepseek_r1_llama_8b,R3_IRRELEVANT_CONTEXT,T1_SILENT_CHECK,0,1
0c04b3d1a8bd0520243db616beeaff10,llama31_8b_it,R0_BASE,T0_OFF,0,0
0c04b3d1a8bd0520243db616beeaff10,llama31_8b_it,R0_BASE,T1_SILENT_CHECK,0,0
0c04b3d1a8bd0520243db616beeaff10,llama31_8b_it,R1_METADATA_NEUTRAL,T0_OFF,0,0
0c04b3d1a8bd0520243db616beeaff10,llama31_8b_it,R1_METADATA_NEUTRAL,T1_SILENT_CHECK,1,1
0c04b3d1a8bd0520243db616beeaff10,llama31_8b_it,R2_NO_INFORMATION,T0_OFF,0,0
0c04b3d1a8bd0520243db616beeaff10,llama31_8b_it,R2_NO_INFORMATION,T1_SILENT_CHECK,0,1
0c04b3d1a8bd0520243db616beeaff10,llama31_8b_it,R3_IRRELEVANT_CONTEXT,T0_OFF,0,0
0c04b3d1a8bd0520243db616beeaff10,llama31_8b_it,R3_IRRELEVANT_CONTEXT,T1_SILENT_CHECK,0,0
e73e31291fd310e5fa24fadbadb37596,deepseek_r1_llama_8b,R0_BASE,T0_OFF,0,0
e73e31291fd310e5fa24fadbadb37596,deepseek_r1_llama_8b,R0_BASE,T1_SILENT_CHECK,0,0
e73e31291fd310e5fa24fadbadb37596,deepseek_r1_llama_8b,R1_METADATA_NEUTRAL,T0_OFF,0,0
e73e31291fd310e5fa24fadbadb37596,deepseek_r1_llama_8b,R1_METADATA_NEUTRAL,T1_SILENT_CHECK,0,0
e73e31291fd310e5fa24fadbadb37596,deepseek_r1_llama_8b,R2_NO_INFORMATION,T0_OFF,0,0
e73e31291fd310e5fa24fadbadb37596,deepseek_r1_llama_8b,R2_NO_INFORMATION,T1_SILENT_CHECK,0,0
e73e31291fd310e5fa24fadbadb37596,deepseek_r1_llama_8b,R3_IRRELEVANT_CONTEXT,T0_OFF,0,0
e73e31291fd310e5fa24fadbadb37596,deepseek_r1_llama_8b,R3_IRRELEVANT_CONTEXT,T1_SILENT_CHECK,0,0
e73e31291fd310e5fa24fadbadb37596,llama31_8b_it,R0_BASE,T0_OFF,0,0
e73e31291fd310e5fa24fadbadb37596,llama31_8b_it,R0_BASE,T1_SILENT_CHECK,0,0
e73e31291fd310e5fa24fadbadb37596,llama31_8b_it,R1_METADATA_NEUTRAL,T0_OFF,1,1
e73e31291fd310e5fa24fadbadb37596,llama31_8b_it,R1_METADATA_NEUTRAL,T1_SILENT_CHECK,0,0
e73e31291fd310e5fa24fadbadb37596,llama31_8b_it,R2_NO_INFORMATION,T0_OFF,0,0
e73e31291fd310e5fa24fadbadb37596,llama31_8b_it,R2_NO_INFORMATION,T1_SILENT_CHECK,0,1
e73e31291fd310e5fa24fadbadb37596,llama31_8b_it,R3_IRRELEVANT_CONTEXT,T0_OFF,0,0
e73e31291fd310e5fa24fadbadb37596,llama31_8b_it,R3_IRRELEVANT_CONTEXT,T1_SILENT_CHECK,0,1
615521cdf61875bbf9ce962dcf104513,deepseek_r1_llama_8b,R0_BASE,T0_OFF,0,0
615521cdf61875bbf9ce962dcf104513,deepseek_r1_llama_8b,R0_BASE,T1_SILENT_CHECK,0,0
615521cdf61875bbf9ce962dcf104513,deepseek_r1_llama_8b,R1_METADATA_NEUTRAL,T0_OFF,1,0
615521cdf61875bbf9ce962dcf104513,deepseek_r1_llama_8b,R1_METADATA_NEUTRAL,T1_SILENT_CHECK,0,1
615521cdf61875bbf9ce962dcf104513,deepseek_r1_llama_8b,R2_NO_INFORMATION,T0_OFF,1,1
615521cdf61875bbf9ce962dcf104513,deepseek_r1_llama_8b,R2_NO_INFORMATION,T1_SILENT_CHECK,1,1
615521cdf61875bbf9ce962dcf104513,deepseek_r1_llama_8b,R3_IRRELEVANT_CONTEXT,T0_OFF,1,1
615521cdf61875bbf9ce962dcf104513,deepseek_r1_llama_8b,R3_IRRELEVANT_CONTEXT,T1_SILENT_CHECK,0,0
615521cdf61875bbf9ce962dcf104513,llama31_8b_it,R0_BASE,T0_OFF,0,0
615521cdf61875bbf9ce962dcf104513,llama31_8b_it,R0_BASE,T1_SILENT_CHECK,0,0
615521cdf61875bbf9ce962dcf104513,llama31_8b_it,R1_METADATA_NEUTRAL,T0_OFF,0,0
615521cdf61875bbf9ce962dcf104513,llama31_8b_it,R1_METADATA_NEUTRAL,T1_SILENT_CHECK,1,0
615521cdf61875bbf9ce962dcf104513,llama31_8b_it,R2_NO_INFORMATION,T0_OFF,0,1
615521cdf61875bbf9ce962dcf104513,llama31_8b_it,R2_NO_INFORMATION,T1_SILENT_CHECK,0,1
615521cdf61875bbf9ce962dcf104513,llama31_8b_it,R3_IRRELEVANT_CONTEXT,T0_OFF,0,0
615521cdf61875bbf9ce962dcf104513,llama31_8b_it,R3_IRRELEVANT_CONTEXT,T1_SILENT_CHECK,0,0
fb9cc3c5522e172a66192814e8fade2f,deepseek_r1_llama_8b,R0_BASE,T0_OFF,0,1
fb9cc3c5522e172a66192814e8fade2f,deepseek_r1_llama_8b,R0_BASE,T1_SILENT_CHECK,0,1
fb9cc3c5522e172a66192814e8fade2f,deepseek_r1_llama_8b,R1_METADATA_NEUTRAL,T0_OFF,0,0
fb9cc3c5522e172a66192814e8fade2f,deepseek_r1_llama_8b,R1_METADATA_NEUTRAL,T1_SILENT_CHECK,1,1
fb9cc3c5522e172a66192814e8fade2f,deepseek_r1_llama_8b,R2_NO_INFORMATION,T0_OFF,0,0
fb9cc3c5522e172a66192814e8fade2f,deepseek_r1_llama_8b,R2_NO_INFORMATION,T1_SILENT_CHECK,1,1
fb9cc3c5522e172a66192814e8fade2f,deepseek_r1_llama_8b,R3_IRRELEVANT_CONTEXT,T0_OFF,0,0
fb9cc3c5522e172a66192814e8fade2f,deepseek_r1_llama_8b,R3_IRRELEVANT_CONTEXT,T1_SILENT_CHECK,0,0
fb9cc3c5522e172a66192814e8fade2f,llama31_8b_it,R0_BASE,T0_OFF,0,0
fb9cc3c5522e172a66192814e8fade2f,llama31_8b_it,R0_BASE,T1_SILENT_CHECK,0,1
fb9cc3c5522e172a66192814e8fade2f,llama31_8b_it,R1_METADATA_NEUTRAL,T0_OFF,0,1
fb9cc3c5522e172a66192814e8fade2f,llama31_8b_it,R1_METADATA_NEUTRAL,T1_SILENT_CHECK,0,1
fb9cc3c5522e172a66192814e8fade2f,llama31_8b_it,R2_NO_INFORMATION,T0_OFF,0,1
fb9cc3c5522e172a66192814e8fade2f,llama31_8b_it,R2_NO_INFORMATION,T1_SILENT_CHECK,0,1
fb9cc3c5522e172a66192814e8fade2f,llama31_8b_it,R3_IRRELEVANT_CONTEXT,T0_OFF,1,0
fb9cc3c5522e172a66192814e8fade2f,llama31_8b_it,R3_IRRELEVANT_CONTEXT,T1_SILENT_CHECK,0,0
bac9aca3b34c3f97b4f0c471e99de94a,deepseek_r1_llama_8b,R0_BASE,T0_OFF,0,0
bac9aca3b34c3f97b4f0c471e99de94a,deepseek_r1_llama_8b,R0_BASE,T1_SILENT_CHECK,0,0
bac9aca3b34c3f97b4f0c471e99de94a,deepseek_r1_llama_8b,R1_METADATA_NEUTRAL,T0_OFF,0,0
bac9aca3b34c3f97b4f0c471e99de94a,deepseek_r1_llama_8b,R1_METADATA_NEUTRAL,T1_SILENT_CHECK,0,0
bac9aca3b34c3f97b4f0c471e99de94a,deepseek_r1_llama_8b,R2_NO_INFORMATION,T0_OFF,0,0
bac9aca3b34c3f97b4f0c471e99de94a,deepseek_r1_llama_8b,R2_NO_INFORMATION,T1_SILENT_CHECK,0,0
bac9aca3b34c3f97b4f0c471e99de94a,deepseek_r1_llama_8b,R3_IRRELEVANT_CONTEXT,T0_OFF,0,0
bac9aca3b34c3f97b4f0c471e99de94a,deepseek_r1_llama_8b,R3_IRRELEVANT_CONTEXT,T1_SILENT_CHECK,0,0
bac9aca3b34c3f97b4f0c471e99de94a,llama31_8b_it,R0_BASE,T0_OFF,0,0
bac9aca3b34c3f97b4f0c471e99de94a,llama31_8b_it,R0_BASE,T1_SILENT_CHECK,0,0
bac9aca3b34c3f97b4f0c471e99de94a,llama31_8b_it,R1_METADATA_NEUTRAL,T0_OFF,0,0
bac9aca3b34c3f97b4f0c471e99de94a,llama31_8b_it,R1_METADATA_NEUTRAL,T1_SILENT_CHECK,0,0
bac9aca3b34c3f97b4f0c471e99de94a,llama31_8b_it,R2_NO_INFORMATION,T0_OFF,0,0
bac9aca3b34c3f97b4f0c471e99de94a,llama31_8b_it,R2_NO_INFORMATION,T1_SILENT_CHECK,0,0
bac9aca3b34c3f97b4f0c471e99de94a,llama31_8b_it,R3_IRRELEVANT_CONTEXT,T0_OFF,0,1
bac9aca3b34c3f97b4f0c471e99de94a,llama31_8b_it,R3_IRRELEVANT_CONTEXT,T1_SILENT_CHECK,0,0
0b587bb3b3e00e09354da0af62dfd6c6,deepseek_r1_llama_8b,R0_BASE,T0_OFF,1,1
0b587bb3b3e00e09354da0af62dfd6c6,deepseek_r1_llama_8b,R0_BASE,T1_SILENT_CHECK,1,1
0b587bb3b3e00e09354da0af62dfd6c6,deepseek_r1_llama_8b,R1_METADATA_NEUTRAL,T0_OFF,1,1
0b587bb3b3e00e09354da0af62dfd6c6,deepseek_r1_llama_8b,R1_METADATA_NEUTRAL,T1_SILENT_CHECK,1,1
0b587bb3b3e00e09354da0af62dfd6c6,deepseek_r1_llama_8b,R2_NO_INFORMATION,T0_OFF,1,1
0b587bb3b3e00e09354da0af62dfd6c6,deepseek_r1_llama_8b,R2_NO_INFORMATION,T1_SILENT_CHECK,1,1
0b587bb3b3e00e09354da0af62dfd6c6,deepseek_r1_llama_8b,R3_IRRELEVANT_CONTEXT,T0_OFF,1,1
0b587bb3b3e00e09354da0af62dfd6c6,deepseek_r1_llama_8b,R3_IRRELEVANT_CONTEXT,T1_SILENT_CHECK,1,1
0b587bb3b3e00e09354da0af62dfd6c6,llama31_8b_it,R0_BASE,T0_OFF,1,0
0b587bb3b3e00e09354da0af62dfd6c6,llama31_8b_it,R0_BASE,T1_SILENT_CHECK,0,0
0b587bb3b3e00e09354da0af62dfd6c6,llama31_8b_it,R1_METADATA_NEUTRAL,T0_OFF,0,1
0b587bb3b3e00e09354da0af62dfd6c6,llama31_8b_it,R1_METADATA_NEUTRAL,T1_SILENT_CHECK,0,0
0b587bb3b3e00e09354da0af62dfd6c6,llama31_8b_it,R2_NO_INFORMATION,T0_OFF,1,0
0b587bb3b3e00e09354da0af62dfd6c6,llama31_8b_it,R2_NO_INFORMATION,T1_SILENT_CHECK,0,0
0b587bb3b3e00e09354da0af62dfd6c6,llama31_8b_it,R3_IRRELEVANT_CONTEXT,T0_OFF,0,0
0b587bb3b3e00e09354da0af62dfd6c6,llama31_8b_it,R3_IRRELEVANT_CONTEXT,T1_SILENT_CHECK,0,0
4e57765f22f6e1bee949b31f6a1a6127,deepseek_r1_llama_8b,R0_BASE,T0_OFF,1,1
4e57765f22f6e1bee949b31f6a1a6127,deepseek_r1_llama_8b,R0_BASE,T1_SILENT_CHECK,1,1
4e57765f22f6e1bee949b31f6a1a6127,deepseek_r1_llama_8b,R1_METADATA_NEUTRAL,T0_OFF,1,0
4e57765f22f6e1bee949b31f6a1a6127,deepseek_r1_llama_8b,R1_METADATA_NEUTRAL,T1_SILENT_CHECK,1,1
4e57765f22f6e1bee949b31f6a1a6127,deepseek_r1_llama_8b,R2_NO_INFORMATION,T0_OFF,1,1
4e57765f22f6e1bee949b31f6a1a6127,deepseek_r1_llama_8b,R2_NO_INFORMATION,T1_SILENT_CHECK,1,1
4e57765f22f6e1bee949b31f6a1a6127,deepseek_r1_llama_8b,R3_IRRELEVANT_CONTEXT,T0_OFF,1,0
4e57765f22f6e1bee949b31f6a1a6127,deepseek_r1_llama_8b,R3_IRRELEVANT_CONTEXT,T1_SILENT_CHECK,1,1
4e57765f22f6e1bee949b31f6a1a6127,llama31_8b_it,R0_BASE,T0_OFF,1,1
4e57765f22f6e1bee949b31f6a1a6127,llama31_8b_it,R0_BASE,T1_SILENT_CHECK,1,1
4e57765f22f6e1bee949b31f6a1a6127,llama31_8b_it,R1_METADATA_NEUTRAL,T0_OFF,1,1
4e57765f22f6e1bee949b31f6a1a6127,llama31_8b_it,R1_METADATA_NEUTRAL,T1_SILENT_CHECK,1,1
4e57765f22f6e1bee949b31f6a1a6127,llama31_8b_it,R2_NO_INFORMATION,T0_OFF,1,1
4e57765f22f6e1bee949b31f6a1a6127,llama31_8b_it,R2_NO_INFORMATION,T1_SILENT_CHECK,1,1
4e57765f22f6e1bee949b31f6a1a6127,llama31_8b_it,R3_IRRELEVANT_CONTEXT,T0_OFF,1,1
4e57765f22f6e1bee949b31f6a1a6127,llama31_8b_it,R3_IRRELEVANT_CONTEXT,T1_SILENT_CHECK,1,1
30679f71bfc66b9ecc7876c989d35f01,deepseek_r1_llama_8b,R0_BASE,T0_OFF,1,0
30679f71bfc66b9ecc7876c989d35f01,deepseek_r1_llama_8b,R0_BASE,T1_SILENT_CHECK,0,0
30679f71bfc66b9ecc7876c989d35f01,deepseek_r1_llama_8b,R1_METADATA_NEUTRAL,T0_OFF,0,1
30679f71bfc66b9ecc7876c989d35f01,deepseek_r1_llama_8b,R1_METADATA_NEUTRAL,T1_SILENT_CHECK,0,0
30679f71bfc66b9ecc7876c989d35f01,deepseek_r1_llama_8b,R2_NO_INFORMATION,T0_OFF,0,1
30679f71bfc66b9ecc7876c989d35f01,deepseek_r1_llama_8b,R2_NO_INFORMATION,T1_SILENT_CHECK,0,1
30679f71bfc66b9ecc7876c989d35f01,deepseek_r1_llama_8b,R3_IRRELEVANT_CONTEXT,T0_OFF,0,1
30679f71bfc66b9ecc7876c989d35f01,deepseek_r1_llama_8b,R3_IRRELEVANT_CONTEXT,T1_SILENT_CHECK,0,0
30679f71bfc66b9ecc7876c989d35f01,llama31_8b_it,R0_BASE,T0_OFF,1,1
30679f71bfc66b9ecc7876c989d35f01,llama31_8b_it,R0_BASE,T1_SILENT_CHECK,0,1
30679f71bfc66b9ecc7876c989d35f01,llama31_8b_it,R1_METADATA_NEUTRAL,T0_OFF,1,1
30679f71bfc66b9ecc7876c989d35f01,llama31_8b_it,R1_METADATA_NEUTRAL,T1_SILENT_CHECK,1,1
30679f71bfc66b9ecc7876c989d35f01,llama31_8b_it,R2_NO_INFORMATION,T0_OFF,1,1
30679f71bfc66b9ecc7876c989d35f01,llama31_8b_it,R2_NO_INFORMATION,T1_SILENT_CHECK,1,1
30679f71bfc66b9ecc7876c989d35f01,llama31_8b_it,R3_IRRELEVANT_CONTEXT,T0_OFF,1,1
30679f71bfc66b9ecc7876c989d35f01,llama31_8b_it,R3_IRRELEVANT_CONTEXT,T1_SILENT_CHECK,1,1
b36cf32353cf3ac6a31d1496a49c29a4,deepseek_r1_llama_8b,R0_BASE,T0_OFF,1,1
b36cf32353cf3ac6a31d1496a49c29a4,deepseek_r1_llama_8b,R0_BASE,T1_SILENT_CHECK,1,0
b36cf32353cf3ac6a31d1496a49c29a4,deepseek_r1_llama_8b,R1_METADATA_NEUTRAL,T0_OFF,1,1
b36cf32353cf3ac6a31d1496a49c29a4,deepseek_r1_llama_8b,R1_METADATA_NEUTRAL,T1_SILENT_CHECK,1,1
b36cf32353cf3ac6a31d1496a49c29a4,deepseek_r1_llama_8b,R2_NO_INFORMATION,T0_OFF,1,1
b36cf32353cf3ac6a31d1496a49c29a4,deepseek_r1_llama_8b,R2_NO_INFORMATION,T1_SILENT_CHECK,1,0
b36cf32353cf3ac6a31d1496a49c29a4,deepseek_r1_llama_8b,R3_IRRELEVANT_CONTEXT,T0_OFF,1,0
b36cf32353cf3ac6a31d1496a49c29a4,deepseek_r1_llama_8b,R3_IRRELEVANT_CONTEXT,T1_SILENT_CHECK,1,0
b36cf32353cf3ac6a31d1496a49c29a4,llama31_8b_it,R0_BASE,T0_OFF,0,1
b36cf32353cf3ac6a31d1496a49c29a4,llama31_8b_it,R0_BASE,T1_SILENT_CHECK,0,0
b36cf32353cf3ac6a31d1496a49c29a4,llama31_8b_it,R1_METADATA_NEUTRAL,T0_OFF,0,1
b36cf32353cf3ac6a31d1496a49c29a4,llama31_8b_it,R1_METADATA_NEUTRAL,T1_SILENT_CHECK,0,0
b36cf32353cf3ac6a31d1496a49c29a4,llama31_8b_it,R2_NO_INFORMATION,T0_OFF,0,1
b36cf32353cf3ac6a31d1496a49c29a4,llama31_8b_it,R2_NO_INFORMATION,T1_SILENT_CHECK,0,1
b36cf32353cf3ac6a31d1496a49c29a4,llama31_8b_it,R3_IRRELEVANT_CONTEXT,T0_OFF,1,0
b36cf32353cf3ac6a31d1496a49c29a4,llama31_8b_it,R3_IRRELEVANT_CONTEXT,T1_SILENT_CHECK,0,0
34bc6777b2721322fbda6a40ebd01997,deepseek_r1_llama_8b,R0_BASE,T0_OFF,0,0
34bc6777b2721322fbda6a40ebd01997,deepseek_r1_llama_8b,R0_BASE,T1_SILENT_CHECK,0,0
34bc6777b2721322fbda6a40ebd01997,deepseek_r1_llama_8b,R1_METADATA_NEUTRAL,T0_OFF,0,0
34bc6777b2721322fbda6a40ebd01997,deepseek_r1_llama_8b,R1_METADATA_NEUTRAL,T1_SILENT_CHECK,0,0
34bc6777b2721322fbda6a40ebd01997,deepseek_r1_llama_8b,R2_NO_INFORMATION,T0_OFF,0,0
34bc6777b2721322fbda6a40ebd01997,deepseek_r1_llama_8b,R2_NO_INFORMATION,T1_SILENT_CHECK,0,0
34bc6777b2721322fbda6a40ebd01997,deepseek_r1_llama_8b,R3_IRRELEVANT_CONTEXT,T0_OFF,0,0
34bc6777b2721322fbda6a40ebd01997,deepseek_r1_llama_8b,R3_IRRELEVANT_CONTEXT,T1_SILENT_CHECK,0,0
34bc6777b2721322fbda6a40ebd01997,llama31_8b_it,R0_BASE,T0_OFF,0,0
34bc6777b2721322fbda6a40ebd01997,llama31_8b_it,R0_BASE,T1_SILENT_CHECK,0,0
34bc6777b2721322fbda6a40ebd01997,llama31_8b_it,R1_METADATA_NEUTRAL,T0_OFF,0,0
34bc6777b2721322fbda6a40ebd01997,llama31_8b_it,R1_METADATA_NEUTRAL,T1_SILENT_CHECK,0,0
34bc6777b2721322fbda6a40ebd01997,llama31_8b_it,R2_NO_INFORMATION,T0_OFF,0,0
34bc6777b2721322fbda6a40ebd01997,llama31_8b_it,R2_NO_INFORMATION,T1_SILENT_CHECK,0,0
34bc6777b2721322fbda6a40ebd01997,llama31_8b_it,R3_IRRELEVANT_CONTEXT,T0_OFF,0,0
34bc6777b2721322fbda6a40ebd01997,llama31_8b_it,R3_IRRELEVANT_CONTEXT,T1_SILENT_CHECK,0,0
3919f730394962070a08d51d82a93f1a,deepseek_r1_llama_8b,R0_BASE,T0_OFF,0,0
3919f730394962070a08d51d82a93f1a,deepseek_r1_llama_8b,R0_BASE,T1_SILENT_CHECK,0,0
3919f730394962070a08d51d82a93f1a,deepseek_r1_llama_8b,R1_METADATA_NEUTRAL,T0_OFF,0,0
3919f730394962070a08d51d82a93f1a,deepseek_r1_llama_8b,R1_METADATA_NEUTRAL,T1_SILENT_CHECK,0,0
3919f730394962070a08d51d82a93f1a,deepseek_r1_llama_8b,R2_NO_INFORMATION,T0_OFF,0,0
3919f730394962070a08d51d82a93f1a,deepseek_r1_llama_8b,R2_NO_INFORMATION,T1_SILENT_CHECK,0,0
3919f730394962070a08d51d82a93f1a,deepseek_r1_llama_8b,R3_IRRELEVANT_CONTEXT,T0_OFF,0,0
3919f730394962070a08d51d82a93f1a,deepseek_r1_llama_8b,R3_IRRELEVANT_CONTEXT,T1_SILENT_CHECK,0,0
3919f730394962070a08d51d82a93f1a,llama31_8b_it,R0_BASE,T0_OFF,0,0
3919f730394962070a08d51d82a93f1a,llama31_8b_it,R0_BASE,T1_SILENT_CHECK,0,0
3919f730394962070a08d51d82a93f1a,llama31_8b_it,R1_METADATA_NEUTRAL,T0_OFF,0,0
3919f730394962070a08d51d82a93f1a,llama31_8b_it,R1_METADATA_NEUTRAL,T1_SILENT_CHECK,0,0
3919f730394962070a08d51d82a93f1a,llama31_8b_it,R2_NO_INFORMATION,T0_OFF,0,0
3919f730394962070a08d51d82a93f1a,llama31_8b_it,R2_NO_INFORMATION,T1_SILENT_CHECK,0,0
3919f730394962070a08d51d82a93f1a,llama31_8b_it,R3_IRRELEVANT_CONTEXT,T0_OFF,0,0
3919f730394962070a08d51d82a93f1a,llama31_8b_it,R3_IRRELEVANT_CONTEXT,T1_SILENT_CHECK,0,0
16e648af358ceae210506523e05fd653,deepseek_r1_llama_8b,R0_BASE,T0_OFF,0,0
16e648af358ceae210506523e05fd653,deepseek_r1_llama_8b,R0_BASE,T1_SILENT_CHECK,1,0
16e648af358ceae210506523e05fd653,deepseek_r1_llama_8b,R1_METADATA_NEUTRAL,T0_OFF,0,0
16e648af358ceae210506523e05fd653,deepseek_r1_llama_8b,R1_METADATA_NEUTRAL,T1_SILENT_CHECK,0,0
16e648af358ceae210506523e05fd653,deepseek_r1_llama_8b,R2_NO_INFORMATION,T0_OFF,0,0
16e648af358ceae210506523e05fd653,deepseek_r1_llama_8b,R2_NO_INFORMATION,T1_SILENT_CHECK,1,0
16e648af358ceae210506523e05fd653,deepseek_r1_llama_8b,R3_IRRELEVANT_CONTEXT,T0_OFF,0,0
16e648af358ceae210506523e05fd653,deepseek_r1_llama_8b,R3_IRRELEVANT_CONTEXT,T1_SILENT_CHECK,0,0
16e648af358ceae210506523e05fd653,llama31_8b_it,R0_BASE,T0_OFF,0,0
16e648af358ceae210506523e05fd653,llama31_8b_it,R0_BASE,T1_SILENT_CHECK,0,0
16e648af358ceae210506523e05fd653,llama31_8b_it,R1_METADATA_NEUTRAL,T0_OFF,0,1
16e648af358ceae210506523e05fd653,llama31_8b_it,R1_METADATA_NEUTRAL,T1_SILENT_CHECK,0,0
16e648af358ceae210506523e05fd653,llama31_8b_it,R2_NO_INFORMATION,T0_OFF,0,0
16e648af358ceae210506523e05fd653,llama31_8b_it,R2_NO_INFORMATION,T1_SILENT_CHECK,0,1
16e648af358ceae210506523e05fd653,llama31_8b_it,R3_IRRELEVANT_CONTEXT,T0_OFF,0,0
16e648af358ceae210506523e05fd653,llama31_8b_it,R3_IRRELEVANT_CONTEXT,T1_SILENT_CHECK,0,0
99b784aad41ec0e59dcc79f98e506f47,deepseek_r1_llama_8b,R0_BASE,T0_OFF,1,0
99b784aad41ec0e59dcc79f98e506f47,deepseek_r1_llama_8b,R0_BASE,T1_SILENT_CHECK,0,0
99b784aad41ec0e59dcc79f98e506f47,deepseek_r1_llama_8b,R1_METADATA_NEUTRAL,T0_OFF,0,0
99b784aad41ec0e59dcc79f98e506f47,deepseek_r1_llama_8b,R1_METADATA_NEUTRAL,T1_SILENT_CHECK,0,0
99b784aad41ec0e59dcc79f98e506f47,deepseek_r1_llama_8b,R2_NO_INFORMATION,T0_OFF,1,0
99b784aad41ec0e59dcc79f98e506f47,deepseek_r1_llama_8b,R2_NO_INFORMATION,T1_SILENT_CHECK,1,1
99b784aad41ec0e59dcc79f98e506f47,deepseek_r1_llama_8b,R3_IRRELEVANT_CONTEXT,T0_OFF,1,0
99b784aad41ec0e59dcc79f98e506f47,deepseek_r1_llama_8b,R3_IRRELEVANT_CONTEXT,T1_SILENT_CHECK,0,0
99b784aad41ec0e59dcc79f98e506f47,llama31_8b_it,R0_BASE,T0_OFF,1,1
99b784aad41ec0e59dcc79f98e506f47,llama31_8b_it,R0_BASE,T1_SILENT_CHECK,1,1
99b784aad41ec0e59dcc79f98e506f47,llama31_8b_it,R1_METADATA_NEUTRAL,T0_OFF,1,1
99b784aad41ec0e59dcc79f98e506f47,llama31_8b_it,R1_METADATA_NEUTRAL,T1_SILENT_CHECK,1,1
99b784aad41ec0e59dcc79f98e506f47,llama31_8b_it,R2_NO_INFORMATION,T0_OFF,1,1
99b784aad41ec0e59dcc79f98e506f47,llama31_8b_it,R2_NO_INFORMATION,T1_SILENT_CHECK,1,1
99b784aad41ec0e59dcc79f98e506f47,llama31_8b_it,R3_IRRELEVANT_CONTEXT,T0_OFF,1,1
99b784aad41ec0e59dcc79f98e506f47,llama31_8b_it,R3_IRRELEVANT_CONTEXT,T1_SILENT_CHECK,1,1
ad26805b95ad28197eea8eef67ebb7fa,deepseek_r1_llama_8b,R0_BASE,T0_OFF,0,0
ad26805b95ad28197eea8eef67ebb7fa,deepseek_r1_llama_8b,R0_BASE,T1_SILENT_CHECK,0,0
ad26805b95ad28197eea8eef67ebb7fa,deepseek_r1_llama_8b,R1_METADATA_NEUTRAL,T0_OFF,0,0
ad26805b95ad28197eea8eef67ebb7fa,deepseek_r1_llama_8b,R1_METADATA_NEUTRAL,T1_SILENT_CHECK,0,0
ad26805b95ad28197eea8eef67ebb7fa,deepseek_r1_llama_8b,R2_NO_INFORMATION,T0_OFF,0,0
ad26805b95ad28197eea8eef67ebb7fa,deepseek_r1_llama_8b,R2_NO_INFORMATION,T1_SILENT_CHECK,0,0
ad26805b95ad28197eea8eef67ebb7fa,deepseek_r1_llama_8b,R3_IRRELEVANT_CONTEXT,T0_OFF,0,0
ad26805b95ad28197eea8eef67ebb7fa,deepseek_r1_llama_8b,R3_IRRELEVANT_CONTEXT,T1_SILENT_CHECK,0,0
ad26805b95ad28197eea8eef67ebb7fa,llama31_8b_it,R0_BASE,T0_OFF,0,0
ad26805b95ad28197eea8eef67ebb7fa,llama31_8b_it,R0_BASE,T1_SILENT_CHECK,0,0
ad26805b95ad28197eea8eef67ebb7fa,llama31_8b_it,R1_METADATA_NEUTRAL,T0_OFF,0,0
ad26805b95ad28197eea8eef67ebb7fa,llama31_8b_it,R1_METADATA_NEUTRAL,T1_SILENT_CHECK,0,0
ad26805b95ad28197eea8eef67ebb7fa,llama31_8b_it,R2_NO_INFORMATION,T0_OFF,0,0
ad26805b95ad28197eea8eef67ebb7fa,llama31_8b_it,R2_NO_INFORMATION,T1_SILENT_CHECK,0,0
ad26805b95ad28197eea8eef67ebb7fa,llama31_8b_it,R3_IRRELEVANT_CONTEXT,T0_OFF,0,0
ad26805b95ad28197eea8eef67ebb7fa,llama31_8b_it,R3_IRRELEVANT_CONTEXT,T1_SILENT_CHECK,0,0
35cf2d521e19106f6a686e9180ef7e85,deepseek_r1_llama_8b,R0_BASE,T0_OFF,1,0
35cf2d521e19106f6a686e9180ef7e85,deepseek_r1_llama_8b,R0_BASE,T1_SILENT_CHECK,1,1
35cf2d521e19106f6a686e9180ef7e85,deepseek_r1_llama_8b,R1_METADATA_NEUTRAL,T0_OFF,0,1
35cf2d521e19106f6a686e9180ef7e85,deepseek_r1_llama_8b,R1_METADATA_NEUTRAL,T1_SILENT_CHECK,1,0
35cf2d521e19106f6a686e9180ef7e85,deepseek_r1_llama_8b,R2_NO_INFORMATION,T0_OFF,1,1
35cf2d521e19106f6a686e9180ef7e85,deepseek_r1_llama_8b,R2_NO_INFORMATION,T1_SILENT_CHECK,1,0
35cf2d521e19106f6a686e9180ef7e85,deepseek_r1_llama_8b,R3_IRRELEVANT_CONTEXT,T0_OFF,1,1
35cf2d521e19106f6a686e9180ef7e85,deepseek_r1_llama_8b,R3_IRRELEVANT_CONTEXT,T1_SILENT_CHECK,1,1
35cf2d521e19106f6a686e9180ef7e85,llama31_8b_it,R0_BASE,T0_OFF,0,0
35cf2d521e19106f6a686e9180ef7e85,llama31_8b_it,R0_BASE,T1_SILENT_CHECK,0,0
35cf2d521e19106f6a686e9180ef7e85,llama31_8b_it,R1_METADATA_NEUTRAL,T0_OFF,0,0
35cf2d521e19106f6a686e9180ef7e85,llama31_8b_it,R1_METADATA_NEUTRAL,T1_SILENT_CHECK,0,0
35cf2d521e19106f6a686e9180ef7e85,llama31_8b_it,R2_NO_INFORMATION,T0_OFF,0,0
35cf2d521e19106f6a686e9180ef7e85,llama31_8b_it,R2_NO_INFORMATION,T1_SILENT_CHECK,0,0
35cf2d521e19106f6a686e9180ef7e85,llama31_8b_it,R3_IRRELEVANT_CONTEXT,T0_OFF,0,0
35cf2d521e19106f6a686e9180ef7e85,llama31_8b_it,R3_IRRELEVANT_CONTEXT,T1_SILENT_CHECK,0,0
b67ee49a0fae45cd65aabd9cfae5a05e,deepseek_r1_llama_8b,R0_BASE,T0_OFF,1,1
b67ee49a0fae45cd65aabd9cfae5a05e,deepseek_r1_llama_8b,R0_BASE,T1_SILENT_CHECK,0,0
b67ee49a0fae45cd65aabd9cfae5a05e,deepseek_r1_llama_8b,R1_METADATA_NEUTRAL,T0_OFF,1,0
b67ee49a0fae45cd65aabd9cfae5a05e,deepseek_r1_llama_8b,R1_METADATA_NEUTRAL,T1_SILENT_CHECK,1,1
b67ee49a0fae45cd65aabd9cfae5a05e,deepseek_r1_llama_8b,R2_NO_INFORMATION,T0_OFF,1,1
b67ee49a0fae45cd65aabd9cfae5a05e,deepseek_r1_llama_8b,R2_NO_INFORMATION,T1_SILENT_CHECK,1,0
b67ee49a0fae45cd65aabd9cfae5a05e,deepseek_r1_llama_8b,R3_IRRELEVANT_CONTEXT,T0_OFF,1,0
b67ee49a0fae45cd65aabd9cfae5a05e,deepseek_r1_llama_8b,R3_IRRELEVANT_CONTEXT,T1_SILENT_CHECK,0,1
b67ee49a0fae45cd65aabd9cfae5a05e,llama31_8b_it,R0_BASE,T0_OFF,0,0
b67ee49a0fae45cd65aabd9cfae5a05e,llama31_8b_it,R0_BASE,T1_SILENT_CHECK,1,0
b67ee49a0fae45cd65aabd9cfae5a05e,llama31_8b_it,R1_METADATA_NEUTRAL,T0_OFF,0,0
b67ee49a0fae45cd65aabd9cfae5a05e,llama31_8b_it,R1_METADATA_NEUTRAL,T1_SILENT_CHECK,0,0
b67ee49a0fae45cd65aabd9cfae5a05e,llama31_8b_it,R2_NO_INFORMATION,T0_OFF,0,0
b67ee49a0fae45cd65aabd9cfae5a05e,llama31_8b_it,R2_NO_INFORMATION,T1_SILENT_CHECK,1,0
b67ee49a0fae45cd65aabd9cfae5a05e,llama31_8b_it,R3_IRRELEVANT_CONTEXT,T0_OFF,0,0
b67ee49a0fae45cd65aabd9cfae5a05e,llama31_8b_it,R3_IRRELEVANT_CONTEXT,T1_SILENT_CHECK,1,1
434871c1116404089657a8afd9ca2992,deepseek_r1_llama_8b,R0_BASE,T0_OFF,1,0
434871c1116404089657a8afd9ca2992,deepseek_r1_llama_8b,R0_BASE,T1_SILENT_CHECK,1,1
434871c1116404089657a8afd9ca2992,deepseek_r1_llama_8b,R1_METADATA_NEUTRAL,T0_OFF,1,0
434871c1116404089657a8afd9ca2992,deepseek_r1_llama_8b,R1_METADATA_NEUTRAL,T1_SILENT_CHECK,0,0
434871c1116404089657a8afd9ca2992,deepseek_r1_llama_8b,R2_NO_INFORMATION,T0_OFF,1,0
434871c1116404089657a8afd9ca2992,deepseek_r1_llama_8b,R2_NO_INFORMATION,T1_SILENT_CHECK,0,0
434871c1116404089657a8afd9ca2992,deepseek_r1_llama_8b,R3_IRRELEVANT_CONTEXT,T0_OFF,1,0
434871c1116404089657a8afd9ca2992,deepseek_r1_llama_8b,R3_IRRELEVANT_CONTEXT,T1_SILENT_CHECK,1,1
434871c1116404089657a8afd9ca2992,llama31_8b_it,R0_BASE,T0_OFF,1,1
434871c1116404089657a8afd9ca2992,llama31_8b_it,R0_BASE,T1_SILENT_CHECK,1,1
434871c1116404089657a8afd9ca2992,llama31_8b_it,R1_METADATA_NEUTRAL,T0_OFF,1,1
434871c1116404089657a8afd9ca2992,llama31_8b_it,R1_METADATA_NEUTRAL,T1_SILENT_CHECK,1,1
434871c1116404089657a8afd9ca2992,llama31_8b_it,R2_NO_INFORMATION,T0_OFF,1,1
434871c1116404089657a8afd9ca2992,llama31_8b_it,R2_NO_INFORMATION,T1_SILENT_CHECK,1,1
434871c1116404089657a8afd9ca2992,llama31_8b_it,R3_IRRELEVANT_CONTEXT,T0_OFF,1,1
434871c1116404089657a8afd9ca2992,llama31_8b_it,R3_IRRELEVANT_CONTEXT,T1_SILENT_CHECK,1,1
e1f2509ba2e9a810e0ea557debc00fd4,deepseek_r1_llama_8b,R0_BASE,T0_OFF,0,0
e1f2509ba2e9a810e0ea557debc00fd4,deepseek_r1_llama_8b,R0_BASE,T1_SILENT_CHECK,0,0
e1f2509ba2e9a810e0ea557debc00fd4,deepseek_r1_llama_8b,R1_METADATA_NEUTRAL,T0_OFF,0,0
e1f2509ba2e9a810e0ea557debc00fd4,deepseek_r1_llama_8b,R1_METADATA_NEUTRAL,T1_SILENT_CHECK,1,0
e1f2509ba2e9a810e0ea557debc00fd4,deepseek_r1_llama_8b,R2_NO_INFORMATION,T0_OFF,0,0
e1f2509ba2e9a810e0ea557debc00fd4,deepseek_r1_llama_8b,R2_NO_INFORMATION,T1_SILENT_CHECK,0,0
e1f2509ba2e9a810e0ea557debc00fd4,deepseek_r1_llama_8b,R3_IRRELEVANT_CONTEXT,T0_OFF,0,0
e1f2509ba2e9a810e0ea557debc00fd4,deepseek_r1_llama_8b,R3_IRRELEVANT_CONTEXT,T1_SILENT_CHECK,1,0
e1f2509ba2e9a810e0ea557debc00fd4,llama31_8b_it,R0_BASE,T0_OFF,1,0
e1f2509ba2e9a810e0ea557debc00fd4,llama31_8b_it,R0_BASE,T1_SILENT_CHECK,0,1
e1f2509ba2e9a810e0ea557debc00fd4,llama31_8b_it,R1_METADATA_NEUTRAL,T0_OFF,0,1
e1f2509ba2e9a810e0ea557debc00fd4,llama31_8b_it,R1_METADATA_NEUTRAL,T1_SILENT_CHECK,0,0
e1f2509ba2e9a810e0ea557debc00fd4,llama31_8b_it,R2_NO_INFORMATION,T0_OFF,1,1
e1f2509ba2e9a810e0ea557debc00fd4,llama31_8b_it,R2_NO_INFORMATION,T1_SILENT_CHECK,0,0
e1f2509ba2e9a810e0ea557debc00fd4,llama31_8b_it,R3_IRRELEVANT_CONTEXT,T0_OFF,0,0
e1f2509ba2e9a810e0ea557debc00fd4,llama31_8b_it,R3_IRRELEVANT_CONTEXT,T1_SILENT_CHECK,1,1
8ec99179cf43074314a423f226b775fe,deepseek_r1_llama_8b,R0_BASE,T0_OFF,1,0
8ec99179cf43074314a423f226b775fe,deepseek_r1_llama_8b,R0_BASE,T1_SILENT_CHECK,1,1
8ec99179cf43074314a423f226b775fe,deepseek_r1_llama_8b,R1_METADATA_NEUTRAL,T0_OFF,1,0
8ec99179cf43074314a423f226b775fe,deepseek_r1_llama_8b,R1_METADATA_NEUTRAL,T1_SILENT_CHECK,1,1
8ec99179cf43074314a423f226b775fe,deepseek_r1_llama_8b,R2_NO_INFORMATION,T0_OFF,1,0
8ec99179cf43074314a423f226b775fe,deepseek_r1_llama_8b,R2_NO_INFORMATION,T1_SILENT_CHECK,1,1
8ec99179cf43074314a423f226b775fe,deepseek_r1_llama_8b,R3_IRRELEVANT_CONTEXT,T0_OFF,1,1
8ec99179cf43074314a423f226b775fe,deepseek_r1_llama_8b,R3_IRRELEVANT_CONTEXT,T1_SILENT_CHECK,1,1
8ec99179cf43074314a423f226b775fe,llama31_8b_it,R0_BASE,T0_OFF,1,1
8ec99179cf43074314a423f226b775fe,llama31_8b_it,R0_BASE,T1_SILENT_CHECK,1,1
8ec99179cf43074314a423f226b775fe,llama31_8b_it,R1_METADATA_NEUTRAL,T0_OFF,1,1
8ec99179cf43074314a423f226b775fe,llama31_8b_it,R1_METADATA_NEUTRAL,T1_SILENT_CHECK,1,1
8ec99179cf43074314a423f226b775fe,llama31_8b_it,R2_NO_INFORMATION,T0_OFF,1,1
8ec99179cf43074314a423f226b775fe,llama31_8b_it,R2_NO_INFORMATION,T1_SILENT_CHECK,1,1
8ec99179cf43074314a423f226b775fe,llama31_8b_it,R3_IRRELEVANT_CONTEXT,T0_OFF,1,1
8ec99179cf43074314a423f226b775fe,llama31_8b_it,R3_IRRELEVANT_CONTEXT,T1_SILENT_CHECK,1,1
2a3b1ff0a7a1e561470fc77e89c9335f,deepseek_r1_llama_8b,R0_BASE,T0_OFF,1,0
2a3b1ff0a7a1e561470fc77e89c9335f,deepseek_r1_llama_8b,R0_BASE,T1_SILENT_CHECK,0,0
2a3b1ff0a7a1e561470fc77e89c9335f,deepseek_r1_llama_8b,R1_METADATA_NEUTRAL,T0_OFF,1,0
2a3b1ff0a7a1e561470fc77e89c9335f,deepseek_r1_llama_8b,R1_METADATA_NEUTRAL,T1_SILENT_CHECK,0,1
2a3b1ff0a7a1e561470fc77e89c9335f,deepseek_r1_llama_8b,R2_NO_INFORMATION,T0_OFF,0,0
2a3b1ff0a7a1e561470fc77e89c9335f,deepseek_r1_llama_8b,R2_NO_INFORMATION,T1_SILENT_CHECK,0,0
2a3b1ff0a7a1e561470fc77e89c9335f,deepseek_r1_llama_8b,R3_IRRELEVANT_CONTEXT,T0_OFF,0,0
2a3b1ff0a7a1e561470fc77e89c9335f,deepseek_r1_llama_8b,R3_IRRELEVANT_CONTEXT,T1_SILENT_CHECK,0,0
2a3b1ff0a7a1e561470fc77e89c9335f,llama31_8b_it,R0_BASE,T0_OFF,0,0
2a3b1ff0a7a1e561470fc77e89c9335f,llama31_8b_it,R0_BASE,T1_SILENT_CHECK,0,0
2a3b1ff0a7a1e561470fc77e89c9335f,llama31_8b_it,R1_METADATA_NEUTRAL,T0_OFF,0,1
2a3b1ff0a7a1e561470fc77e89c9335f,llama31_8b_it,R1_METADATA_NEUTRAL,T1_SILENT_CHECK,0,0
2a3b1ff0a7a1e561470fc77e89c9335f,llama31_8b_it,R2_NO_INFORMATION,T0_OFF,0,0
2a3b1ff0a7a1e561470fc77e89c9335f,llama31_8b_it,R2_NO_INFORMATION,T1_SILENT_CHECK,0,0
2a3b1ff0a7a1e561470fc77e89c9335f,llama31_8b_it,R3_IRRELEVANT_CONTEXT,T0_OFF,0,0
2a3b1ff0a7a1e561470fc77e89c9335f,llama31_8b_it,R3_IRRELEVANT_CONTEXT,T1_SILENT_CHECK,0,0
a8c3312607a8c3792c2e8b0d66622db6,deepseek_r1_llama_8b,R0_BASE,T0_OFF,0,0
a8c3312607a8c3792c2e8b0d66622db6,deepseek_r1_llama_8b,R0_BASE,T1_SILENT_CHECK,0,0
a8c3312607a8c3792c2e8b0d66622db6,deepseek_r1_llama_8b,R1_METADATA_NEUTRAL,T0_OFF,0,0
a8c3312607a8c3792c2e8b0d66622db6,deepseek_r1_llama_8b,R1_METADATA_NEUTRAL,T1_SILENT_CHECK,0,0
a8c3312607a8c3792c2e8b0d66622db6,deepseek_r1_llama_8b,R2_NO_INFORMATION,T0_OFF,0,0
a8c3312607a8c3792c2e8b0d66622db6,deepseek_r1_llama_8b,R2_NO_INFORMATION,T1_SILENT_CHECK,0,0
a8c3312607a8c3792c2e8b0d66622db6,deepseek_r1_llama_8b,R3_IRRELEVANT_CONTEXT,T0_OFF,0,0
a8c3312607a8c3792c2e8b0d66622db6,deepseek_r1_llama_8b,R3_IRRELEVANT_CONTEXT,T1_SILENT_CHECK,0,0
a8c3312607a8c3792c2e8b0d66622db6,llama31_8b_it,R0_BASE,T0_OFF,0,0
a8c3312607a8c3792c2e8b0d66622db6,llama31_8b_it,R0_BASE,T1_SILENT_CHECK,0,0
a8c3312607a8c3792c2e8b0d66622db6,llama31_8b_it,R1_METADATA_NEUTRAL,T0_OFF,0,0
a8c3312607a8c3792c2e8b0d66622db6,llama31_8b_it,R1_METADATA_NEUTRAL,T1_SILENT_CHECK,0,0
a8c3312607a8c3792c2e8b0d66622db6,llama31_8b_it,R2_NO_INFORMATION,T0_OFF,0,0
a8c3312607a8c3792c2e8b0d66622db6,llama31_8b_it,R2_NO_INFORMATION,T1_SILENT_CHECK,0,0
a8c3312607a8c3792c2e8b0d66622db6,llama31_8b_it,R3_IRRELEVANT_CONTEXT,T0_OFF,0,0
a8c3312607a8c3792c2e8b0d66622db6,llama31_8b_it,R3_IRRELEVANT_CONTEXT,T1_SILENT_CHECK,0,0
0faf260e16a4efe96a811f182981670e,deepseek_r1_llama_8b,R0_BASE,T0_OFF,0,0
0faf260e16a4efe96a811f182981670e,deepseek_r1_llama_8b,R0_BASE,T1_SILENT_CHECK,1,0
0faf260e16a4efe96a811f182981670e,deepseek_r1_llama_8b,R1_METADATA_NEUTRAL,T0_OFF,0,0
0faf260e16a4efe96a811f182981670e,deepseek_r1_llama_8b,R1_METADATA_NEUTRAL,T1_SILENT_CHECK,0,1
0faf260e16a4efe96a811f182981670e,deepseek_r1_llama_8b,R2_NO_INFORMATION,T0_OFF,0,0
0faf260e16a4efe96a811f182981670e,deepseek_r1_llama_8b,R2_NO_INFORMATION,T1_SILENT_CHECK,1,1
0faf260e16a4efe96a811f182981670e,deepseek_r1_llama_8b,R3_IRRELEVANT_CONTEXT,T0_OFF,0,0
0faf260e16a4efe96a811f182981670e,deepseek_r1_llama_8b,R3_IRRELEVANT_CONTEXT,T1_SILENT_CHECK,1,0
0faf260e16a4efe96a811f182981670e,llama31_8b_it,R0_BASE,T0_OFF,0,0
0faf260e16a4efe96a811f182981670e,llama31_8b_it,R0_BASE,T1_SILENT_CHECK,0,0
0faf260e16a4efe96a811f182981670e,llama31_8b_it,R1_METADATA_NEUTRAL,T0_OFF,0,0
0faf260e16a4efe96a811f182981670e,llama31_8b_it,R1_METADATA_NEUTRAL,T1_SILENT_CHECK,0,0
0faf260e16a4efe96a811f182981670e,llama31_8b_it,R2_NO_INFORMATION,T0_OFF,0,0
0faf260e16a4efe96a811f182981670e,llama31_8b_it,R2_NO_INFORMATION,T1_SILENT_CHECK,0,0
0faf260e16a4efe96a811f182981670e,llama31_8b_it,R3_IRRELEVANT_CONTEXT,T0_OFF,0,0
0faf260e16a4efe96a811f182981670e,llama31_8b_it,R3_IRRELEVANT_CONTEXT,T1_SILENT_CHECK,0,0
85e5bfa184e49e8472670350b0ce9591,deepseek_r1_llama_8b,R0_BASE,T0_OFF,0,0
85e5bfa184e49e8472670350b0ce9591,deepseek_r1_llama_8b,R0_BASE,T1_SILENT_CHECK,0,0
85e5bfa184e49e8472670350b0ce9591,deepseek_r1_llama_8b,R1_METADATA_NEUTRAL,T0_OFF,0,0
85e5bfa184e49e8472670350b0ce9591,deepseek_r1_llama_8b,R1_METADATA_NEUTRAL,T1_SILENT_CHECK,1,0
85e5bfa184e49e8472670350b0ce9591,deepseek_r1_llama_8b,R2_NO_INFORMATION,T0_OFF,0,0
85e5bfa184e49e8472670350b0ce9591,deepseek_r1_llama_8b,R2_NO_INFORMATION,T1_SILENT_CHECK,0,0
85e5bfa184e49e8472670350b0ce9591,deepseek_r1_llama_8b,R3_IRRELEVANT_CONTEXT,T0_OFF,0,0
85e5bfa184e49e8472670350b0ce9591,deepseek_r1_llama_8b,R3_IRRELEVANT_CONTEXT,T1_SILENT_CHECK,0,0
85e5bfa184e49e8472670350b0ce9591,llama31_8b_it,R0_BASE,T0_OFF,0,0
85e5bfa184e49e8472670350b0ce9591,llama31_8b_it,R0_BASE,T1_SILENT_CHECK,0,0
85e5bfa184e49e8472670350b0ce9591,llama31_8b_it,R1_METADATA_NEUTRAL,T0_OFF,0,0
85e5bfa184e49e8472670350b0ce9591,llama31_8b_it,R1_METADATA_NEUTRAL,T1_SILENT_CHECK,0,0
85e5bfa184e49e8472670350b0ce9591,llama31_8b_it,R2_NO_INFORMATION,T0_OFF,0,0
85e5bfa184e49e8472670350b0ce9591,llama31_8b_it,R2_NO_INFORMATION,T1_SILENT_CHECK,0,0
85e5bfa184e49e8472670350b0ce9591,llama31_8b_it,R3_IRRELEVANT_CONTEXT,T0_OFF,0,0
85e5bfa184e49e8472670350b0ce9591,llama31_8b_it,R3_IRRELEVANT_CONTEXT,T1_SILENT_CHECK,0,0
ca49b1fa9939543d7f62fa82757f340f,deepseek_r1_llama_8b,R0_BASE,T0_OFF,0,0
ca49b1fa9939543d7f62fa82757f340f,deepseek_r1_llama_8b,R0_BASE,T1_SILENT_CHECK,0,0
ca49b1fa9939543d7f62fa82757f340f,deepseek_r1_llama_8b,R1_METADATA_NEUTRAL,T0_OFF,0,0
ca49b1fa9939543d7f62fa82757f340f,deepseek_r1_llama_8b,R1_METADATA_NEUTRAL,T1_SILENT_CHECK,1,0
ca49b1fa9939543d7f62fa82757f340f,deepseek_r1_llama_8b,R2_NO_INFORMATION,T0_OFF,0,0
ca49b1fa9939543d7f62fa82757f340f,deepseek_r1_llama_8b,R2_NO_INFORMATION,T1_SILENT_CHECK,0,0
ca49b1fa9939543d7f62fa82757f340f,deepseek_r1_llama_8b,R3_IRRELEVANT_CONTEXT,T0_OFF,0,0
ca49b1fa9939543d7f62fa82757f340f,deepseek_r1_llama_8b,R3_IRRELEVANT_CONTEXT,T1_SILENT_CHECK,0,0
ca49b1fa9939543d7f62fa82757f340f,llama31_8b_it,R0_BASE,T0_OFF,0,0
ca49b1fa9939543d7f62fa82757f340f,llama31_8b_it,R0_BASE,T1_SILENT_CHECK,0,0
ca49b1fa9939543d7f62fa82757f340f,llama31_8b_it,R1_METADATA_NEUTRAL,T0_OFF,0,0
ca49b1fa9939543d7f62fa82757f340f,llama31_8b_it,R1_METADATA_NEUTRAL,T1_SILENT_CHECK,0,0
ca49b1fa9939543d7f62fa82757f340f,llama31_8b_it,R2_NO_INFORMATION,T0_OFF,0,0
ca49b1fa9939543d7f62fa82757f340f,llama31_8b_it,R2_NO_INFORMATION,T1_SILENT_CHECK,0,0
ca49b1fa9939543d7f62fa82757f340f,llama31_8b_it,R3_IRRELEVANT_CONTEXT,T0_OFF,0,0
ca49b1fa9939543d7f62fa82757f340f,llama31_8b_it,R3_IRRELEVANT_CONTEXT,T1_SILENT_CHECK,0,0
290ac1bb753402f4610be26e1ca54b89,deepseek_r1_llama_8b,R0_BASE,T0_OFF,1,1
290ac1bb753402f4610be26e1ca54b89,deepseek_r1_llama_8b,R0_BASE,T1_SILENT_CHECK,0,0
290ac1bb753402f4610be26e1ca54b89,deepseek_r1_llama_8b,R1_METADATA_NEUTRAL,T0_OFF,1,1
290ac1bb753402f4610be26e1ca54b89,deepseek_r1_llama_8b,R1_METADATA_NEUTRAL,T1_SILENT_CHECK,1,1
290ac1bb753402f4610be26e1ca54b89,deepseek_r1_llama_8b,R2_NO_INFORMATION,T0_OFF,1,1
290ac1bb753402f4610be26e1ca54b89,deepseek_r1_llama_8b,R2_NO_INFORMATION,T1_SILENT_CHECK,1,1
290ac1bb753402f4610be26e1ca54b89,deepseek_r1_llama_8b,R3_IRRELEVANT_CONTEXT,T0_OFF,0,0
290ac1bb753402f4610be26e1ca54b89,deepseek_r1_llama_8b,R3_IRRELEVANT_CONTEXT,T1_SILENT_CHECK,1,1
290ac1bb753402f4610be26e1ca54b89,llama31_8b_it,R0_BASE,T0_OFF,0,0
290ac1bb753402f4610be26e1ca54b89,llama31_8b_it,R0_BASE,T1_SILENT_CHECK,0,0
290ac1bb753402f4610be26e1ca54b89,llama31_8b_it,R1_METADATA_NEUTRAL,T0_OFF,0,0
290ac1bb753402f4610be26e1ca54b89,llama31_8b_it,R1_METADATA_NEUTRAL,T1_SILENT_CHECK,0,0
290ac1bb753402f4610be26e1ca54b89,llama31_8b_it,R2_NO_INFORMATION,T0_OFF,0,0
290ac1bb753402f4610be26e1ca54b89,llama31_8b_it,R2_NO_INFORMATION,T1_SILENT_CHECK,0,1
290ac1bb753402f4610be26e1ca54b89,llama31_8b_it,R3_IRRELEVANT_CONTEXT,T0_OFF,0,0
290ac1bb753402f4610be26e1ca54b89,llama31_8b_it,R3_IRRELEVANT_CONTEXT,T1_SILENT_CHECK,0,0
42ff462b41225c50c1e68be4a5322266,deepseek_r1_llama_8b,R0_BASE,T0_OFF,0,0
42ff462b41225c50c1e68be4a5322266,deepseek_r1_llama_8b,R0_BASE,T1_SILENT_CHECK,0,0
42ff462b41225c50c1e68be4a5322266,deepseek_r1_llama_8b,R1_METADATA_NEUTRAL,T0_OFF,0,0
42ff462b41225c50c1e68be4a5322266,deepseek_r1_llama_8b,R1_METADATA_NEUTRAL,T1_SILENT_CHECK,0,0
42ff462b41225c50c1e68be4a5322266,deepseek_r1_llama_8b,R2_NO_INFORMATION,T0_OFF,0,0
42ff462b41225c50c1e68be4a5322266,deepseek_r1_llama_8b,R2_NO_INFORMATION,T1_SILENT_CHECK,0,0
42ff462b41225c50c1e68be4a5322266,deepseek_r1_llama_8b,R3_IRRELEVANT_CONTEXT,T0_OFF,0,0
42ff462b41225c50c1e68be4a5322266,deepseek_r1_llama_8b,R3_IRRELEVANT_CONTEXT,T1_SILENT_CHECK,0,0
42ff462b41225c50c1e68be4a5322266,llama31_8b_it,R0_BASE,T0_OFF,0,0
42ff462b41225c50c1e68be4a5322266,llama31_8b_it,R0_BASE,T1_SILENT_CHECK,0,0
42ff462b41225c50c1e68be4a5322266,llama31_8b_it,R1_METADATA_NEUTRAL,T0_OFF,0,0
42ff462b41225c50c1e68be4a5322266,llama31_8b_it,R1_METADATA_NEUTRAL,T1_SILENT_CHECK,0,0
42ff462b41225c50c1e68be4a5322266,llama31_8b_it,R2_NO_INFORMATION,T0_OFF,0,0
42ff462b41225c50c1e68be4a5322266,llama31_8b_it,R2_NO_INFORMATION,T1_SILENT_CHECK,0,0
42ff462b41225c50c1e68be4a5322266,llama31_8b_it,R3_IRRELEVANT_CONTEXT,T0_OFF,0,0
42ff462b41225c50c1e68be4a5322266,llama31_8b_it,R3_IRRELEVANT_CONTEXT,T1_SILENT_CHECK,0,0
99e8bc71a5aa3f4897e62c670b53eea7,deepseek_r1_llama_8b,R0_BASE,T0_OFF,1,0
99e8bc71a5aa3f4897e62c670b53eea7,deepseek_r1_llama_8b,R0_BASE,T1_SILENT_CHECK,1,1
99e8bc71a5aa3f4897e62c670b53eea7,deepseek_r1_llama_8b,R1_METADATA_NEUTRAL,T0_OFF,1,1
99e8bc71a5aa3f4897e62c670b53eea7,deepseek_r1_llama_8b,R1_METADATA_NEUTRAL,T1_SILENT_CHECK,1,1
99e8bc71a5aa3f4897e62c670b53eea7,deepseek_r1_llama_8b,R2_NO_INFORMATION,T0_OFF,0,1
99e8bc71a5aa3f4897e62c670b53eea7,deepseek_r1_llama_8b,R2_NO_INFORMATION,T1_SILENT_CHECK,1,1
99e8bc71a5aa3f4897e62c670b53eea7,deepseek_r1_llama_8b,R3_IRRELEVANT_CONTEXT,T0_OFF,1,1
99e8bc71a5aa3f4897e62c670b53eea7,deepseek_r1_llama_8b,R3_IRRELEVANT_CONTEXT,T1_SILENT_CHECK,1,1
99e8bc71a5aa3f4897e62c670b53eea7,llama31_8b_it,R0_BASE,T0_OFF,0,1
99e8bc71a5aa3f4897e62c670b53eea7,llama31_8b_it,R0_BASE,T1_SILENT_CHECK,1,1
99e8bc71a5aa3f4897e62c670b53eea7,llama31_8b_it,R1_METADATA_NEUTRAL,T0_OFF,1,1
99e8bc71a5aa3f4897e62c670b53eea7,llama31_8b_it,R1_METADATA_NEUTRAL,T1_SILENT_CHECK,1,1
99e8bc71a5aa3f4897e62c670b53eea7,llama31_8b_it,R2_NO_INFORMATION,T0_OFF,1,1
99e8bc71a5aa3f4897e62c670b53eea7,llama31_8b_it,R2_NO_INFORMATION,T1_SILENT_CHECK,1,1
99e8bc71a5aa3f4897e62c670b53eea7,llama31_8b_it,R3_IRRELEVANT_CONTEXT,T0_OFF,1,1
99e8bc71a5aa3f4897e62c670b53eea7,llama31_8b_it,R3_IRRELEVANT_CONTEXT,T1_SILENT_CHECK,1,1
71d107f18b14dc8ce7c09fa7331fc429,deepseek_r1_llama_8b,R0_BASE,T0_OFF,1,1
71d107f18b14dc8ce7c09fa7331fc429,deepseek_r1_llama_8b,R0_BASE,T1_SILENT_CHECK,0,1
71d107f18b14dc8ce7c09fa7331fc429,deepseek_r1_llama_8b,R1_METADATA_NEUTRAL,T0_OFF,1,1
71d107f18b14dc8ce7c09fa7331fc429,deepseek_r1_llama_8b,R1_METADATA_NEUTRAL,T1_SILENT_CHECK,1,1
71d107f18b14dc8ce7c09fa7331fc429,deepseek_r1_llama_8b,R2_NO_INFORMATION,T0_OFF,0,1
71d107f18b14dc8ce7c09fa7331fc429,deepseek_r1_llama_8b,R2_NO_INFORMATION,T1_SILENT_CHECK,1,1
71d107f18b14dc8ce7c09fa7331fc429,deepseek_r1_llama_8b,R3_IRRELEVANT_CONTEXT,T0_OFF,1,1
71d107f18b14dc8ce7c09fa7331fc429,deepseek_r1_llama_8b,R3_IRRELEVANT_CONTEXT,T1_SILENT_CHECK,1,1
71d107f18b14dc8ce7c09fa7331fc429,llama31_8b_it,R0_BASE,T0_OFF,1,1
71d107f18b14dc8ce7c09fa7331fc429,llama31_8b_it,R0_BASE,T1_SILENT_CHECK,1,1
71d107f18b14dc8ce7c09fa7331fc429,llama31_8b_it,R1_METADATA_NEUTRAL,T0_OFF,1,1
71d107f18b14dc8ce7c09fa7331fc429,llama31_8b_it,R1_METADATA_NEUTRAL,T1_SILENT_CHECK,1,1
71d107f18b14dc8ce7c09fa7331fc429,llama31_8b_it,R2_NO_INFORMATION,T0_OFF,1,1
71d107f18b14dc8ce7c09fa7331fc429,llama31_8b_it,R2_NO_INFORMATION,T1_SILENT_CHECK,0,1
71d107f18b14dc8ce7c09fa7331fc429,llama31_8b_it,R3_IRRELEVANT_CONTEXT,T0_OFF,1,1
71d107f18b14dc8ce7c09fa7331fc429,llama31_8b_it,R3_IRRELEVANT_CONTEXT,T1_SILENT_CHECK,1,1
321d4eff37b1ccf1cbb826a9e4ab14f7,deepseek_r1_llama_8b,R0_BASE,T0_OFF,1,1
321d4eff37b1ccf1cbb826a9e4ab14f7,deepseek_r1_llama_8b,R0_BASE,T1_SILENT_CHECK,1,1
321d4eff37b1ccf1cbb826a9e4ab14f7,deepseek_r1_llama_8b,R1_METADATA_NEUTRAL,T0_OFF,0,1
321d4eff37b1ccf1cbb826a9e4ab14f7,deepseek_r1_llama_8b,R1_METADATA_NEUTRAL,T1_SILENT_CHECK,1,1
321d4eff37b1ccf1cbb826a9e4ab14f7,deepseek_r1_llama_8b,R2_NO_INFORMATION,T0_OFF,1,1
321d4eff37b1ccf1cbb826a9e4ab14f7,deepseek_r1_llama_8b,R2_NO_INFORMATION,T1_SILENT_CHECK,1,1
321d4eff37b1ccf1cbb826a9e4ab14f7,deepseek_r1_llama_8b,R3_IRRELEVANT_CONTEXT,T0_OFF,1,1
321d4eff37b1ccf1cbb826a9e4ab14f7,deepseek_r1_llama_8b,R3_IRRELEVANT_CONTEXT,T1_SILENT_CHECK,1,1
321d4eff37b1ccf1cbb826a9e4ab14f7,llama31_8b_it,R0_BASE,T0_OFF,1,1
321d4eff37b1ccf1cbb826a9e4ab14f7,llama31_8b_it,R0_BASE,T1_SILENT_CHECK,1,1
321d4eff37b1ccf1cbb826a9e4ab14f7,llama31_8b_it,R1_METADATA_NEUTRAL,T0_OFF,1,1
321d4eff37b1ccf1cbb826a9e4ab14f7,llama31_8b_it,R1_METADATA_NEUTRAL,T1_SILENT_CHECK,1,1
321d4eff37b1ccf1cbb826a9e4ab14f7,llama31_8b_it,R2_NO_INFORMATION,T0_OFF,1,1
321d4eff37b1ccf1cbb826a9e4ab14f7,llama31_8b_it,R2_NO_INFORMATION,T1_SILENT_CHECK,1,1
321d4eff37b1ccf1cbb826a9e4ab14f7,llama31_8b_it,R3_IRRELEVANT_CONTEXT,T0_OFF,1,1
321d4eff37b1ccf1cbb826a9e4ab14f7,llama31_8b_it,R3_IRRELEVANT_CONTEXT,T1_SILENT_CHECK,1,1
f117c43be0bc4552be1acc76bff41ecd,deepseek_r1_llama_8b,R0_BASE,T0_OFF,1,0
f117c43be0bc4552be1acc76bff41ecd,deepseek_r1_llama_8b,R0_BASE,T1_SILENT_CHECK,1,1
f117c43be0bc4552be1acc76bff41ecd,deepseek_r1_llama_8b,R1_METADATA_NEUTRAL,T0_OFF,1,1
f117c43be0bc4552be1acc76bff41ecd,deepseek_r1_llama_8b,R1_METADATA_NEUTRAL,T1_SILENT_CHECK,0,1
f117c43be0bc4552be1acc76bff41ecd,deepseek_r1_llama_8b,R2_NO_INFORMATION,T0_OFF,1,1
f117c43be0bc4552be1acc76bff41ecd,deepseek_r1_llama_8b,R2_NO_INFORMATION,T1_SILENT_CHECK,1,1
f117c43be0bc4552be1acc76bff41ecd,deepseek_r1_llama_8b,R3_IRRELEVANT_CONTEXT,T0_OFF,1,1
f117c43be0bc4552be1acc76bff41ecd,deepseek_r1_llama_8b,R3_IRRELEVANT_CONTEXT,T1_SILENT_CHECK,1,1
f117c43be0bc4552be1acc76bff41ecd,llama31_8b_it,R0_BASE,T0_OFF,1,1
f117c43be0bc4552be1acc76bff41ecd,llama31_8b_it,R0_BASE,T1_SILENT_CHECK,1,1
f117c43be0bc4552be1acc76bff41ecd,llama31_8b_it,R1_METADATA_NEUTRAL,T0_OFF,1,1
f117c43be0bc4552be1acc76bff41ecd,llama31_8b_it,R1_METADATA_NEUTRAL,T1_SILENT_CHECK,1,1
f117c43be0bc4552be1acc76bff41ecd,llama31_8b_it,R2_NO_INFORMATION,T0_OFF,1,1
f117c43be0bc4552be1acc76bff41ecd,llama31_8b_it,R2_NO_INFORMATION,T1_SILENT_CHECK,1,1
f117c43be0bc4552be1acc76bff41ecd,llama31_8b_it,R3_IRRELEVANT_CONTEXT,T0_OFF,1,1
f117c43be0bc4552be1acc76bff41ecd,llama31_8b_it,R3_IRRELEVANT_CONTEXT,T1_SILENT_CHECK,1,1
ce867b95239abe6064f8d75a4aa83a9e,deepseek_r1_llama_8b,R0_BASE,T0_OFF,0,0
ce867b95239abe6064f8d75a4aa83a9e,deepseek_r1_llama_8b,R0_BASE,T1_SILENT_CHECK,0,0
ce867b95239abe6064f8d75a4aa83a9e,deepseek_r1_llama_8b,R1_METADATA_NEUTRAL,T0_OFF,0,0
ce867b95239abe6064f8d75a4aa83a9e,deepseek_r1_llama_8b,R1_METADATA_NEUTRAL,T1_SILENT_CHECK,0,0
ce867b95239abe6064f8d75a4aa83a9e,deepseek_r1_llama_8b,R2_NO_INFORMATION,T0_OFF,0,0
ce867b95239abe6064f8d75a4aa83a9e,deepseek_r1_llama_8b,R2_NO_INFORMATION,T1_SILENT_CHECK,0,0
ce867b95239abe6064f8d75a4aa83a9e,deepseek_r1_llama_8b,R3_IRRELEVANT_CONTEXT,T0_OFF,0,0
ce867b95239abe6064f8d75a4aa83a9e,deepseek_r1_llama_8b,R3_IRRELEVANT_CONTEXT,T1_SILENT_CHECK,0,0
ce867b95239abe6064f8d75a4aa83a9e,llama31_8b_it,R0_BASE,T0_OFF,0,0
ce867b95239abe6064f8d75a4aa83a9e,llama31_8b_it,R0_BASE,T1_SILENT_CHECK,1,0
ce867b95239abe6064f8d75a4aa83a9e,llama31_8b_it,R1_METADATA_NEUTRAL,T0_OFF,0,1
ce867b95239abe6064f8d75a4aa83a9e,llama31_8b_it,R1_METADATA_NEUTRAL,T1_SILENT_CHECK,0,0
ce867b95239abe6064f8d75a4aa83a9e,llama31_8b_it,R2_NO_INFORMATION,T0_OFF,0,0
ce867b95239abe6064f8d75a4aa83a9e,llama31_8b_it,R2_NO_INFORMATION,T1_SILENT_CHECK,0,0
ce867b95239abe6064f8d75a4aa83a9e,llama31_8b_it,R3_IRRELEVANT_CONTEXT,T0_OFF,0,1
ce867b95239abe6064f8d75a4aa83a9e,llama31_8b_it,R3_IRRELEVANT_CONTEXT,T1_SILENT_CHECK,0,0
397657e67cb35d2e4d10f836073988ff,deepseek_r1_llama_8b,R0_BASE,T0_OFF,1,1
397657e67cb35d2e4d10f836073988ff,deepseek_r1_llama_8b,R0_BASE,T1_SILENT_CHECK,1,1
397657e67cb35d2e4d10f836073988ff,deepseek_r1_llama_8b,R1_METADATA_NEUTRAL,T0_OFF,1,0
397657e67cb35d2e4d10f836073988ff,deepseek_r1_llama_8b,R1_METADATA_NEUTRAL,T1_SILENT_CHECK,0,1
397657e67cb35d2e4d10f836073988ff,deepseek_r1_llama_8b,R2_NO_INFORMATION,T0_OFF,1,1
397657e67cb35d2e4d10f836073988ff,deepseek_r1_llama_8b,R2_NO_INFORMATION,T1_SILENT_CHECK,1,1
397657e67cb35d2e4d10f836073988ff,deepseek_r1_llama_8b,R3_IRRELEVANT_CONTEXT,T0_OFF,1,1
397657e67cb35d2e4d10f836073988ff,deepseek_r1_llama_8b,R3_IRRELEVANT_CONTEXT,T1_SILENT_CHECK,1,0
397657e67cb35d2e4d10f836073988ff,llama31_8b_it,R0_BASE,T0_OFF,0,0
397657e67cb35d2e4d10f836073988ff,llama31_8b_it,R0_BASE,T1_SILENT_CHECK,1,0
397657e67cb35d2e4d10f836073988ff,llama31_8b_it,R1_METADATA_NEUTRAL,T0_OFF,0,1
397657e67cb35d2e4d10f836073988ff,llama31_8b_it,R1_METADATA_NEUTRAL,T1_SILENT_CHECK,0,1
397657e67cb35d2e4d10f836073988ff,llama31_8b_it,R2_NO_INFORMATION,T0_OFF,0,0
397657e67cb35d2e4d10f836073988ff,llama31_8b_it,R2_NO_INFORMATION,T1_SILENT_CHECK,0,1
397657e67cb35d2e4d10f836073988ff,llama31_8b_it,R3_IRRELEVANT_CONTEXT,T0_OFF,0,0
397657e67cb35d2e4d10f836073988ff,llama31_8b_it,R3_IRRELEVANT_CONTEXT,T1_SILENT_CHECK,1,0
e030a8ebfde33e1bb22e44a0acebf18d,deepseek_r1_llama_8b,R0_BASE,T0_OFF,1,1
e030a8ebfde33e1bb22e44a0acebf18d,deepseek_r1_llama_8b,R0_BASE,T1_SILENT_CHECK,1,1
e030a8ebfde33e1bb22e44a0acebf18d,deepseek_r1_llama_8b,R1_METADATA_NEUTRAL,T0_OFF,1,1
e030a8ebfde33e1bb22e44a0acebf18d,deepseek_r1_llama_8b,R1_METADATA_NEUTRAL,T1_SILENT_CHECK,1,1
e030a8ebfde33e1bb22e44a0acebf18d,deepseek_r1_llama_8b,R2_NO_INFORMATION,T0_OFF,1,1
e030a8ebfde33e1bb22e44a0acebf18d,deepseek_r1_llama_8b,R2_NO_INFORMATION,T1_SILENT_CHECK,1,1
e030a8ebfde33e1bb22e44a0acebf18d,deepseek_r1_llama_8b,R3_IRRELEVANT_CONTEXT,T0_OFF,1,1
e030a8ebfde33e1bb22e44a0acebf18d,deepseek_r1_llama_8b,R3_IRRELEVANT_CONTEXT,T1_SILENT_CHECK,1,1
e030a8ebfde33e1bb22e44a0acebf18d,llama31_8b_it,R0_BASE,T0_OFF,1,1
e030a8ebfde33e1bb22e44a0acebf18d,llama31_8b_it,R0_BASE,T1_SILENT_CHECK,1,1
e030a8ebfde33e1bb22e44a0acebf18d,llama31_8b_it,R1_METADATA_NEUTRAL,T0_OFF,1,1
e030a8ebfde33e1bb22e44a0acebf18d,llama31_8b_it,R1_METADATA_NEUTRAL,T1_SILENT_CHECK,1,1
e030a8ebfde33e1bb22e44a0acebf18d,llama31_8b_it,R2_NO_INFORMATION,T0_OFF,1,1
e030a8ebfde33e1bb22e44a0acebf18d,llama31_8b_it,R2_NO_INFORMATION,T1_SILENT_CHECK,1,1
e030a8ebfde33e1bb22e44a0acebf18d,llama31_8b_it,R3_IRRELEVANT_CONTEXT,T0_OFF,1,1
e030a8ebfde33e1bb22e44a0acebf18d,llama31_8b_it,R3_IRRELEVANT_CONTEXT,T1_SILENT_CHECK,1,1
25c44ac504e33ce139d8b3ff176ea04b,deepseek_r1_llama_8b,R0_BASE,T0_OFF,1,1
25c44ac504e33ce139d8b3ff176ea04b,deepseek_r1_llama_8b,R0_BASE,T1_SILENT_CHECK,1,1
25c44ac504e33ce139d8b3ff176ea04b,deepseek_r1_llama_8b,R1_METADATA_NEUTRAL,T0_OFF,1,1
25c44ac504e33ce139d8b3ff176ea04b,deepseek_r1_llama_8b,R1_METADATA_NEUTRAL,T1_SILENT_CHECK,1,1
25c44ac504e33ce139d8b3ff176ea04b,deepseek_r1_llama_8b,R2_NO_INFORMATION,T0_OFF,0,1
25c44ac504e33ce139d8b3ff176ea04b,deepseek_r1_llama_8b,R2_NO_INFORMATION,T1_SILENT_CHECK,1,1
25c44ac504e33ce139d8b3ff176ea04b,deepseek_r1_llama_8b,R3_IRRELEVANT_CONTEXT,T0_OFF,1,1
25c44ac504e33ce139d8b3ff176ea04b,deepseek_r1_llama_8b,R3_IRRELEVANT_CONTEXT,T1_SILENT_CHECK,1,1
25c44ac504e33ce139d8b3ff176ea04b,llama31_8b_it,R0_BASE,T0_OFF,1,1
25c44ac504e33ce139d8b3ff176ea04b,llama31_8b_it,R0_BASE,T1_SILENT_CHECK,1,1
25c44ac504e33ce139d8b3ff176ea04b,llama31_8b_it,R1_METADATA_NEUTRAL,T0_OFF,1,1
25c44ac504e33ce139d8b3ff176ea04b,llama31_8b_it,R1_METADATA_NEUTRAL,T1_SILENT_CHECK,1,1
25c44ac504e33ce139d8b3ff176ea04b,llama31_8b_it,R2_NO_INFORMATION,T0_OFF,1,1
25c44ac504e33ce139d8b3ff176ea04b,llama31_8b_it,R2_NO_INFORMATION,T1_SILENT_CHECK,1,1
25c44ac504e33ce139d8b3ff176ea04b,llama31_8b_it,R3_IRRELEVANT_CONTEXT,T0_OFF,1,1
25c44ac504e33ce139d8b3ff176ea04b,llama31_8b_it,R3_IRRELEVANT_CONTEXT,T1_SILENT_CHECK,1,1
911901c8ec986a1a700f5619bba4e69a,deepseek_r1_llama_8b,R0_BASE,T0_OFF,0,1
911901c8ec986a1a700f5619bba4e69a,deepseek_r1_llama_8b,R0_BASE,T1_SILENT_CHECK,0,0
911901c8ec986a1a700f5619bba4e69a,deepseek_r1_llama_8b,R1_METADATA_NEUTRAL,T0_OFF,1,0
911901c8ec986a1a700f5619bba4e69a,deepseek_r1_llama_8b,R1_METADATA_NEUTRAL,T1_SILENT_CHECK,1,0
911901c8ec986a1a700f5619bba4e69a,deepseek_r1_llama_8b,R2_NO_INFORMATION,T0_OFF,0,0
911901c8ec986a1a700f5619bba4e69a,deepseek_r1_llama_8b,R2_NO_INFORMATION,T1_SILENT_CHECK,1,0
911901c8ec986a1a700f5619bba4e69a,deepseek_r1_llama_8b,R3_IRRELEVANT_CONTEXT,T0_OFF,1,0
911901c8ec986a1a700f5619bba4e69a,deepseek_r1_llama_8b,R3_IRRELEVANT_CONTEXT,T1_SILENT_CHECK,0,0
911901c8ec986a1a700f5619bba4e69a,llama31_8b_it,R0_BASE,T0_OFF,0,0
911901c8ec986a1a700f5619bba4e69a,llama31_8b_it,R0_BASE,T1_SILENT_CHECK,0,0
911901c8ec986a1a700f5619bba4e69a,llama31_8b_it,R1_METADATA_NEUTRAL,T0_OFF,0,0
911901c8ec986a1a700f5619bba4e69a,llama31_8b_it,R1_METADATA_NEUTRAL,T1_SILENT_CHECK,0,0
911901c8ec986a1a700f5619bba4e69a,llama31_8b_it,R2_NO_INFORMATION,T0_OFF,0,0
911901c8ec986a1a700f5619bba4e69a,llama31_8b_it,R2_NO_INFORMATION,T1_SILENT_CHECK,0,0
911901c8ec986a1a700f5619bba4e69a,llama31_8b_it,R3_IRRELEVANT_CONTEXT,T0_OFF,0,0
911901c8ec986a1a700f5619bba4e69a,llama31_8b_it,R3_IRRELEVANT_CONTEXT,T1_SILENT_CHECK,0,0
2529b80c937b57593b5fe76ea2c3449c,deepseek_r1_llama_8b,R0_BASE,T0_OFF,0,0
2529b80c937b57593b5fe76ea2c3449c,deepseek_r1_llama_8b,R0_BASE,T1_SILENT_CHECK,0,0
2529b80c937b57593b5fe76ea2c3449c,deepseek_r1_llama_8b,R1_METADATA_NEUTRAL,T0_OFF,0,0
2529b80c937b57593b5fe76ea2c3449c,deepseek_r1_llama_8b,R1_METADATA_NEUTRAL,T1_SILENT_CHECK,0,0
2529b80c937b57593b5fe76ea2c3449c,deepseek_r1_llama_8b,R2_NO_INFORMATION,T0_OFF,0,0
2529b80c937b57593b5fe76ea2c3449c,deepseek_r1_llama_8b,R2_NO_INFORMATION,T1_SILENT_CHECK,0,0
2529b80c937b57593b5fe76ea2c3449c,deepseek_r1_llama_8b,R3_IRRELEVANT_CONTEXT,T0_OFF,0,0
2529b80c937b57593b5fe76ea2c3449c,deepseek_r1_llama_8b,R3_IRRELEVANT_CONTEXT,T1_SILENT_CHECK,0,0
2529b80c937b57593b5fe76ea2c3449c,llama31_8b_it,R0_BASE,T0_OFF,0,0
2529b80c937b57593b5fe76ea2c3449c,llama31_8b_it,R0_BASE,T1_SILENT_CHECK,0,0
2529b80c937b57593b5fe76ea2c3449c,llama31_8b_it,R1_METADATA_NEUTRAL,T0_OFF,0,0
2529b80c937b57593b5fe76ea2c3449c,llama31_8b_it,R1_METADATA_NEUTRAL,T1_SILENT_CHECK,0,0
2529b80c937b57593b5fe76ea2c3449c,llama31_8b_it,R2_NO_INFORMATION,T0_OFF,0,0
2529b80c937b57593b5fe76ea2c3449c,llama31_8b_it,R2_NO_INFORMATION,T1_SILENT_CHECK,0,0
2529b80c937b57593b5fe76ea2c3449c,llama31_8b_it,R3_IRRELEVANT_CONTEXT,T0_OFF,0,0
2529b80c937b57593b5fe76ea2c3449c,llama31_8b_it,R3_IRRELEVANT_CONTEXT,T1_SILENT_CHECK,0,0
6e19803021c2edc57a576fabec224886,deepseek_r1_llama_8b,R0_BASE,T0_OFF,0,1
6e19803021c2edc57a576fabec224886,deepseek_r1_llama_8b,R0_BASE,T1_SILENT_CHECK,0,0
6e19803021c2edc57a576fabec224886,deepseek_r1_llama_8b,R1_METADATA_NEUTRAL,T0_OFF,0,0
6e19803021c2edc57a576fabec224886,deepseek_r1_llama_8b,R1_METADATA_NEUTRAL,T1_SILENT_CHECK,0,0
6e19803021c2edc57a576fabec224886,deepseek_r1_llama_8b,R2_NO_INFORMATION,T0_OFF,0,0
6e19803021c2edc57a576fabec224886,deepseek_r1_llama_8b,R2_NO_INFORMATION,T1_SILENT_CHECK,1,0
6e19803021c2edc57a576fabec224886,deepseek_r1_llama_8b,R3_IRRELEVANT_CONTEXT,T0_OFF,1,0
6e19803021c2edc57a576fabec224886,deepseek_r1_llama_8b,R3_IRRELEVANT_CONTEXT,T1_SILENT_CHECK,1,0
6e19803021c2edc57a576fabec224886,llama31_8b_it,R0_BASE,T0_OFF,0,0
6e19803021c2edc57a576fabec224886,llama31_8b_it,R0_BASE,T1_SILENT_CHECK,0,0
6e19803021c2edc57a576fabec224886,llama31_8b_it,R1_METADATA_NEUTRAL,T0_OFF,0,0
6e19803021c2edc57a576fabec224886,llama31_8b_it,R1_METADATA_NEUTRAL,T1_SILENT_CHECK,0,0
6e19803021c2edc57a576fabec224886,llama31_8b_it,R2_NO_INFORMATION,T0_OFF,0,0
6e19803021c2edc57a576fabec224886,llama31_8b_it,R2_NO_INFORMATION,T1_SILENT_CHECK,0,0
6e19803021c2edc57a576fabec224886,llama31_8b_it,R3_IRRELEVANT_CONTEXT,T0_OFF,0,0
6e19803021c2edc57a576fabec224886,llama31_8b_it,R3_IRRELEVANT_CONTEXT,T1_SILENT_CHECK,0,0
33f2587a02204d4509261e254cad5835,deepseek_r1_llama_8b,R0_BASE,T0_OFF,0,0
33f2587a02204d4509261e254cad5835,deepseek_r1_llama_8b,R0_BASE,T1_SILENT_CHECK,0,0
33f2587a02204d4509261e254cad5835,deepseek_r1_llama_8b,R1_METADATA_NEUTRAL,T0_OFF,0,0
33f2587a02204d4509261e254cad5835,deepseek_r1_llama_8b,R1_METADATA_NEUTRAL,T1_SILENT_CHECK,0,0
33f2587a02204d4509261e254cad5835,deepseek_r1_llama_8b,R2_NO_INFORMATION,T0_OFF,0,0
33f2587a02204d4509261e254cad5835,deepseek_r1_llama_8b,R2_NO_INFORMATION,T1_SILENT_CHECK,0,0
33f2587a02204d4509261e254cad5835,deepseek_r1_llama_8b,R3_IRRELEVANT_CONTEXT,T0_OFF,0,0
33f2587a02204d4509261e254cad5835,deepseek_r1_llama_8b,R3_IRRELEVANT_CONTEXT,T1_SILENT_CHECK,0,0
33f2587a02204d4509261e254cad5835,llama31_8b_it,R0_BASE,T0_OFF,0,0
33f2587a02204d4509261e254cad5835,llama31_8b_it,R0_BASE,T1_SILENT_CHECK,0,0
33f2587a02204d4509261e254cad5835,llama31_8b_it,R1_METADATA_NEUTRAL,T0_OFF,0,0
33f2587a02204d4509261e254cad5835,llama31_8b_it,R1_METADATA_NEUTRAL,T1_SILENT_CHECK,0,0
33f2587a02204d4509261e254cad5835,llama31_8b_it,R2_NO_INFORMATION,T0_OFF,0,0
33f2587a02204d4509261e254cad5835,llama31_8b_it,R2_NO_INFORMATION,T1_SILENT_CHECK,0,0
33f2587a02204d4509261e254cad5835,llama31_8b_it,R3_IRRELEVANT_CONTEXT,T0_OFF,0,0
33f2587a02204d4509261e254cad5835,llama31_8b_it,R3_IRRELEVANT_CONTEXT,T1_SILENT_CHECK,0,0
ba651f32288881a2ffc0e78ee3002b2b,deepseek_r1_llama_8b,R0_BASE,T0_OFF,1,1
ba651f32288881a2ffc0e78ee3002b2b,deepseek_r1_llama_8b,R0_BASE,T1_SILENT_CHECK,0,1
ba651f32288881a2ffc0e78ee3002b2b,deepseek_r1_llama_8b,R1_METADATA_NEUTRAL,T0_OFF,1,0
ba651f32288881a2ffc0e78ee3002b2b,deepseek_r1_llama_8b,R1_METADATA_NEUTRAL,T1_SILENT_CHECK,1,1
ba651f32288881a2ffc0e78ee3002b2b,deepseek_r1_llama_8b,R2_NO_INFORMATION,T0_OFF,0,1
ba651f32288881a2ffc0e78ee3002b2b,deepseek_r1_llama_8b,R2_NO_INFORMATION,T1_SILENT_CHECK,1,1
ba651f32288881a2ffc0e78ee3002b2b,deepseek_r1_llama_8b,R3_IRRELEVANT_CONTEXT,T0_OFF,1,1
ba651f32288881a2ffc0e78ee3002b2b,deepseek_r1_llama_8b,R3_IRRELEVANT_CONTEXT,T1_SILENT_CHECK,1,0
ba651f32288881a2ffc0e78ee3002b2b,llama31_8b_it,R0_BASE,T0_OFF,1,0
ba651f32288881a2ffc0e78ee3002b2b,llama31_8b_it,R0_BASE,T1_SILENT_CHECK,0,1
ba651f32288881a2ffc0e78ee3002b2b,llama31_8b_it,R1_METADATA_NEUTRAL,T0_OFF,1,1
ba651f32288881a2ffc0e78ee3002b2b,llama31_8b_it,R1_METADATA_NEUTRAL,T1_SILENT_CHECK,0,1
ba651f32288881a2ffc0e78ee3002b2b,llama31_8b_it,R2_NO_INFORMATION,T0_OFF,0,1
ba651f32288881a2ffc0e78ee3002b2b,llama31_8b_it,R2_NO_INFORMATION,T1_SILENT_CHECK,0,1
ba651f32288881a2ffc0e78ee3002b2b,llama31_8b_it,R3_IRRELEVANT_CONTEXT,T0_OFF,0,0
ba651f32288881a2ffc0e78ee3002b2b,llama31_8b_it,R3_IRRELEVANT_CONTEXT,T1_SILENT_CHECK,1,0
c218b1eec1ff7a3ac041546c7f747a5c,deepseek_r1_llama_8b,R0_BASE,T0_OFF,1,1
c218b1eec1ff7a3ac041546c7f747a5c,deepseek_r1_llama_8b,R0_BASE,T1_SILENT_CHECK,0,1
c218b1eec1ff7a3ac041546c7f747a5c,deepseek_r1_llama_8b,R1_METADATA_NEUTRAL,T0_OFF,0,1
c218b1eec1ff7a3ac041546c7f747a5c,deepseek_r1_llama_8b,R1_METADATA_NEUTRAL,T1_SILENT_CHECK,1,1
c218b1eec1ff7a3ac041546c7f747a5c,deepseek_r1_llama_8b,R2_NO_INFORMATION,T0_OFF,0,1
c218b1eec1ff7a3ac041546c7f747a5c,deepseek_r1_llama_8b,R2_NO_INFORMATION,T1_SILENT_CHECK,0,1
c218b1eec1ff7a3ac041546c7f747a5c,deepseek_r1_llama_8b,R3_IRRELEVANT_CONTEXT,T0_OFF,1,1
c218b1eec1ff7a3ac041546c7f747a5c,deepseek_r1_llama_8b,R3_IRRELEVANT_CONTEXT,T1_SILENT_CHECK,1,1
c218b1eec1ff7a3ac041546c7f747a5c,llama31_8b_it,R0_BASE,T0_OFF,1,0
c218b1eec1ff7a3ac041546c7f747a5c,llama31_8b_it,R0_BASE,T1_SILENT_CHECK,0,0
c218b1eec1ff7a3ac041546c7f747a5c,llama31_8b_it,R1_METADATA_NEUTRAL,T0_OFF,0,0
c218b1eec1ff7a3ac041546c7f747a5c,llama31_8b_it,R1_METADATA_NEUTRAL,T1_SILENT_CHECK,0,0
c218b1eec1ff7a3ac041546c7f747a5c,llama31_8b_it,R2_NO_INFORMATION,T0_OFF,0,0
c218b1eec1ff7a3ac041546c7f747a5c,llama31_8b_it,R2_NO_INFORMATION,T1_SILENT_CHECK,0,1
c218b1eec1ff7a3ac041546c7f747a5c,llama31_8b_it,R3_IRRELEVANT_CONTEXT,T0_OFF,0,1
c218b1eec1ff7a3ac041546c7f747a5c,llama31_8b_it,R3_IRRELEVANT_CONTEXT,T1_SILENT_CHECK,0,0
48dc127776fc2386e20c2eae79f2aac2,deepseek_r1_llama_8b,R0_BASE,T0_OFF,1,0
48dc127776fc2386e20c2eae79f2aac2,deepseek_r1_llama_8b,R0_BASE,T1_SILENT_CHECK,0,0
48dc127776fc2386e20c2eae79f2aac2,deepseek_r1_llama_8b,R1_METADATA_NEUTRAL,T0_OFF,0,0
48dc127776fc2386e20c2eae79f2aac2,deepseek_r1_llama_8b,R1_METADATA_NEUTRAL,T1_SILENT_CHECK,0,0
48dc127776fc2386e20c2eae79f2aac2,deepseek_r1_llama_8b,R2_NO_INFORMATION,T0_OFF,0,0
48dc127776fc2386e20c2eae79f2aac2,deepseek_r1_llama_8b,R2_NO_INFORMATION,T1_SILENT_CHECK,0,0
48dc127776fc2386e20c2eae79f2aac2,deepseek_r1_llama_8b,R3_IRRELEVANT_CONTEXT,T0_OFF,0,0
48dc127776fc2386e20c2eae79f2aac2,deepseek_r1_llama_8b,R3_IRRELEVANT_CONTEXT,T1_SILENT_CHECK,0,0
48dc127776fc2386e20c2eae79f2aac2,llama31_8b_it,R0_BASE,T0_OFF,0,0
48dc127776fc2386e20c2eae79f2aac2,llama31_8b_it,R0_BASE,T1_SILENT_CHECK,0,0
48dc127776fc2386e20c2eae79f2aac2,llama31_8b_it,R1_METADATA_NEUTRAL,T0_OFF,0,0
48dc127776fc2386e20c2eae79f2aac2,llama31_8b_it,R1_METADATA_NEUTRAL,T1_SILENT_CHECK,0,0
48dc127776fc2386e20c2eae79f2aac2,llama31_8b_it,R2_NO_INFORMATION,T0_OFF,0,0
48dc127776fc2386e20c2eae79f2aac2,llama31_8b_it,R2_NO_INFORMATION,T1_SILENT_CHECK,0,0
48dc127776fc2386e20c2eae79f2aac2,llama31_8b_it,R3_IRRELEVANT_CONTEXT,T0_OFF,0,0
48dc127776fc2386e20c2eae79f2aac2,llama31_8b_it,R3_IRRELEVANT_CONTEXT,T1_SILENT_CHECK,0,0
d047721f52bac6160ff15b7d85f0bcbc,deepseek_r1_llama_8b,R0_BASE,T0_OFF,1,1
d047721f52bac6160ff15b7d85f0bcbc,deepseek_r1_llama_8b,R0_BASE,T1_SILENT_CHECK,1,1
d047721f52bac6160ff15b7d85f0bcbc,deepseek_r1_llama_8b,R1_METADATA_NEUTRAL,T0_OFF,1,1
d047721f52bac6160ff15b7d85f0bcbc,deepseek_r1_llama_8b,R1_METADATA_NEUTRAL,T1_SILENT_CHECK,1,1
d047721f52bac6160ff15b7d85f0bcbc,deepseek_r1_llama_8b,R2_NO_INFORMATION,T0_OFF,1,1
d047721f52bac6160ff15b7d85f0bcbc,deepseek_r1_llama_8b,R2_NO_INFORMATION,T1_SILENT_CHECK,1,1
d047721f52bac6160ff15b7d85f0bcbc,deepseek_r1_llama_8b,R3_IRRELEVANT_CONTEXT,T0_OFF,1,1
d047721f52bac6160ff15b7d85f0bcbc,deepseek_r1_llama_8b,R3_IRRELEVANT_CONTEXT,T1_SILENT_CHECK,1,1
d047721f52bac6160ff15b7d85f0bcbc,llama31_8b_it,R0_BASE,T0_OFF,0,1
d047721f52bac6160ff15b7d85f0bcbc,llama31_8b_it,R0_BASE,T1_SILENT_CHECK,0,0
d047721f52bac6160ff15b7d85f0bcbc,llama31_8b_it,R1_METADATA_NEUTRAL,T0_OFF,0,1
d047721f52bac6160ff15b7d85f0bcbc,llama31_8b_it,R1_METADATA_NEUTRAL,T1_SILENT_CHECK,0,0
d047721f52bac6160ff15b7d85f0bcbc,llama31_8b_it,R2_NO_INFORMATION,T0_OFF,0,1
d047721f52bac6160ff15b7d85f0bcbc,llama31_8b_it,R2_NO_INFORMATION,T1_SILENT_CHECK,0,0
d047721f52bac6160ff15b7d85f0bcbc,llama31_8b_it,R3_IRRELEVANT_CONTEXT,T0_OFF,0,0
d047721f52bac6160ff15b7d85f0bcbc,llama31_8b_it,R3_IRRELEVANT_CONTEXT,T1_SILENT_CHECK,0,0
cfb04482600daf42dbb6c5362e3946cf,deepseek_r1_llama_8b,R0_BASE,T0_OFF,0,0
cfb04482600daf42dbb6c5362e3946cf,deepseek_r1_llama_8b,R0_BASE,T1_SILENT_CHECK,0,0
cfb04482600daf42dbb6c5362e3946cf,deepseek_r1_llama_8b,R1_METADATA_NEUTRAL,T0_OFF,0,0
cfb04482600daf42dbb6c5362e3946cf,deepseek_r1_llama_8b,R1_METADATA_NEUTRAL,T1_SILENT_CHECK,0,0
cfb04482600daf42dbb6c5362e3946cf,deepseek_r1_llama_8b,R2_NO_INFORMATION,T0_OFF,0,0
cfb04482600daf42dbb6c5362e3946cf,deepseek_r1_llama_8b,R2_NO_INFORMATION,T1_SILENT_CHECK,0,0
cfb04482600daf42dbb6c5362e3946cf,deepseek_r1_llama_8b,R3_IRRELEVANT_CONTEXT,T0_OFF,0,0
cfb04482600daf42dbb6c5362e3946cf,deepseek_r1_llama_8b,R3_IRRELEVANT_CONTEXT,T1_SILENT_CHECK,0,0
cfb04482600daf42dbb6c5362e3946cf,llama31_8b_it,R0_BASE,T0_OFF,0,0
cfb04482600daf42dbb6c5362e3946cf,llama31_8b_it,R0_BASE,T1_SILENT_CHECK,0,0
cfb04482600daf42dbb6c5362e3946cf,llama31_8b_it,R1_METADATA_NEUTRAL,T0_OFF,0,0
cfb04482600daf42dbb6c5362e3946cf,llama31_8b_it,R1_METADATA_NEUTRAL,T1_SILENT_CHECK,0,0
cfb04482600daf42dbb6c5362e3946cf,llama31_8b_it,R2_NO_INFORMATION,T0_OFF,0,0
cfb04482600daf42dbb6c5362e3946cf,llama31_8b_it,R2_NO_INFORMATION,T1_SILENT_CHECK,0,0
cfb04482600daf42dbb6c5362e3946cf,llama31_8b_it,R3_IRRELEVANT_CONTEXT,T0_OFF,0,0
cfb04482600daf42dbb6c5362e3946cf,llama31_8b_it,R3_IRRELEVANT_CONTEXT,T1_SILENT_CHECK,0,0
093e03465e0252489dbb5e40ac0023de,deepseek_r1_llama_8b,R0_BASE,T0_OFF,1,1
093e03465e0252489dbb5e40ac0023de,deepseek_r1_llama_8b,R0_BASE,T1_SILENT_CHECK,1,1
093e03465e0252489dbb5e40ac0023de,deepseek_r1_llama_8b,R1_METADATA_NEUTRAL,T0_OFF,1,1
093e03465e0252489dbb5e40ac0023de,deepseek_r1_llama_8b,R1_METADATA_NEUTRAL,T1_SILENT_CHECK,1,1
093e03465e0252489dbb5e40ac0023de,deepseek_r1_llama_8b,R2_NO_INFORMATION,T0_OFF,1,1
093e03465e0252489dbb5e40ac0023de,deepseek_r1_llama_8b,R2_NO_INFORMATION,T1_SILENT_CHECK,1,0
093e03465e0252489dbb5e40ac0023de,deepseek_r1_llama_8b,R3_IRRELEVANT_CONTEXT,T0_OFF,1,1
093e03465e0252489dbb5e40ac0023de,deepseek_r1_llama_8b,R3_IRRELEVANT_CONTEXT,T1_SILENT_CHECK,1,1
093e03465e0252489dbb5e40ac0023de,llama31_8b_it,R0_BASE,T0_OFF,0,0
093e03465e0252489dbb5e40ac0023de,llama31_8b_it,R0_BASE,T1_SILENT_CHECK,1,0
093e03465e0252489dbb5e40ac0023de,llama31_8b_it,R1_METADATA_NEUTRAL,T0_OFF,0,0
093e03465e0252489dbb5e40ac0023de,llama31_8b_it,R1_METADATA_NEUTRAL,T1_SILENT_CHECK,0,0
093e03465e0252489dbb5e40ac0023de,llama31_8b_it,R2_NO_INFORMATION,T0_OFF,0,0
093e03465e0252489dbb5e40ac0023de,llama31_8b_it,R2_NO_INFORMATION,T1_SILENT_CHECK,0,0
093e03465e0252489dbb5e40ac0023de,llama31_8b_it,R3_IRRELEVANT_CONTEXT,T0_OFF,0,0
093e03465e0252489dbb5e40ac0023de,llama31_8b_it,R3_IRRELEVANT_CONTEXT,T1_SILENT_CHECK,0,0
1581c791cdf3fa8251b3da8476ece287,deepseek_r1_llama_8b,R0_BASE,T0_OFF,0,1
1581c791cdf3fa8251b3da8476ece287,deepseek_r1_llama_8b,R0_BASE,T1_SILENT_CHECK,1,1
1581c791cdf3fa8251b3da8476ece287,deepseek_r1_llama_8b,R1_METADATA_NEUTRAL,T0_OFF,1,1
1581c791cdf3fa8251b3da8476ece287,deepseek_r1_llama_8b,R1_METADATA_NEUTRAL,T1_SILENT_CHECK,1,0
1581c791cdf3fa8251b3da8476ece287,deepseek_r1_llama_8b,R2_NO_INFORMATION,T0_OFF,1,1
1581c791cdf3fa8251b3da8476ece287,deepseek_r1_llama_8b,R2_NO_INFORMATION,T1_SILENT_CHECK,1,1
1581c791cdf3fa8251b3da8476ece287,deepseek_r1_llama_8b,R3_IRRELEVANT_CONTEXT,T0_OFF,1,1
1581c791cdf3fa8251b3da8476ece287,deepseek_r1_llama_8b,R3_IRRELEVANT_CONTEXT,T1_SILENT_CHECK,1,1
1581c791cdf3fa8251b3da8476ece287,llama31_8b_it,R0_BASE,T0_OFF,1,1
1581c791cdf3fa8251b3da8476ece287,llama31_8b_it,R0_BASE,T1_SILENT_CHECK,0,1
1581c791cdf3fa8251b3da8476ece287,llama31_8b_it,R1_METADATA_NEUTRAL,T0_OFF,0,1
1581c791cdf3fa8251b3da8476ece287,llama31_8b_it,R1_METADATA_NEUTRAL,T1_SILENT_CHECK,0,0
1581c791cdf3fa8251b3da8476ece287,llama31_8b_it,R2_NO_INFORMATION,T0_OFF,0,0
1581c791cdf3fa8251b3da8476ece287,llama31_8b_it,R2_NO_INFORMATION,T1_SILENT_CHECK,0,1
1581c791cdf3fa8251b3da8476ece287,llama31_8b_it,R3_IRRELEVANT_CONTEXT,T0_OFF,0,1
1581c791cdf3fa8251b3da8476ece287,llama31_8b_it,R3_IRRELEVANT_CONTEXT,T1_SILENT_CHECK,0,0
4a5ff9fae11beb95f65cd8c07a69d76c,deepseek_r1_llama_8b,R0_BASE,T0_OFF,1,1
4a5ff9fae11beb95f65cd8c07a69d76c,deepseek_r1_llama_8b,R0_BASE,T1_SILENT_CHECK,1,1
4a5ff9fae11beb95f65cd8c07a69d76c,deepseek_r1_llama_8b,R1_METADATA_NEUTRAL,T0_OFF,1,0
4a5ff9fae11beb95f65cd8c07a69d76c,deepseek_r1_llama_8b,R1_METADATA_NEUTRAL,T1_SILENT_CHECK,1,1
4a5ff9fae11beb95f65cd8c07a69d76c,deepseek_r1_llama_8b,R2_NO_INFORMATION,T0_OFF,1,0
4a5ff9fae11beb95f65cd8c07a69d76c,deepseek_r1_llama_8b,R2_NO_INFORMATION,T1_SILENT_CHECK,1,1
4a5ff9fae11beb95f65cd8c07a69d76c,deepseek_r1_llama_8b,R3_IRRELEVANT_CONTEXT,T0_OFF,1,1
4a5ff9fae11beb95f65cd8c07a69d76c,deepseek_r1_llama_8b,R3_IRRELEVANT_CONTEXT,T1_SILENT_CHECK,1,0
4a5ff9fae11beb95f65cd8c07a69d76c,llama31_8b_it,R0_BASE,T0_OFF,0,0
4a5ff9fae11beb95f65cd8c07a69d76c,llama31_8b_it,R0_BASE,T1_SILENT_CHECK,0,0
4a5ff9fae11beb95f65cd8c07a69d76c,llama31_8b_it,R1_METADATA_NEUTRAL,T0_OFF,0,0
4a5ff9fae11beb95f65cd8c07a69d76c,llama31_8b_it,R1_METADATA_NEUTRAL,T1_SILENT_CHECK,0,0
4a5ff9fae11beb95f65cd8c07a69d76c,llama31_8b_it,R2_NO_INFORMATION,T0_OFF,0,0
4a5ff9fae11beb95f65cd8c07a69d76c,llama31_8b_it,R2_NO_INFORMATION,T1_SILENT_CHECK,0,0
4a5ff9fae11beb95f65cd8c07a69d76c,llama31_8b_it,R3_IRRELEVANT_CONTEXT,T0_OFF,0,0
4a5ff9fae11beb95f65cd8c07a69d76c,llama31_8b_it,R3_IRRELEVANT_CONTEXT,T1_SILENT_CHECK,0,0
1062bedba5da1d62c255a688c238ea7b,deepseek_r1_llama_8b,R0_BASE,T0_OFF,0,0
1062bedba5da1d62c255a688c238ea7b,deepseek_r1_llama_8b,R0_BASE,T1_SILENT_CHECK,0,0
1062bedba5da1d62c255a688c238ea7b,deepseek_r1_llama_8b,R1_METADATA_NEUTRAL,T0_OFF,0,0
1062bedba5da1d62c255a688c238ea7b,deepseek_r1_llama_8b,R1_METADATA_NEUTRAL,T1_SILENT_CHECK,0,0
1062bedba5da1d62c255a688c238ea7b,deepseek_r1_llama_8b,R2_NO_INFORMATION,T0_OFF,0,0
1062bedba5da1d62c255a688c238ea7b,deepseek_r1_llama_8b,R2_NO_INFORMATION,T1_SILENT_CHECK,0,0
1062bedba5da1d62c255a688c238ea7b,deepseek_r1_llama_8b,R3_IRRELEVANT_CONTEXT,T0_OFF,0,1
1062bedba5da1d62c255a688c238ea7b,deepseek_r1_llama_8b,R3_IRRELEVANT_CONTEXT,T1_SILENT_CHECK,0,0
1062bedba5da1d62c255a688c238ea7b,llama31_8b_it,R0_BASE,T0_OFF,0,0
1062bedba5da1d62c255a688c238ea7b,llama31_8b_it,R0_BASE,T1_SILENT_CHECK,1,1
1062bedba5da1d62c255a688c238ea7b,llama31_8b_it,R1_METADATA_NEUTRAL,T0_OFF,0,0
1062bedba5da1d62c255a688c238ea7b,llama31_8b_it,R1_METADATA_NEUTRAL,T1_SILENT_CHECK,1,0
1062bedba5da1d62c255a688c238ea7b,llama31_8b_it,R2_NO_INFORMATION,T0_OFF,0,0
1062bedba5da1d62c255a688c238ea7b,llama31_8b_it,R2_NO_INFORMATION,T1_SILENT_CHECK,0,1
1062bedba5da1d62c255a688c238ea7b,llama31_8b_it,R3_IRRELEVANT_CONTEXT,T0_OFF,0,1
1062bedba5da1d62c255a688c238ea7b,llama31_8b_it,R3_IRRELEVANT_CONTEXT,T1_SILENT_CHECK,1,1
7acbf90c8917f0b5a6189c676bb4759c,deepseek_r1_llama_8b,R0_BASE,T0_OFF,0,1
7acbf90c8917f0b5a6189c676bb4759c,deepseek_r1_llama_8b,R0_BASE,T1_SILENT_CHECK,1,1
7acbf90c8917f0b5a6189c676bb4759c,deepseek_r1_llama_8b,R1_METADATA_NEUTRAL,T0_OFF,1,1
7acbf90c8917f0b5a6189c676bb4759c,deepseek_r1_llama_8b,R1_METADATA_NEUTRAL,T1_SILENT_CHECK,1,1
7acbf90c8917f0b5a6189c676bb4759c,deepseek_r1_llama_8b,R2_NO_INFORMATION,T0_OFF,1,1
7acbf90c8917f0b5a6189c676bb4759c,deepseek_r1_llama_8b,R2_NO_INFORMATION,T1_SILENT_CHECK,0,1
7acbf90c8917f0b5a6189c676bb4759c,deepseek_r1_llama_8b,R3_IRRELEVANT_CONTEXT,T0_OFF,1,1
7acbf90c8917f0b5a6189c676bb4759c,deepseek_r1_llama_8b,R3_IRRELEVANT_CONTEXT,T1_SILENT_CHECK,1,1
7acbf90c8917f0b5a6189c676bb4759c,llama31_8b_it,R0_BASE,T0_OFF,1,1
7acbf90c8917f0b5a6189c676bb4759c,llama31_8b_it,R0_BASE,T1_SILENT_CHECK,1,1
7acbf90c8917f0b5a6189c676bb4759c,llama31_8b_it,R1_METADATA_NEUTRAL,T0_OFF,1,1
7acbf90c8917f0b5a6189c676bb4759c,llama31_8b_it,R1_METADATA_NEUTRAL,T1_SILENT_CHECK,1,1
7acbf90c8917f0b5a6189c676bb4759c,llama31_8b_it,R2_NO_INFORMATION,T0_OFF,1,1
7acbf90c8917f0b5a6189c676bb4759c,llama31_8b_it,R2_NO_INFORMATION,T1_SILENT_CHECK,1,1
7acbf90c8917f0b5a6189c676bb4759c,llama31_8b_it,R3_IRRELEVANT_CONTEXT,T0_OFF,1,1
7acbf90c8917f0b5a6189c676bb4759c,llama31_8b_it,R3_IRRELEVANT_CONTEXT,T1_SILENT_CHECK,1,1
6153fb21398be0f4dfcb713940ccb61e,deepseek_r1_llama_8b,R0_BASE,T0_OFF,1,1
6153fb21398be0f4dfcb713940ccb61e,deepseek_r1_llama_8b,R0_BASE,T1_SILENT_CHECK,1,0
6153fb21398be0f4dfcb713940ccb61e,deepseek_r1_llama_8b,R1_METADATA_NEUTRAL,T0_OFF,0,0
6153fb21398be0f4dfcb713940ccb61e,deepseek_r1_llama_8b,R1_METADATA_NEUTRAL,T1_SILENT_CHECK,0,0
6153fb21398be0f4dfcb713940ccb61e,deepseek_r1_llama_8b,R2_NO_INFORMATION,T0_OFF,1,1
6153fb21398be0f4dfcb713940ccb61e,deepseek_r1_llama_8b,R2_NO_INFORMATION,T1_SILENT_CHECK,1,0
6153fb21398be0f4dfcb713940ccb61e,deepseek_r1_llama_8b,R3_IRRELEVANT_CONTEXT,T0_OFF,1,0
6153fb21398be0f4dfcb713940ccb61e,deepseek_r1_llama_8b,R3_IRRELEVANT_CONTEXT,T1_SILENT_CHECK,1,1
6153fb21398be0f4dfcb713940ccb61e,llama31_8b_it,R0_BASE,T0_OFF,0,0
6153fb21398be0f4dfcb713940ccb61e,llama31_8b_it,R0_BASE,T1_SILENT_CHECK,0,0
6153fb21398be0f4dfcb713940ccb61e,llama31_8b_it,R1_METADATA_NEUTRAL,T0_OFF,0,0
6153fb21398be0f4dfcb713940ccb61e,llama31_8b_it,R1_METADATA_NEUTRAL,T1_SILENT_CHECK,0,0
6153fb21398be0f4dfcb713940ccb61e,llama31_8b_it,R2_NO_INFORMATION,T0_OFF,0,0
6153fb21398be0f4dfcb713940ccb61e,llama31_8b_it,R2_NO_INFORMATION,T1_SILENT_CHECK,0,0
6153fb21398be0f4dfcb713940ccb61e,llama31_8b_it,R3_IRRELEVANT_CONTEXT,T0_OFF,0,0
6153fb21398be0f4dfcb713940ccb61e,llama31_8b_it,R3_IRRELEVANT_CONTEXT,T1_SILENT_CHECK,0,0
972014f3fa1d16fa802ecfc08028db04,deepseek_r1_llama_8b,R0_BASE,T0_OFF,0,1
972014f3fa1d16fa802ecfc08028db04,deepseek_r1_llama_8b,R0_BASE,T1_SILENT_CHECK,1,0
972014f3fa1d16fa802ecfc08028db04,deepseek_r1_llama_8b,R1_METADATA_NEUTRAL,T0_OFF,1,0
972014f3fa1d16fa802ecfc08028db04,deepseek_r1_llama_8b,R1_METADATA_NEUTRAL,T1_SILENT_CHECK,1,1
972014f3fa1d16fa802ecfc08028db04,deepseek_r1_llama_8b,R2_NO_INFORMATION,T0_OFF,0,0
972014f3fa1d16fa802ecfc08028db04,deepseek_r1_llama_8b,R2_NO_INFORMATION,T1_SILENT_CHECK,1,1
972014f3fa1d16fa802ecfc08028db04,deepseek_r1_llama_8b,R3_IRRELEVANT_CONTEXT,T0_OFF,1,0
972014f3fa1d16fa802ecfc08028db04,deepseek_r1_llama_8b,R3_IRRELEVANT_CONTEXT,T1_SILENT_CHECK,0,1
972014f3fa1d16fa802ecfc08028db04,llama31_8b_it,R0_BASE,T0_OFF,0,0
972014f3fa1d16fa802ecfc08028db04,llama31_8b_it,R0_BASE,T1_SILENT_CHECK,0,0
972014f3fa1d16fa802ecfc08028db04,llama31_8b_it,R1_METADATA_NEUTRAL,T0_OFF,0,1
972014f3fa1d16fa802ecfc08028db04,llama31_8b_it,R1_METADATA_NEUTRAL,T1_SILENT_CHECK,0,0
972014f3fa1d16fa802ecfc08028db04,llama31_8b_it,R2_NO_INFORMATION,T0_OFF,1,0
972014f3fa1d16fa802ecfc08028db04,llama31_8b_it,R2_NO_INFORMATION,T1_SILENT_CHECK,0,0
972014f3fa1d16fa802ecfc08028db04,llama31_8b_it,R3_IRRELEVANT_CONTEXT,T0_OFF,0,0
972014f3fa1d16fa802ecfc08028db04,llama31_8b_it,R3_IRRELEVANT_CONTEXT,T1_SILENT_CHECK,0,0
c49b217e7fa8a97aea22bc2896ea0c32,deepseek_r1_llama_8b,R0_BASE,T0_OFF,0,0
c49b217e7fa8a97aea22bc2896ea0c32,deepseek_r1_llama_8b,R0_BASE,T1_SILENT_CHECK,0,0
c49b217e7fa8a97aea22bc2896ea0c32,deepseek_r1_llama_8b,R1_METADATA_NEUTRAL,T0_OFF,1,0
c49b217e7fa8a97aea22bc2896ea0c32,deepseek_r1_llama_8b,R1_METADATA_NEUTRAL,T1_SILENT_CHECK,1,0
c49b217e7fa8a97aea22bc2896ea0c32,deepseek_r1_llama_8b,R2_NO_INFORMATION,T0_OFF,0,0
c49b217e7fa8a97aea22bc2896ea0c32,deepseek_r1_llama_8b,R2_NO_INFORMATION,T1_SILENT_CHECK,0,1
c49b217e7fa8a97aea22bc2896ea0c32,deepseek_r1_llama_8b,R3_IRRELEVANT_CONTEXT,T0_OFF,1,1
c49b217e7fa8a97aea22bc2896ea0c32,deepseek_r1_llama_8b,R3_IRRELEVANT_CONTEXT,T1_SILENT_CHECK,0,0
c49b217e7fa8a97aea22bc2896ea0c32,llama31_8b_it,R0_BASE,T0_OFF,0,1
c49b217e7fa8a97aea22bc2896ea0c32,llama31_8b_it,R0_BASE,T1_SILENT_CHECK,0,0
c49b217e7fa8a97aea22bc2896ea0c32,llama31_8b_it,R1_METADATA_NEUTRAL,T0_OFF,0,0
c49b217e7fa8a97aea22bc2896ea0c32,llama31_8b_it,R1_METADATA_NEUTRAL,T1_SILENT_CHECK,0,0
c49b217e7fa8a97aea22bc2896ea0c32,llama31_8b_it,R2_NO_INFORMATION,T0_OFF,0,0
c49b217e7fa8a97aea22bc2896ea0c32,llama31_8b_it,R2_NO_INFORMATION,T1_SILENT_CHECK,0,0
c49b217e7fa8a97aea22bc2896ea0c32,llama31_8b_it,R3_IRRELEVANT_CONTEXT,T0_OFF,0,0
c49b217e7fa8a97aea22bc2896ea0c32,llama31_8b_it,R3_IRRELEVANT_CONTEXT,T1_SILENT_CHECK,0,0
fa2823cd135735b217c06ea745bc792f,deepseek_r1_llama_8b,R0_BASE,T0_OFF,0,1
fa2823cd135735b217c06ea745bc792f,deepseek_r1_llama_8b,R0_BASE,T1_SILENT_CHECK,0,1
fa2823cd135735b217c06ea745bc792f,deepseek_r1_llama_8b,R1_METADATA_NEUTRAL,T0_OFF,0,0
fa2823cd135735b217c06ea745bc792f,deepseek_r1_llama_8b,R1_METADATA_NEUTRAL,T1_SILENT_CHECK,0,1
fa2823cd135735b217c06ea745bc792f,deepseek_r1_llama_8b,R2_NO_INFORMATION,T0_OFF,1,1
fa2823cd135735b217c06ea745bc792f,deepseek_r1_llama_8b,R2_NO_INFORMATION,T1_SILENT_CHECK,1,1
fa2823cd135735b217c06ea745bc792f,deepseek_r1_llama_8b,R3_IRRELEVANT_CONTEXT,T0_OFF,1,1
fa2823cd135735b217c06ea745bc792f,deepseek_r1_llama_8b,R3_IRRELEVANT_CONTEXT,T1_SILENT_CHECK,1,1
fa2823cd135735b217c06ea745bc792f,llama31_8b_it,R0_BASE,T0_OFF,1,0
fa2823cd135735b217c06ea745bc792f,llama31_8b_it,R0_BASE,T1_SILENT_CHECK,1,0
fa2823cd135735b217c06ea745bc792f,llama31_8b_it,R1_METADATA_NEUTRAL,T0_OFF,1,0
fa2823cd135735b217c06ea745bc792f,llama31_8b_it,R1_METADATA_NEUTRAL,T1_SILENT_CHECK,1,1
fa2823cd135735b217c06ea745bc792f,llama31_8b_it,R2_NO_INFORMATION,T0_OFF,1,1
fa2823cd135735b217c06ea745bc792f,llama31_8b_it,R2_NO_INFORMATION,T1_SILENT_CHECK,1,1
fa2823cd135735b217c06ea745bc792f,llama31_8b_it,R3_IRRELEVANT_CONTEXT,T0_OFF,1,1
fa2823cd135735b217c06ea745bc792f,llama31_8b_it,R3_IRRELEVANT_CONTEXT,T1_SILENT_CHECK,1,1
5f96c6d72533c3aafd9c36bb9ce1f913,deepseek_r1_llama_8b,R0_BASE,T0_OFF,1,1
5f96c6d72533c3aafd9c36bb9ce1f913,deepseek_r1_llama_8b,R0_BASE,T1_SILENT_CHECK,1,1
5f96c6d72533c3aafd9c36bb9ce1f913,deepseek_r1_llama_8b,R1_METADATA_NEUTRAL,T0_OFF,1,1
5f96c6d72533c3aafd9c36bb9ce1f913,deepseek_r1_llama_8b,R1_METADATA_NEUTRAL,T1_SILENT_CHECK,1,1
5f96c6d72533c3aafd9c36bb9ce1f913,deepseek_r1_llama_8b,R2_NO_INFORMATION,T0_OFF,1,1
5f96c6d72533c3aafd9c36bb9ce1f913,deepseek_r1_llama_8b,R2_NO_INFORMATION,T1_SILENT_CHECK,1,1
5f96c6d72533c3aafd9c36bb9ce1f913,deepseek_r1_llama_8b,R3_IRRELEVANT_CONTEXT,T0_OFF,1,1
5f96c6d72533c3aafd9c36bb9ce1f913,deepseek_r1_llama_8b,R3_IRRELEVANT_CONTEXT,T1_SILENT_CHECK,1,0
5f96c6d72533c3aafd9c36bb9ce1f913,llama31_8b_it,R0_BASE,T0_OFF,1,0
5f96c6d72533c3aafd9c36bb9ce1f913,llama31_8b_it,R0_BASE,T1_SILENT_CHECK,0,1
5f96c6d72533c3aafd9c36bb9ce1f913,llama31_8b_it,R1_METADATA_NEUTRAL,T0_OFF,0,0
5f96c6d72533c3aafd9c36bb9ce1f913,llama31_8b_it,R1_METADATA_NEUTRAL,T1_SILENT_CHECK,0,0
5f96c6d72533c3aafd9c36bb9ce1f913,llama31_8b_it,R2_NO_INFORMATION,T0_OFF,1,1
5f96c6d72533c3aafd9c36bb9ce1f913,llama31_8b_it,R2_NO_INFORMATION,T1_SILENT_CHECK,1,0
5f96c6d72533c3aafd9c36bb9ce1f913,llama31_8b_it,R3_IRRELEVANT_CONTEXT,T0_OFF,0,0
5f96c6d72533c3aafd9c36bb9ce1f913,llama31_8b_it,R3_IRRELEVANT_CONTEXT,T1_SILENT_CHECK,0,0
579de5a44b44ab6e591ceca9ce5a0585,deepseek_r1_llama_8b,R0_BASE,T0_OFF,0,0
579de5a44b44ab6e591ceca9ce5a0585,deepseek_r1_llama_8b,R0_BASE,T1_SILENT_CHECK,0,0
579de5a44b44ab6e591ceca9ce5a0585,deepseek_r1_llama_8b,R1_METADATA_NEUTRAL,T0_OFF,0,0
579de5a44b44ab6e591ceca9ce5a0585,deepseek_r1_llama_8b,R1_METADATA_NEUTRAL,T1_SILENT_CHECK,0,0
579de5a44b44ab6e591ceca9ce5a0585,deepseek_r1_llama_8b,R2_NO_INFORMATION,T0_OFF,0,0
579de5a44b44ab6e591ceca9ce5a0585,deepseek_r1_llama_8b,R2_NO_INFORMATION,T1_SILENT_CHECK,0,0
579de5a44b44ab6e591ceca9ce5a0585,deepseek_r1_llama_8b,R3_IRRELEVANT_CONTEXT,T0_OFF,0,0
579de5a44b44ab6e591ceca9ce5a0585,deepseek_r1_llama_8b,R3_IRRELEVANT_CONTEXT,T1_SILENT_CHECK,0,0
579de5a44b44ab6e591ceca9ce5a0585,llama31_8b_it,R0_BASE,T0_OFF,0,0
579de5a44b44ab6e591ceca9ce5a0585,llama31_8b_it,R0_BASE,T1_SILENT_CHECK,0,0
579de5a44b44ab6e591ceca9ce5a0585,llama31_8b_it,R1_METADATA_NEUTRAL,T0_OFF,0,0
579de5a44b44ab6e591ceca9ce5a0585,llama31_8b_it,R1_METADATA_NEUTRAL,T1_SILENT_CHECK,0,0
579de5a44b44ab6e591ceca9ce5a0585,llama31_8b_it,R2_NO_INFORMATION,T0_OFF,0,0
579de5a44b44ab6e591ceca9ce5a0585,llama31_8b_it,R2_NO_INFORMATION,T1_SILENT_CHECK,0,0
579de5a44b44ab6e591ceca9ce5a0585,llama31_8b_it,R3_IRRELEVANT_CONTEXT,T0_OFF,0,0
579de5a44b44ab6e591ceca9ce5a0585,llama31_8b_it,R3_IRRELEVANT_CONTEXT,T1_SILENT_CHECK,0,0
08bc918c798a8ed7b75816d051b3d21d,deepseek_r1_llama_8b,R0_BASE,T0_OFF,1,1
08bc918c798a8ed7b75816d051b3d21d,deepseek_r1_llama_8b,R0_BASE,T1_SILENT_CHECK,1,0
08bc918c798a8ed7b75816d051b3d21d,deepseek_r1_llama_8b,R1_METADATA_NEUTRAL,T0_OFF,1,1
08bc918c798a8ed7b75816d051b3d21d,deepseek_r1_llama_8b,R1_METADATA_NEUTRAL,T1_SILENT_CHECK,0,0
08bc918c798a8ed7b75816d051b3d21d,deepseek_r1_llama_8b,R2_NO_INFORMATION,T0_OFF,1,0
08bc918c798a8ed7b75816d051b3d21d,deepseek_r1_llama_8b,R2_NO_INFORMATION,T1_SILENT_CHECK,0,1
08bc918c798a8ed7b75816d051b3d21d,deepseek_r1_llama_8b,R3_IRRELEVANT_CONTEXT,T0_OFF,0,1
08bc918c798a8ed7b75816d051b3d21d,deepseek_r1_llama_8b,R3_IRRELEVANT_CONTEXT,T1_SILENT_CHECK,1,1
08bc918c798a8ed7b75816d051b3d21d,llama31_8b_it,R0_BASE,T0_OFF,1,1
08bc918c798a8ed7b75816d051b3d21d,llama31_8b_it,R0_BASE,T1_SILENT_CHECK,0,0
08bc918c798a8ed7b75816d051b3d21d,llama31_8b_it,R1_METADATA_NEUTRAL,T0_OFF,1,0
08bc918c798a8ed7b75816d051b3d21d,llama31_8b_it,R1_METADATA_NEUTRAL,T1_SILENT_CHECK,1,1
08bc918c798a8ed7b75816d051b3d21d,llama31_8b_it,R2_NO_INFORMATION,T0_OFF,1,0
08bc918c798a8ed7b75816d051b3d21d,llama31_8b_it,R2_NO_INFORMATION,T1_SILENT_CHECK,1,1
08bc918c798a8ed7b75816d051b3d21d,llama31_8b_it,R3_IRRELEVANT_CONTEXT,T0_OFF,0,1
08bc918c798a8ed7b75816d051b3d21d,llama31_8b_it,R3_IRRELEVANT_CONTEXT,T1_SILENT_CHECK,0,0
5ad225bad92594bc1b2b897fb59871e5,deepseek_r1_llama_8b,R0_BASE,T0_OFF,0,0
5ad225bad92594bc1b2b897fb59871e5,deepseek_r1_llama_8b,R0_BASE,T1_SILENT_CHECK,0,1
5ad225bad92594bc1b2b897fb59871e5,deepseek_r1_llama_8b,R1_METADATA_NEUTRAL,T0_OFF,1,1
5ad225bad92594bc1b2b897fb59871e5,deepseek_r1_llama_8b,R1_METADATA_NEUTRAL,T1_SILENT_CHECK,0,1
5ad225bad92594bc1b2b897fb59871e5,deepseek_r1_llama_8b,R2_NO_INFORMATION,T0_OFF,0,1
5ad225bad92594bc1b2b897fb59871e5,deepseek_r1_llama_8b,R2_NO_INFORMATION,T1_SILENT_CHECK,1,1
5ad225bad92594bc1b2b897fb59871e5,deepseek_r1_llama_8b,R3_IRRELEVANT_CONTEXT,T0_OFF,1,0
5ad225bad92594bc1b2b897fb59871e5,deepseek_r1_llama_8b,R3_IRRELEVANT_CONTEXT,T1_SILENT_CHECK,0,1
5ad225bad92594bc1b2b897fb59871e5,llama31_8b_it,R0_BASE,T0_OFF,1,1
5ad225bad92594bc1b2b897fb59871e5,llama31_8b_it,R0_BASE,T1_SILENT_CHECK,1,1
5ad225bad92594bc1b2b897fb59871e5,llama31_8b_it,R1_METADATA_NEUTRAL,T0_OFF,1,1
5ad225bad92594bc1b2b897fb59871e5,llama31_8b_it,R1_METADATA_NEUTRAL,T1_SILENT_CHECK,1,1
5ad225bad92594bc1b2b897fb59871e5,llama31_8b_it,R2_NO_INFORMATION,T0_OFF,1,1
5ad225bad92594bc1b2b897fb59871e5,llama31_8b_it,R2_NO_INFORMATION,T1_SILENT_CHECK,1,1
5ad225bad92594bc1b2b897fb59871e5,llama31_8b_it,R3_IRRELEVANT_CONTEXT,T0_OFF,1,1
5ad225bad92594bc1b2b897fb59871e5,llama31_8b_it,R3_IRRELEVANT_CONTEXT,T1_SILENT_CHECK,1,1
990d637df14753b842cd460f7ef71e94,deepseek_r1_llama_8b,R0_BASE,T0_OFF,1,1
990d637df14753b842cd460f7ef71e94,deepseek_r1_llama_8b,R0_BASE,T1_SILENT_CHECK,1,1
990d637df14753b842cd460f7ef71e94,deepseek_r1_llama_8b,R1_METADATA_NEUTRAL,T0_OFF,0,1
990d637df14753b842cd460f7ef71e94,deepseek_r1_llama_8b,R1_METADATA_NEUTRAL,T1_SILENT_CHECK,0,1
990d637df14753b842cd460f7ef71e94,deepseek_r1_llama_8b,R2_NO_INFORMATION,T0_OFF,1,0
990d637df14753b842cd460f7ef71e94,deepseek_r1_llama_8b,R2_NO_INFORMATION,T1_SILENT_CHECK,1,1
990d637df14753b842cd460f7ef71e94,deepseek_r1_llama_8b,R3_IRRELEVANT_CONTEXT,T0_OFF,1,1
990d637df14753b842cd460f7ef71e94,deepseek_r1_llama_8b,R3_IRRELEVANT_CONTEXT,T1_SILENT_CHECK,1,1
990d637df14753b842cd460f7ef71e94,llama31_8b_it,R0_BASE,T0_OFF,1,1
990d637df14753b842cd460f7ef71e94,llama31_8b_it,R0_BASE,T1_SILENT_CHECK,1,1
990d637df14753b842cd460f7ef71e94,llama31_8b_it,R1_METADATA_NEUTRAL,T0_OFF,1,1
990d637df14753b842cd460f7ef71e94,llama31_8b_it,R1_METADATA_NEUTRAL,T1_SILENT_CHECK,1,1
990d637df14753b842cd460f7ef71e94,llama31_8b_it,R2_NO_INFORMATION,T0_OFF,1,1
990d637df14753b842cd460f7ef71e94,llama31_8b_it,R2_NO_INFORMATION,T1_SILENT_CHECK,1,1
990d637df14753b842cd460f7ef71e94,llama31_8b_it,R3_IRRELEVANT_CONTEXT,T0_OFF,1,1
990d637df14753b842cd460f7ef71e94,llama31_8b_it,R3_IRRELEVANT_CONTEXT,T1_SILENT_CHECK,1,1
fa11ef284a28d7d2e024d84b62ece34b,deepseek_r1_llama_8b,R0_BASE,T0_OFF,1,0
fa11ef284a28d7d2e024d84b62ece34b,deepseek_r1_llama_8b,R0_BASE,T1_SILENT_CHECK,0,0
fa11ef284a28d7d2e024d84b62ece34b,deepseek_r1_llama_8b,R1_METADATA_NEUTRAL,T0_OFF,1,0
fa11ef284a28d7d2e024d84b62ece34b,deepseek_r1_llama_8b,R1_METADATA_NEUTRAL,T1_SILENT_CHECK,1,1
fa11ef284a28d7d2e024d84b62ece34b,deepseek_r1_llama_8b,R2_NO_INFORMATION,T0_OFF,1,0
fa11ef284a28d7d2e024d84b62ece34b,deepseek_r1_llama_8b,R2_NO_INFORMATION,T1_SILENT_CHECK,1,1
fa11ef284a28d7d2e024d84b62ece34b,deepseek_r1_llama_8b,R3_IRRELEVANT_CONTEXT,T0_OFF,1,1
fa11ef284a28d7d2e024d84b62ece34b,deepseek_r1_llama_8b,R3_IRRELEVANT_CONTEXT,T1_SILENT_CHECK,1,1
fa11ef284a28d7d2e024d84b62ece34b,llama31_8b_it,R0_BASE,T0_OFF,0,0
fa11ef284a28d7d2e024d84b62ece34b,llama31_8b_it,R0_BASE,T1_SILENT_CHECK,0,0
fa11ef284a28d7d2e024d84b62ece34b,llama31_8b_it,R1_METADATA_NEUTRAL,T0_OFF,0,0
fa11ef284a28d7d2e024d84b62ece34b,llama31_8b_it,R1_METADATA_NEUTRAL,T1_SILENT_CHECK,0,1
fa11ef284a28d7d2e024d84b62ece34b,llama31_8b_it,R2_NO_INFORMATION,T0_OFF,0,0
fa11ef284a28d7d2e024d84b62ece34b,llama31_8b_it,R2_NO_INFORMATION,T1_SILENT_CHECK,0,0
fa11ef284a28d7d2e024d84b62ece34b,llama31_8b_it,R3_IRRELEVANT_CONTEXT,T0_OFF,0,1
fa11ef284a28d7d2e024d84b62ece34b,llama31_8b_it,R3_IRRELEVANT_CONTEXT,T1_SILENT_CHECK,0,1
3207e02cefdefea97bdfb3e9643c3633,deepseek_r1_llama_8b,R0_BASE,T0_OFF,0,0
3207e02cefdefea97bdfb3e9643c3633,deepseek_r1_llama_8b,R0_BASE,T1_SILENT_CHECK,0,0
3207e02cefdefea97bdfb3e9643c3633,deepseek_r1_llama_8b,R1_METADATA_NEUTRAL,T0_OFF,0,0
3207e02cefdefea97bdfb3e9643c3633,deepseek_r1_llama_8b,R1_METADATA_NEUTRAL,T1_SILENT_CHECK,0,0
3207e02cefdefea97bdfb3e9643c3633,deepseek_r1_llama_8b,R2_NO_INFORMATION,T0_OFF,0,0
3207e02cefdefea97bdfb3e9643c3633,deepseek_r1_llama_8b,R2_NO_INFORMATION,T1_SILENT_CHECK,0,0
3207e02cefdefea97bdfb3e9643c3633,deepseek_r1_llama_8b,R3_IRRELEVANT_CONTEXT,T0_OFF,0,0
3207e02cefdefea97bdfb3e9643c3633,deepseek_r1_llama_8b,R3_IRRELEVANT_CONTEXT,T1_SILENT_CHECK,0,0
3207e02cefdefea97bdfb3e9643c3633,llama31_8b_it,R0_BASE,T0_OFF,0,0
3207e02cefdefea97bdfb3e9643c3633,llama31_8b_it,R0_BASE,T1_SILENT_CHECK,0,0
3207e02cefdefea97bdfb3e9643c3633,llama31_8b_it,R1_METADATA_NEUTRAL,T0_OFF,0,0
3207e02cefdefea97bdfb3e9643c3633,llama31_8b_it,R1_METADATA_NEUTRAL,T1_SILENT_CHECK,0,0
3207e02cefdefea97bdfb3e9643c3633,llama31_8b_it,R2_NO_INFORMATION,T0_OFF,0,0
3207e02cefdefea97bdfb3e9643c3633,llama31_8b_it,R2_NO_INFORMATION,T1_SILENT_CHECK,0,0
3207e02cefdefea97bdfb3e9643c3633,llama31_8b_it,R3_IRRELEVANT_CONTEXT,T0_OFF,0,0
3207e02cefdefea97bdfb3e9643c3633,llama31_8b_it,R3_IRRELEVANT_CONTEXT,T1_SILENT_CHECK,0,0
aa67d4daa27a3bd2a17ffc6ba75f02ad,deepseek_r1_llama_8b,R0_BASE,T0_OFF,0,0
aa67d4daa27a3bd2a17ffc6ba75f02ad,deepseek_r1_llama_8b,R0_BASE,T1_SILENT_CHECK,1,0
aa67d4daa27a3bd2a17ffc6ba75f02ad,deepseek_r1_llama_8b,R1_METADATA_NEUTRAL,T0_OFF,0,0
aa67d4daa27a3bd2a17ffc6ba75f02ad,deepseek_r1_llama_8b,R1_METADATA_NEUTRAL,T1_SILENT_CHECK,1,0
aa67d4daa27a3bd2a17ffc6ba75f02ad,deepseek_r1_llama_8b,R2_NO_INFORMATION,T0_OFF,0,0
aa67d4daa27a3bd2a17ffc6ba75f02ad,deepseek_r1_llama_8b,R2_NO_INFORMATION,T1_SILENT_CHECK,0,0
aa67d4daa27a3bd2a17ffc6ba75f02ad,deepseek_r1_llama_8b,R3_IRRELEVANT_CONTEXT,T0_OFF,0,0
aa67d4daa27a3bd2a17ffc6ba75f02ad,deepseek_r1_llama_8b,R3_IRRELEVANT_CONTEXT,T1_SILENT_CHECK,0,0
aa67d4daa27a3bd2a17ffc6ba75f02ad,llama31_8b_it,R0_BASE,T0_OFF,0,0
aa67d4daa27a3bd2a17ffc6ba75f02ad,llama31_8b_it,R0_BASE,T1_SILENT_CHECK,0,0
aa67d4daa27a3bd2a17ffc6ba75f02ad,llama31_8b_it,R1_METADATA_NEUTRAL,T0_OFF,0,1
aa67d4daa27a3bd2a17ffc6ba75f02ad,llama31_8b_it,R1_METADATA_NEUTRAL,T1_SILENT_CHECK,0,0
aa67d4daa27a3bd2a17ffc6ba75f02ad,llama31_8b_it,R2_NO_INFORMATION,T0_OFF,0,0
aa67d4daa27a3bd2a17ffc6ba75f02ad,llama31_8b_it,R2_NO_INFORMATION,T1_SILENT_CHECK,0,0
aa67d4daa27a3bd2a17ffc6ba75f02ad,llama31_8b_it,R3_IRRELEVANT_CONTEXT,T0_OFF,0,1
aa67d4daa27a3bd2a17ffc6ba75f02ad,llama31_8b_it,R3_IRRELEVANT_CONTEXT,T1_SILENT_CHECK,1,0
4faa007f0951efbb8049b28a56f3a617,deepseek_r1_llama_8b,R0_BASE,T0_OFF,1,1
4faa007f0951efbb8049b28a56f3a617,deepseek_r1_llama_8b,R0_BASE,T1_SILENT_CHECK,1,1
4faa007f0951efbb8049b28a56f3a617,deepseek_r1_llama_8b,R1_METADATA_NEUTRAL,T0_OFF,1,0
4faa007f0951efbb8049b28a56f3a617,deepseek_r1_llama_8b,R1_METADATA_NEUTRAL,T1_SILENT_CHECK,0,1
4faa007f0951efbb8049b28a56f3a617,deepseek_r1_llama_8b,R2_NO_INFORMATION,T0_OFF,1,1
4faa007f0951efbb8049b28a56f3a617,deepseek_r1_llama_8b,R2_NO_INFORMATION,T1_SILENT_CHECK,1,0
4faa007f0951efbb8049b28a56f3a617,deepseek_r1_llama_8b,R3_IRRELEVANT_CONTEXT,T0_OFF,1,1
4faa007f0951efbb8049b28a56f3a617,deepseek_r1_llama_8b,R3_IRRELEVANT_CONTEXT,T1_SILENT_CHECK,1,1
4faa007f0951efbb8049b28a56f3a617,llama31_8b_it,R0_BASE,T0_OFF,1,1
4faa007f0951efbb8049b28a56f3a617,llama31_8b_it,R0_BASE,T1_SILENT_CHECK,1,1
4faa007f0951efbb8049b28a56f3a617,llama31_8b_it,R1_METADATA_NEUTRAL,T0_OFF,1,1
4faa007f0951efbb8049b28a56f3a617,llama31_8b_it,R1_METADATA_NEUTRAL,T1_SILENT_CHECK,1,1
4faa007f0951efbb8049b28a56f3a617,llama31_8b_it,R2_NO_INFORMATION,T0_OFF,1,1
4faa007f0951efbb8049b28a56f3a617,llama31_8b_it,R2_NO_INFORMATION,T1_SILENT_CHECK,1,1
4faa007f0951efbb8049b28a56f3a617,llama31_8b_it,R3_IRRELEVANT_CONTEXT,T0_OFF,1,1
4faa007f0951efbb8049b28a56f3a617,llama31_8b_it,R3_IRRELEVANT_CONTEXT,T1_SILENT_CHECK,1,1
0d7d7eb8ff32b084a269dc4f9cd24877,deepseek_r1_llama_8b,R0_BASE,T0_OFF,0,0
0d7d7eb8ff32b084a269dc4f9cd24877,deepseek_r1_llama_8b,R0_BASE,T1_SILENT_CHECK,1,1
0d7d7eb8ff32b084a269dc4f9cd24877,deepseek_r1_llama_8b,R1_METADATA_NEUTRAL,T0_OFF,0,0
0d7d7eb8ff32b084a269dc4f9cd24877,deepseek_r1_llama_8b,R1_METADATA_NEUTRAL,T1_SILENT_CHECK,0,0
0d7d7eb8ff32b084a269dc4f9cd24877,deepseek_r1_llama_8b,R2_NO_INFORMATION,T0_OFF,1,0
0d7d7eb8ff32b084a269dc4f9cd24877,deepseek_r1_llama_8b,R2_NO_INFORMATION,T1_SILENT_CHECK,0,0
0d7d7eb8ff32b084a269dc4f9cd24877,deepseek_r1_llama_8b,R3_IRRELEVANT_CONTEXT,T0_OFF,1,0
0d7d7eb8ff32b084a269dc4f9cd24877,deepseek_r1_llama_8b,R3_IRRELEVANT_CONTEXT,T1_SILENT_CHECK,0,0
0d7d7eb8ff32b084a269dc4f9cd24877,llama31_8b_it,R0_BASE,T0_OFF,1,0
0d7d7eb8ff32b084a269dc4f9cd24877,llama31_8b_it,R0_BASE,T1_SILENT_CHECK,0,0
0d7d7eb8ff32b084a269dc4f9cd24877,llama31_8b_it,R1_METADATA_NEUTRAL,T0_OFF,1,0
0d7d7eb8ff32b084a269dc4f9cd24877,llama31_8b_it,R1_METADATA_NEUTRAL,T1_SILENT_CHECK,1,1
0d7d7eb8ff32b084a269dc4f9cd24877,llama31_8b_it,R2_NO_INFORMATION,T0_OFF,1,1
0d7d7eb8ff32b084a269dc4f9cd24877,llama31_8b_it,R2_NO_INFORMATION,T1_SILENT_CHECK,0,0
0d7d7eb8ff32b084a269dc4f9cd24877,llama31_8b_it,R3_IRRELEVANT_CONTEXT,T0_OFF,1,0
0d7d7eb8ff32b084a269dc4f9cd24877,llama31_8b_it,R3_IRRELEVANT_CONTEXT,T1_SILENT_CHECK,1,1
14b4c6f929f35adf313ff0ec0920f185,deepseek_r1_llama_8b,R0_BASE,T0_OFF,0,0
14b4c6f929f35adf313ff0ec0920f185,deepseek_r1_llama_8b,R0_BASE,T1_SILENT_CHECK,1,1
14b4c6f929f35adf313ff0ec0920f185,deepseek_r1_llama_8b,R1_METADATA_NEUTRAL,T0_OFF,0,1
14b4c6f929f35adf313ff0ec0920f185,deepseek_r1_llama_8b,R1_METADATA_NEUTRAL,T1_SILENT_CHECK,1,1
14b4c6f929f35adf313ff0ec0920f185,deepseek_r1_llama_8b,R2_NO_INFORMATION,T0_OFF,0,0
14b4c6f929f35adf313ff0ec0920f185,deepseek_r1_llama_8b,R2_NO_INFORMATION,T1_SILENT_CHECK,1,0
14b4c6f929f35adf313ff0ec0920f185,deepseek_r1_llama_8b,R3_IRRELEVANT_CONTEXT,T0_OFF,0,1
14b4c6f929f35adf313ff0ec0920f185,deepseek_r1_llama_8b,R3_IRRELEVANT_CONTEXT,T1_SILENT_CHECK,1,0
14b4c6f929f35adf313ff0ec0920f185,llama31_8b_it,R0_BASE,T0_OFF,1,0
14b4c6f929f35adf313ff0ec0920f185,llama31_8b_it,R0_BASE,T1_SILENT_CHECK,1,0
14b4c6f929f35adf313ff0ec0920f185,llama31_8b_it,R1_METADATA_NEUTRAL,T0_OFF,0,0
14b4c6f929f35adf313ff0ec0920f185,llama31_8b_it,R1_METADATA_NEUTRAL,T1_SILENT_CHECK,0,0
14b4c6f929f35adf313ff0ec0920f185,llama31_8b_it,R2_NO_INFORMATION,T0_OFF,1,0
14b4c6f929f35adf313ff0ec0920f185,llama31_8b_it,R2_NO_INFORMATION,T1_SILENT_CHECK,1,0
14b4c6f929f35adf313ff0ec0920f185,llama31_8b_it,R3_IRRELEVANT_CONTEXT,T0_OFF,1,1
14b4c6f929f35adf313ff0ec0920f185,llama31_8b_it,R3_IRRELEVANT_CONTEXT,T1_SILENT_CHECK,1,0
c719fe3d663dcdb5324d9e8df6ef4ec7,deepseek_r1_llama_8b,R0_BASE,T0_OFF,0,0
c719fe3d663dcdb5324d9e8df6ef4ec7,deepseek_r1_llama_8b,R0_BASE,T1_SILENT_CHECK,0,0
c719fe3d663dcdb5324d9e8df6ef4ec7,deepseek_r1_llama_8b,R1_METADATA_NEUTRAL,T0_OFF,0,0
c719fe3d663dcdb5324d9e8df6ef4ec7,deepseek_r1_llama_8b,R1_METADATA_NEUTRAL,T1_SILENT_CHECK,0,0
c719fe3d663dcdb5324d9e8df6ef4ec7,deepseek_r1_llama_8b,R2_NO_INFORMATION,T0_OFF,0,0
c719fe3d663dcdb5324d9e8df6ef4ec7,deepseek_r1_llama_8b,R2_NO_INFORMATION,T1_SILENT_CHECK,0,0
c719fe3d663dcdb5324d9e8df6ef4ec7,deepseek_r1_llama_8b,R3_IRRELEVANT_CONTEXT,T0_OFF,0,0
c719fe3d663dcdb5324d9e8df6ef4ec7,deepseek_r1_llama_8b,R3_IRRELEVANT_CONTEXT,T1_SILENT_CHECK,0,0
c719fe3d663dcdb5324d9e8df6ef4ec7,llama31_8b_it,R0_BASE,T0_OFF,0,1
c719fe3d663dcdb5324d9e8df6ef4ec7,llama31_8b_it,R0_BASE,T1_SILENT_CHECK,1,1
c719fe3d663dcdb5324d9e8df6ef4ec7,llama31_8b_it,R1_METADATA_NEUTRAL,T0_OFF,1,1
c719fe3d663dcdb5324d9e8df6ef4ec7,llama31_8b_it,R1_METADATA_NEUTRAL,T1_SILENT_CHECK,1,1
c719fe3d663dcdb5324d9e8df6ef4ec7,llama31_8b_it,R2_NO_INFORMATION,T0_OFF,0,1
c719fe3d663dcdb5324d9e8df6ef4ec7,llama31_8b_it,R2_NO_INFORMATION,T1_SILENT_CHECK,1,1
c719fe3d663dcdb5324d9e8df6ef4ec7,llama31_8b_it,R3_IRRELEVANT_CONTEXT,T0_OFF,1,1
c719fe3d663dcdb5324d9e8df6ef4ec7,llama31_8b_it,R3_IRRELEVANT_CONTEXT,T1_SILENT_CHECK,1,1
8cce801667550e310c01a065a27b1480,deepseek_r1_llama_8b,R0_BASE,T0_OFF,0,0
8cce801667550e310c01a065a27b1480,deepseek_r1_llama_8b,R0_BASE,T1_SILENT_CHECK,0,0
8cce801667550e310c01a065a27b1480,deepseek_r1_llama_8b,R1_METADATA_NEUTRAL,T0_OFF,0,0
8cce801667550e310c01a065a27b1480,deepseek_r1_llama_8b,R1_METADATA_NEUTRAL,T1_SILENT_CHECK,0,0
8cce801667550e310c01a065a27b1480,deepseek_r1_llama_8b,R2_NO_INFORMATION,T0_OFF,0,0
8cce801667550e310c01a065a27b1480,deepseek_r1_llama_8b,R2_NO_INFORMATION,T1_SILENT_CHECK,0,0
8cce801667550e310c01a065a27b1480,deepseek_r1_llama_8b,R3_IRRELEVANT_CONTEXT,T0_OFF,0,0
8cce801667550e310c01a065a27b1480,deepseek_r1_llama_8b,R3_IRRELEVANT_CONTEXT,T1_SILENT_CHECK,0,0
8cce801667550e310c01a065a27b1480,llama31_8b_it,R0_BASE,T0_OFF,0,0
8cce801667550e310c01a065a27b1480,llama31_8b_it,R0_BASE,T1_SILENT_CHECK,0,0
8cce801667550e310c01a065a27b1480,llama31_8b_it,R1_METADATA_NEUTRAL,T0_OFF,0,0
8cce801667550e310c01a065a27b1480,llama31_8b_it,R1_METADATA_NEUTRAL,T1_SILENT_CHECK,0,0
8cce801667550e310c01a065a27b1480,llama31_8b_it,R2_NO_INFORMATION,T0_OFF,0,0
8cce801667550e310c01a065a27b1480,llama31_8b_it,R2_NO_INFORMATION,T1_SILENT_CHECK,0,0
8cce801667550e310c01a065a27b1480,llama31_8b_it,R3_IRRELEVANT_CONTEXT,T0_OFF,0,0
8cce801667550e310c01a065a27b1480,llama31_8b_it,R3_IRRELEVANT_CONTEXT,T1_SILENT_CHECK,0,0
251a0bc1443e7ddbaf90a3fb9eebce75,deepseek_r1_llama_8b,R0_BASE,T0_OFF,1,1
251a0bc1443e7ddbaf90a3fb9eebce75,deepseek_r1_llama_8b,R0_BASE,T1_SILENT_CHECK,1,1
251a0bc1443e7ddbaf90a3fb9eebce75,deepseek_r1_llama_8b,R1_METADATA_NEUTRAL,T0_OFF,1,1
251a0bc1443e7ddbaf90a3fb9eebce75,deepseek_r1_llama_8b,R1_METADATA_NEUTRAL,T1_SILENT_CHECK,1,1
251a0bc1443e7ddbaf90a3fb9eebce75,deepseek_r1_llama_8b,R2_NO_INFORMATION,T0_OFF,1,1
251a0bc1443e7ddbaf90a3fb9eebce75,deepseek_r1_llama_8b,R2_NO_INFORMATION,T1_SILENT_CHECK,1,1
251a0bc1443e7ddbaf90a3fb9eebce75,deepseek_r1_llama_8b,R3_IRRELEVANT_CONTEXT,T0_OFF,0,1
251a0bc1443e7ddbaf90a3fb9eebce75,deepseek_r1_llama_8b,R3_IRRELEVANT_CONTEXT,T1_SILENT_CHECK,1,1
251a0bc1443e7ddbaf90a3fb9eebce75,llama31_8b_it,R0_BASE,T0_OFF,0,0
251a0bc1443e7ddbaf90a3fb9eebce75,llama31_8b_it,R0_BASE,T1_SILENT_CHECK,0,0
251a0bc1443e7ddbaf90a3fb9eebce75,llama31_8b_it,R1_METADATA_NEUTRAL,T0_OFF,0,0
251a0bc1443e7ddbaf90a3fb9eebce75,llama31_8b_it,R1_METADATA_NEUTRAL,T1_SILENT_CHECK,1,0
251a0bc1443e7ddbaf90a3fb9eebce75,llama31_8b_it,R2_NO_INFORMATION,T0_OFF,1,0
251a0bc1443e7ddbaf90a3fb9eebce75,llama31_8b_it,R2_NO_INFORMATION,T1_SILENT_CHECK,1,0
251a0bc1443e7ddbaf90a3fb9eebce75,llama31_8b_it,R3_IRRELEVANT_CONTEXT,T0_OFF,0,0
251a0bc1443e7ddbaf90a3fb9eebce75,llama31_8b_it,R3_IRRELEVANT_CONTEXT,T1_SILENT_CHECK,0,0
392229420d7f699a7a01504f8e08614f,deepseek_r1_llama_8b,R0_BASE,T0_OFF,0,0
392229420d7f699a7a01504f8e08614f,deepseek_r1_llama_8b,R0_BASE,T1_SILENT_CHECK,1,1
392229420d7f699a7a01504f8e08614f,deepseek_r1_llama_8b,R1_METADATA_NEUTRAL,T0_OFF,1,0
392229420d7f699a7a01504f8e08614f,deepseek_r1_llama_8b,R1_METADATA_NEUTRAL,T1_SILENT_CHECK,1,1
392229420d7f699a7a01504f8e08614f,deepseek_r1_llama_8b,R2_NO_INFORMATION,T0_OFF,0,1
392229420d7f699a7a01504f8e08614f,deepseek_r1_llama_8b,R2_NO_INFORMATION,T1_SILENT_CHECK,0,1
392229420d7f699a7a01504f8e08614f,deepseek_r1_llama_8b,R3_IRRELEVANT_CONTEXT,T0_OFF,1,0
392229420d7f699a7a01504f8e08614f,deepseek_r1_llama_8b,R3_IRRELEVANT_CONTEXT,T1_SILENT_CHECK,0,1
392229420d7f699a7a01504f8e08614f,llama31_8b_it,R0_BASE,T0_OFF,1,1
392229420d7f699a7a01504f8e08614f,llama31_8b_it,R0_BASE,T1_SILENT_CHECK,1,1
392229420d7f699a7a01504f8e08614f,llama31_8b_it,R1_METADATA_NEUTRAL,T0_OFF,1,1
392229420d7f699a7a01504f8e08614f,llama31_8b_it,R1_METADATA_NEUTRAL,T1_SILENT_CHECK,1,1
392229420d7f699a7a01504f8e08614f,llama31_8b_it,R2_NO_INFORMATION,T0_OFF,1,1
392229420d7f699a7a01504f8e08614f,llama31_8b_it,R2_NO_INFORMATION,T1_SILENT_CHECK,1,1
392229420d7f699a7a01504f8e08614f,llama31_8b_it,R3_IRRELEVANT_CONTEXT,T0_OFF,1,1
392229420d7f699a7a01504f8e08614f,llama31_8b_it,R3_IRRELEVANT_CONTEXT,T1_SILENT_CHECK,1,1
1a749c2f9f66fd5c0ff032ba772a13c6,deepseek_r1_llama_8b,R0_BASE,T0_OFF,0,1
1a749c2f9f66fd5c0ff032ba772a13c6,deepseek_r1_llama_8b,R0_BASE,T1_SILENT_CHECK,0,0
1a749c2f9f66fd5c0ff032ba772a13c6,deepseek_r1_llama_8b,R1_METADATA_NEUTRAL,T0_OFF,0,1
1a749c2f9f66fd5c0ff032ba772a13c6,deepseek_r1_llama_8b,R1_METADATA_NEUTRAL,T1_SILENT_CHECK,0,1
1a749c2f9f66fd5c0ff032ba772a13c6,deepseek_r1_llama_8b,R2_NO_INFORMATION,T0_OFF,0,0
1a749c2f9f66fd5c0ff032ba772a13c6,deepseek_r1_llama_8b,R2_NO_INFORMATION,T1_SILENT_CHECK,0,0
1a749c2f9f66fd5c0ff032ba772a13c6,deepseek_r1_llama_8b,R3_IRRELEVANT_CONTEXT,T0_OFF,0,0
1a749c2f9f66fd5c0ff032ba772a13c6,deepseek_r1_llama_8b,R3_IRRELEVANT_CONTEXT,T1_SILENT_CHECK,0,1
1a749c2f9f66fd5c0ff032ba772a13c6,llama31_8b_it,R0_BASE,T0_OFF,1,1
1a749c2f9f66fd5c0ff032ba772a13c6,llama31_8b_it,R0_BASE,T1_SILENT_CHECK,1,1
1a749c2f9f66fd5c0ff032ba772a13c6,llama31_8b_it,R1_METADATA_NEUTRAL,T0_OFF,1,1
1a749c2f9f66fd5c0ff032ba772a13c6,llama31_8b_it,R1_METADATA_NEUTRAL,T1_SILENT_CHECK,1,1
1a749c2f9f66fd5c0ff032ba772a13c6,llama31_8b_it,R2_NO_INFORMATION,T0_OFF,1,1
1a749c2f9f66fd5c0ff032ba772a13c6,llama31_8b_it,R2_NO_INFORMATION,T1_SILENT_CHECK,1,1
1a749c2f9f66fd5c0ff032ba772a13c6,llama31_8b_it,R3_IRRELEVANT_CONTEXT,T0_OFF,1,1
1a749c2f9f66fd5c0ff032ba772a13c6,llama31_8b_it,R3_IRRELEVANT_CONTEXT,T1_SILENT_CHECK,1,1
404a83637f314a293660a201685f0af8,deepseek_r1_llama_8b,R0_BASE,T0_OFF,0,0
404a83637f314a293660a201685f0af8,deepseek_r1_llama_8b,R0_BASE,T1_SILENT_CHECK,0,0
404a83637f314a293660a201685f0af8,deepseek_r1_llama_8b,R1_METADATA_NEUTRAL,T0_OFF,0,0
404a83637f314a293660a201685f0af8,deepseek_r1_llama_8b,R1_METADATA_NEUTRAL,T1_SILENT_CHECK,0,0
404a83637f314a293660a201685f0af8,deepseek_r1_llama_8b,R2_NO_INFORMATION,T0_OFF,0,0
404a83637f314a293660a201685f0af8,deepseek_r1_llama_8b,R2_NO_INFORMATION,T1_SILENT_CHECK,0,0
404a83637f314a293660a201685f0af8,deepseek_r1_llama_8b,R3_IRRELEVANT_CONTEXT,T0_OFF,0,0
404a83637f314a293660a201685f0af8,deepseek_r1_llama_8b,R3_IRRELEVANT_CONTEXT,T1_SILENT_CHECK,0,0
404a83637f314a293660a201685f0af8,llama31_8b_it,R0_BASE,T0_OFF,0,0
404a83637f314a293660a201685f0af8,llama31_8b_it,R0_BASE,T1_SILENT_CHECK,0,0
404a83637f314a293660a201685f0af8,llama31_8b_it,R1_METADATA_NEUTRAL,T0_OFF,0,0
404a83637f314a293660a201685f0af8,llama31_8b_it,R1_METADATA_NEUTRAL,T1_SILENT_CHECK,0,0
404a83637f314a293660a201685f0af8,llama31_8b_it,R2_NO_INFORMATION,T0_OFF,0,0
404a83637f314a293660a201685f0af8,llama31_8b_it,R2_NO_INFORMATION,T1_SILENT_CHECK,0,0
404a83637f314a293660a201685f0af8,llama31_8b_it,R3_IRRELEVANT_CONTEXT,T0_OFF,0,0
404a83637f314a293660a201685f0af8,llama31_8b_it,R3_IRRELEVANT_CONTEXT,T1_SILENT_CHECK,0,0
777b9d3b20de0daa61c2365684abedf6,deepseek_r1_llama_8b,R0_BASE,T0_OFF,1,0
777b9d3b20de0daa61c2365684abedf6,deepseek_r1_llama_8b,R0_BASE,T1_SILENT_CHECK,1,1
777b9d3b20de0daa61c2365684abedf6,deepseek_r1_llama_8b,R1_METADATA_NEUTRAL,T0_OFF,0,1
777b9d3b20de0daa61c2365684abedf6,deepseek_r1_llama_8b,R1_METADATA_NEUTRAL,T1_SILENT_CHECK,1,1
777b9d3b20de0daa61c2365684abedf6,deepseek_r1_llama_8b,R2_NO_INFORMATION,T0_OFF,0,1
777b9d3b20de0daa61c2365684abedf6,deepseek_r1_llama_8b,R2_NO_INFORMATION,T1_SILENT_CHECK,1,0
777b9d3b20de0daa61c2365684abedf6,deepseek_r1_llama_8b,R3_IRRELEVANT_CONTEXT,T0_OFF,1,1
777b9d3b20de0daa61c2365684abedf6,deepseek_r1_llama_8b,R3_IRRELEVANT_CONTEXT,T1_SILENT_CHECK,1,1
777b9d3b20de0daa61c2365684abedf6,llama31_8b_it,R0_BASE,T0_OFF,0,0
777b9d3b20de0daa61c2365684abedf6,llama31_8b_it,R0_BASE,T1_SILENT_CHECK,0,0
777b9d3b20de0daa61c2365684abedf6,llama31_8b_it,R1_METADATA_NEUTRAL,T0_OFF,0,0
777b9d3b20de0daa61c2365684abedf6,llama31_8b_it,R1_METADATA_NEUTRAL,T1_SILENT_CHECK,1,0
777b9d3b20de0daa61c2365684abedf6,llama31_8b_it,R2_NO_INFORMATION,T0_OFF,0,0
777b9d3b20de0daa61c2365684abedf6,llama31_8b_it,R2_NO_INFORMATION,T1_SILENT_CHECK,0,0
777b9d3b20de0daa61c2365684abedf6,llama31_8b_it,R3_IRRELEVANT_CONTEXT,T0_OFF,0,0
777b9d3b20de0daa61c2365684abedf6,llama31_8b_it,R3_IRRELEVANT_CONTEXT,T1_SILENT_CHECK,0,0
79672adfee8bc58277292b8be51d6fa4,deepseek_r1_llama_8b,R0_BASE,T0_OFF,0,0
79672adfee8bc58277292b8be51d6fa4,deepseek_r1_llama_8b,R0_BASE,T1_SILENT_CHECK,0,0
79672adfee8bc58277292b8be51d6fa4,deepseek_r1_llama_8b,R1_METADATA_NEUTRAL,T0_OFF,0,0
79672adfee8bc58277292b8be51d6fa4,deepseek_r1_llama_8b,R1_METADATA_NEUTRAL,T1_SILENT_CHECK,0,0
79672adfee8bc58277292b8be51d6fa4,deepseek_r1_llama_8b,R2_NO_INFORMATION,T0_OFF,0,0
79672adfee8bc58277292b8be51d6fa4,deepseek_r1_llama_8b,R2_NO_INFORMATION,T1_SILENT_CHECK,0,0
79672adfee8bc58277292b8be51d6fa4,deepseek_r1_llama_8b,R3_IRRELEVANT_CONTEXT,T0_OFF,0,0
79672adfee8bc58277292b8be51d6fa4,deepseek_r1_llama_8b,R3_IRRELEVANT_CONTEXT,T1_SILENT_CHECK,0,0
79672adfee8bc58277292b8be51d6fa4,llama31_8b_it,R0_BASE,T0_OFF,0,0
79672adfee8bc58277292b8be51d6fa4,llama31_8b_it,R0_BASE,T1_SILENT_CHECK,0,0
79672adfee8bc58277292b8be51d6fa4,llama31_8b_it,R1_METADATA_NEUTRAL,T0_OFF,0,0
79672adfee8bc58277292b8be51d6fa4,llama31_8b_it,R1_METADATA_NEUTRAL,T1_SILENT_CHECK,0,0
79672adfee8bc58277292b8be51d6fa4,llama31_8b_it,R2_NO_INFORMATION,T0_OFF,0,0
79672adfee8bc58277292b8be51d6fa4,llama31_8b_it,R2_NO_INFORMATION,T1_SILENT_CHECK,0,0
79672adfee8bc58277292b8be51d6fa4,llama31_8b_it,R3_IRRELEVANT_CONTEXT,T0_OFF,0,0
79672adfee8bc58277292b8be51d6fa4,llama31_8b_it,R3_IRRELEVANT_CONTEXT,T1_SILENT_CHECK,0,0
bf1e86f1df139a50ff2e5068c255517b,deepseek_r1_llama_8b,R0_BASE,T0_OFF,1,1
bf1e86f1df139a50ff2e5068c255517b,deepseek_r1_llama_8b,R0_BASE,T1_SILENT_CHECK,1,1
bf1e86f1df139a50ff2e5068c255517b,deepseek_r1_llama_8b,R1_METADATA_NEUTRAL,T0_OFF,0,1
bf1e86f1df139a50ff2e5068c255517b,deepseek_r1_llama_8b,R1_METADATA_NEUTRAL,T1_SILENT_CHECK,1,1
bf1e86f1df139a50ff2e5068c255517b,deepseek_r1_llama_8b,R2_NO_INFORMATION,T0_OFF,1,1
bf1e86f1df139a50ff2e5068c255517b,deepseek_r1_llama_8b,R2_NO_INFORMATION,T1_SILENT_CHECK,1,1
bf1e86f1df139a50ff2e5068c255517b,deepseek_r1_llama_8b,R3_IRRELEVANT_CONTEXT,T0_OFF,1,1
bf1e86f1df139a50ff2e5068c255517b,deepseek_r1_llama_8b,R3_IRRELEVANT_CONTEXT,T1_SILENT_CHECK,1,1
bf1e86f1df139a50ff2e5068c255517b,llama31_8b_it,R0_BASE,T0_OFF,1,1
bf1e86f1df139a50ff2e5068c255517b,llama31_8b_it,R0_BASE,T1_SILENT_CHECK,1,1
bf1e86f1df139a50ff2e5068c255517b,llama31_8b_it,R1_METADATA_NEUTRAL,T0_OFF,1,1
bf1e86f1df139a50ff2e5068c255517b,llama31_8b_it,R1_METADATA_NEUTRAL,T1_SILENT_CHECK,1,1
bf1e86f1df139a50ff2e5068c255517b,llama31_8b_it,R2_NO_INFORMATION,T0_OFF,1,1
bf1e86f1df139a50ff2e5068c255517b,llama31_8b_it,R2_NO_INFORMATION,T1_SILENT_CHECK,1,1
bf1e86f1df139a50ff2e5068c255517b,llama31_8b_it,R3_IRRELEVANT_CONTEXT,T0_OFF,1,1
bf1e86f1df139a50ff2e5068c255517b,llama31_8b_it,R3_IRRELEVANT_CONTEXT,T1_SILENT_CHECK,1,1
341d3acc6783489ce9ee50b7152d8f96,deepseek_r1_llama_8b,R0_BASE,T0_OFF,0,0
341d3acc6783489ce9ee50b7152d8f96,deepseek_r1_llama_8b,R0_BASE,T1_SILENT_CHECK,0,0
341d3acc6783489ce9ee50b7152d8f96,deepseek_r1_llama_8b,R1_METADATA_NEUTRAL,T0_OFF,0,0
341d3acc6783489ce9ee50b7152d8f96,deepseek_r1_llama_8b,R1_METADATA_NEUTRAL,T1_SILENT_CHECK,0,0
341d3acc6783489ce9ee50b7152d8f96,deepseek_r1_llama_8b,R2_NO_INFORMATION,T0_OFF,0,0
341d3acc6783489ce9ee50b7152d8f96,deepseek_r1_llama_8b,R2_NO_INFORMATION,T1_SILENT_CHECK,0,0
341d3acc6783489ce9ee50b7152d8f96,deepseek_r1_llama_8b,R3_IRRELEVANT_CONTEXT,T0_OFF,0,0
341d3acc6783489ce9ee50b7152d8f96,deepseek_r1_llama_8b,R3_IRRELEVANT_CONTEXT,T1_SILENT_CHECK,0,0
341d3acc6783489ce9ee50b7152d8f96,llama31_8b_it,R0_BASE,T0_OFF,0,0
341d3acc6783489ce9ee50b7152d8f96,llama31_8b_it,R0_BASE,T1_SILENT_CHECK,0,0
341d3acc6783489ce9ee50b7152d8f96,llama31_8b_it,R1_METADATA_NEUTRAL,T0_OFF,0,0
341d3acc6783489ce9ee50b7152d8f96,llama31_8b_it,R1_METADATA_NEUTRAL,T1_SILENT_CHECK,0,0
341d3acc6783489ce9ee50b7152d8f96,llama31_8b_it,R2_NO_INFORMATION,T0_OFF,0,0
341d3acc6783489ce9ee50b7152d8f96,llama31_8b_it,R2_NO_INFORMATION,T1_SILENT_CHECK,0,0
341d3acc6783489ce9ee50b7152d8f96,llama31_8b_it,R3_IRRELEVANT_CONTEXT,T0_OFF,0,0
341d3acc6783489ce9ee50b7152d8f96,llama31_8b_it,R3_IRRELEVANT_CONTEXT,T1_SILENT_CHECK,0,0
e2954d1baa1ff4c8516d0c387bb9287a,deepseek_r1_llama_8b,R0_BASE,T0_OFF,1,1
e2954d1baa1ff4c8516d0c387bb9287a,deepseek_r1_llama_8b,R0_BASE,T1_SILENT_CHECK,0,1
e2954d1baa1ff4c8516d0c387bb9287a,deepseek_r1_llama_8b,R1_METADATA_NEUTRAL,T0_OFF,1,1
e2954d1baa1ff4c8516d0c387bb9287a,deepseek_r1_llama_8b,R1_METADATA_NEUTRAL,T1_SILENT_CHECK,1,1
e2954d1baa1ff4c8516d0c387bb9287a,deepseek_r1_llama_8b,R2_NO_INFORMATION,T0_OFF,1,1
e2954d1baa1ff4c8516d0c387bb9287a,deepseek_r1_llama_8b,R2_NO_INFORMATION,T1_SILENT_CHECK,1,1
e2954d1baa1ff4c8516d0c387bb9287a,deepseek_r1_llama_8b,R3_IRRELEVANT_CONTEXT,T0_OFF,1,1
e2954d1baa1ff4c8516d0c387bb9287a,deepseek_r1_llama_8b,R3_IRRELEVANT_CONTEXT,T1_SILENT_CHECK,1,1
e2954d1baa1ff4c8516d0c387bb9287a,llama31_8b_it,R0_BASE,T0_OFF,1,0
e2954d1baa1ff4c8516d0c387bb9287a,llama31_8b_it,R0_BASE,T1_SILENT_CHECK,0,0
e2954d1baa1ff4c8516d0c387bb9287a,llama31_8b_it,R1_METADATA_NEUTRAL,T0_OFF,0,0
e2954d1baa1ff4c8516d0c387bb9287a,llama31_8b_it,R1_METADATA_NEUTRAL,T1_SILENT_CHECK,0,0
e2954d1baa1ff4c8516d0c387bb9287a,llama31_8b_it,R2_NO_INFORMATION,T0_OFF,0,0
e2954d1baa1ff4c8516d0c387bb9287a,llama31_8b_it,R2_NO_INFORMATION,T1_SILENT_CHECK,0,0
e2954d1baa1ff4c8516d0c387bb9287a,llama31_8b_it,R3_IRRELEVANT_CONTEXT,T0_OFF,1,1
e2954d1baa1ff4c8516d0c387bb9287a,llama31_8b_it,R3_IRRELEVANT_CONTEXT,T1_SILENT_CHECK,0,1
e26a2c1dbd784d2d752774ac688e7485,deepseek_r1_llama_8b,R0_BASE,T0_OFF,0,0
e26a2c1dbd784d2d752774ac688e7485,deepseek_r1_llama_8b,R0_BASE,T1_SILENT_CHECK,1,0
e26a2c1dbd784d2d752774ac688e7485,deepseek_r1_llama_8b,R1_METADATA_NEUTRAL,T0_OFF,0,0
e26a2c1dbd784d2d752774ac688e7485,deepseek_r1_llama_8b,R1_METADATA_NEUTRAL,T1_SILENT_CHECK,1,0
e26a2c1dbd784d2d752774ac688e7485,deepseek_r1_llama_8b,R2_NO_INFORMATION,T0_OFF,1,0
e26a2c1dbd784d2d752774ac688e7485,deepseek_r1_llama_8b,R2_NO_INFORMATION,T1_SILENT_CHECK,0,0
e26a2c1dbd784d2d752774ac688e7485,deepseek_r1_llama_8b,R3_IRRELEVANT_CONTEXT,T0_OFF,0,1
e26a2c1dbd784d2d752774ac688e7485,deepseek_r1_llama_8b,R3_IRRELEVANT_CONTEXT,T1_SILENT_CHECK,1,0
e26a2c1dbd784d2d752774ac688e7485,llama31_8b_it,R0_BASE,T0_OFF,1,1
e26a2c1dbd784d2d752774ac688e7485,llama31_8b_it,R0_BASE,T1_SILENT_CHECK,1,1
e26a2c1dbd784d2d752774ac688e7485,llama31_8b_it,R1_METADATA_NEUTRAL,T0_OFF,1,1
e26a2c1dbd784d2d752774ac688e7485,llama31_8b_it,R1_METADATA_NEUTRAL,T1_SILENT_CHECK,1,1
e26a2c1dbd784d2d752774ac688e7485,llama31_8b_it,R2_NO_INFORMATION,T0_OFF,1,1
e26a2c1dbd784d2d752774ac688e7485,llama31_8b_it,R2_NO_INFORMATION,T1_SILENT_CHECK,1,1
e26a2c1dbd784d2d752774ac688e7485,llama31_8b_it,R3_IRRELEVANT_CONTEXT,T0_OFF,1,1
e26a2c1dbd784d2d752774ac688e7485,llama31_8b_it,R3_IRRELEVANT_CONTEXT,T1_SILENT_CHECK,1,1
8dfc171e60a0bafff490c93ed7adcb42,deepseek_r1_llama_8b,R0_BASE,T0_OFF,0,0
8dfc171e60a0bafff490c93ed7adcb42,deepseek_r1_llama_8b,R0_BASE,T1_SILENT_CHECK,0,0
8dfc171e60a0bafff490c93ed7adcb42,deepseek_r1_llama_8b,R1_METADATA_NEUTRAL,T0_OFF,0,0
8dfc171e60a0bafff490c93ed7adcb42,deepseek_r1_llama_8b,R1_METADATA_NEUTRAL,T1_SILENT_CHECK,0,0
8dfc171e60a0bafff490c93ed7adcb42,deepseek_r1_llama_8b,R2_NO_INFORMATION,T0_OFF,0,0
8dfc171e60a0bafff490c93ed7adcb42,deepseek_r1_llama_8b,R2_NO_INFORMATION,T1_SILENT_CHECK,0,0
8dfc171e60a0bafff490c93ed7adcb42,deepseek_r1_llama_8b,R3_IRRELEVANT_CONTEXT,T0_OFF,0,0
8dfc171e60a0bafff490c93ed7adcb42,deepseek_r1_llama_8b,R3_IRRELEVANT_CONTEXT,T1_SILENT_CHECK,0,0
8dfc171e60a0bafff490c93ed7adcb42,llama31_8b_it,R0_BASE,T0_OFF,0,0
8dfc171e60a0bafff490c93ed7adcb42,llama31_8b_it,R0_BASE,T1_SILENT_CHECK,0,0
8dfc171e60a0bafff490c93ed7adcb42,llama31_8b_it,R1_METADATA_NEUTRAL,T0_OFF,0,0
8dfc171e60a0bafff490c93ed7adcb42,llama31_8b_it,R1_METADATA_NEUTRAL,T1_SILENT_CHECK,0,0
8dfc171e60a0bafff490c93ed7adcb42,llama31_8b_it,R2_NO_INFORMATION,T0_OFF,1,0
8dfc171e60a0bafff490c93ed7adcb42,llama31_8b_it,R2_NO_INFORMATION,T1_SILENT_CHECK,0,1
8dfc171e60a0bafff490c93ed7adcb42,llama31_8b_it,R3_IRRELEVANT_CONTEXT,T0_OFF,1,0
8dfc171e60a0bafff490c93ed7adcb42,llama31_8b_it,R3_IRRELEVANT_CONTEXT,T1_SILENT_CHECK,0,0
b0935b424bff31db5602227da2bceb7e,deepseek_r1_llama_8b,R0_BASE,T0_OFF,0,0
b0935b424bff31db5602227da2bceb7e,deepseek_r1_llama_8b,R0_BASE,T1_SILENT_CHECK,0,0
b0935b424bff31db5602227da2bceb7e,deepseek_r1_llama_8b,R1_METADATA_NEUTRAL,T0_OFF,0,0
b0935b424bff31db5602227da2bceb7e,deepseek_r1_llama_8b,R1_METADATA_NEUTRAL,T1_SILENT_CHECK,0,0
b0935b424bff31db5602227da2bceb7e,deepseek_r1_llama_8b,R2_NO_INFORMATION,T0_OFF,0,0
b0935b424bff31db5602227da2bceb7e,deepseek_r1_llama_8b,R2_NO_INFORMATION,T1_SILENT_CHECK,0,0
b0935b424bff31db5602227da2bceb7e,deepseek_r1_llama_8b,R3_IRRELEVANT_CONTEXT,T0_OFF,0,0
b0935b424bff31db5602227da2bceb7e,deepseek_r1_llama_8b,R3_IRRELEVANT_CONTEXT,T1_SILENT_CHECK,0,0
b0935b424bff31db5602227da2bceb7e,llama31_8b_it,R0_BASE,T0_OFF,0,0
b0935b424bff31db5602227da2bceb7e,llama31_8b_it,R0_BASE,T1_SILENT_CHECK,0,0
b0935b424bff31db5602227da2bceb7e,llama31_8b_it,R1_METADATA_NEUTRAL,T0_OFF,0,0
b0935b424bff31db5602227da2bceb7e,llama31_8b_it,R1_METADATA_NEUTRAL,T1_SILENT_CHECK,0,0
b0935b424bff31db5602227da2bceb7e,llama31_8b_it,R2_NO_INFORMATION,T0_OFF,0,0
b0935b424bff31db5602227da2bceb7e,llama31_8b_it,R2_NO_INFORMATION,T1_SILENT_CHECK,0,0
b0935b424bff31db5602227da2bceb7e,llama31_8b_it,R3_IRRELEVANT_CONTEXT,T0_OFF,0,0
b0935b424bff31db5602227da2bceb7e,llama31_8b_it,R3_IRRELEVANT_CONTEXT,T1_SILENT_CHECK,0,0
bd4208986c554e54749158680fa0b4ba,deepseek_r1_llama_8b,R0_BASE,T0_OFF,0,0
bd4208986c554e54749158680fa0b4ba,deepseek_r1_llama_8b,R0_BASE,T1_SILENT_CHECK,0,0
bd4208986c554e54749158680fa0b4ba,deepseek_r1_llama_8b,R1_METADATA_NEUTRAL,T0_OFF,0,0
bd4208986c554e54749158680fa0b4ba,deepseek_r1_llama_8b,R1_METADATA_NEUTRAL,T1_SILENT_CHECK,0,0
bd4208986c554e54749158680fa0b4ba,deepseek_r1_llama_8b,R2_NO_INFORMATION,T0_OFF,0,1
bd4208986c554e54749158680fa0b4ba,deepseek_r1_llama_8b,R2_NO_INFORMATION,T1_SILENT_CHECK,0,0
bd4208986c554e54749158680fa0b4ba,deepseek_r1_llama_8b,R3_IRRELEVANT_CONTEXT,T0_OFF,0,0
bd4208986c554e54749158680fa0b4ba,deepseek_r1_llama_8b,R3_IRRELEVANT_CONTEXT,T1_SILENT_CHECK,0,0
bd4208986c554e54749158680fa0b4ba,llama31_8b_it,R0_BASE,T0_OFF,0,0
bd4208986c554e54749158680fa0b4ba,llama31_8b_it,R0_BASE,T1_SILENT_CHECK,0,0
bd4208986c554e54749158680fa0b4ba,llama31_8b_it,R1_METADATA_NEUTRAL,T0_OFF,0,0
bd4208986c554e54749158680fa0b4ba,llama31_8b_it,R1_METADATA_NEUTRAL,T1_SILENT_CHECK,0,0
bd4208986c554e54749158680fa0b4ba,llama31_8b_it,R2_NO_INFORMATION,T0_OFF,0,0
bd4208986c554e54749158680fa0b4ba,llama31_8b_it,R2_NO_INFORMATION,T1_SILENT_CHECK,0,0
bd4208986c554e54749158680fa0b4ba,llama31_8b_it,R3_IRRELEVANT_CONTEXT,T0_OFF,0,0
bd4208986c554e54749158680fa0b4ba,llama31_8b_it,R3_IRRELEVANT_CONTEXT,T1_SILENT_CHECK,0,0
a45c728f16e660440f3996b8a7fa65bb,deepseek_r1_llama_8b,R0_BASE,T0_OFF,0,0
a45c728f16e660440f3996b8a7fa65bb,deepseek_r1_llama_8b,R0_BASE,T1_SILENT_CHECK,0,0
a45c728f16e660440f3996b8a7fa65bb,deepseek_r1_llama_8b,R1_METADATA_NEUTRAL,T0_OFF,0,0
a45c728f16e660440f3996b8a7fa65bb,deepseek_r1_llama_8b,R1_METADATA_NEUTRAL,T1_SILENT_CHECK,0,0
a45c728f16e660440f3996b8a7fa65bb,deepseek_r1_llama_8b,R2_NO_INFORMATION,T0_OFF,0,0
a45c728f16e660440f3996b8a7fa65bb,deepseek_r1_llama_8b,R2_NO_INFORMATION,T1_SILENT_CHECK,0,0
a45c728f16e660440f3996b8a7fa65bb,deepseek_r1_llama_8b,R3_IRRELEVANT_CONTEXT,T0_OFF,0,0
a45c728f16e660440f3996b8a7fa65bb,deepseek_r1_llama_8b,R3_IRRELEVANT_CONTEXT,T1_SILENT_CHECK,0,0
a45c728f16e660440f3996b8a7fa65bb,llama31_8b_it,R0_BASE,T0_OFF,0,1
a45c728f16e660440f3996b8a7fa65bb,llama31_8b_it,R0_BASE,T1_SILENT_CHECK,0,1
a45c728f16e660440f3996b8a7fa65bb,llama31_8b_it,R1_METADATA_NEUTRAL,T0_OFF,0,0
a45c728f16e660440f3996b8a7fa65bb,llama31_8b_it,R1_METADATA_NEUTRAL,T1_SILENT_CHECK,1,0
a45c728f16e660440f3996b8a7fa65bb,llama31_8b_it,R2_NO_INFORMATION,T0_OFF,0,1
a45c728f16e660440f3996b8a7fa65bb,llama31_8b_it,R2_NO_INFORMATION,T1_SILENT_CHECK,0,0
a45c728f16e660440f3996b8a7fa65bb,llama31_8b_it,R3_IRRELEVANT_CONTEXT,T0_OFF,0,0
a45c728f16e660440f3996b8a7fa65bb,llama31_8b_it,R3_IRRELEVANT_CONTEXT,T1_SILENT_CHECK,0,0
3ed18a16c2f513b533520fc70fb8b3be,deepseek_r1_llama_8b,R0_BASE,T0_OFF,0,0
3ed18a16c2f513b533520fc70fb8b3be,deepseek_r1_llama_8b,R0_BASE,T1_SILENT_CHECK,0,0
3ed18a16c2f513b533520fc70fb8b3be,deepseek_r1_llama_8b,R1_METADATA_NEUTRAL,T0_OFF,0,0
3ed18a16c2f513b533520fc70fb8b3be,deepseek_r1_llama_8b,R1_METADATA_NEUTRAL,T1_SILENT_CHECK,0,0
3ed18a16c2f513b533520fc70fb8b3be,deepseek_r1_llama_8b,R2_NO_INFORMATION,T0_OFF,0,0
3ed18a16c2f513b533520fc70fb8b3be,deepseek_r1_llama_8b,R2_NO_INFORMATION,T1_SILENT_CHECK,0,0
3ed18a16c2f513b533520fc70fb8b3be,deepseek_r1_llama_8b,R3_IRRELEVANT_CONTEXT,T0_OFF,0,0
3ed18a16c2f513b533520fc70fb8b3be,deepseek_r1_llama_8b,R3_IRRELEVANT_CONTEXT,T1_SILENT_CHECK,0,0
3ed18a16c2f513b533520fc70fb8b3be,llama31_8b_it,R0_BASE,T0_OFF,0,0
3ed18a16c2f513b533520fc70fb8b3be,llama31_8b_it,R0_BASE,T1_SILENT_CHECK,0,0
3ed18a16c2f513b533520fc70fb8b3be,llama31_8b_it,R1_METADATA_NEUTRAL,T0_OFF,0,1
3ed18a16c2f513b533520fc70fb8b3be,llama31_8b_it,R1_METADATA_NEUTRAL,T1_SILENT_CHECK,0,1
3ed18a16c2f513b533520fc70fb8b3be,llama31_8b_it,R2_NO_INFORMATION,T0_OFF,0,0
3ed18a16c2f513b533520fc70fb8b3be,llama31_8b_it,R2_NO_INFORMATION,T1_SILENT_CHECK,0,0
3ed18a16c2f513b533520fc70fb8b3be,llama31_8b_it,R3_IRRELEVANT_CONTEXT,T0_OFF,0,0
3ed18a16c2f513b533520fc70fb8b3be,llama31_8b_it,R3_IRRELEVANT_CONTEXT,T1_SILENT_CHECK,0,0
d553627edeab2cd4a9cb7d89b20b9f67,deepseek_r1_llama_8b,R0_BASE,T0_OFF,0,0
d553627edeab2cd4a9cb7d89b20b9f67,deepseek_r1_llama_8b,R0_BASE,T1_SILENT_CHECK,0,0
d553627edeab2cd4a9cb7d89b20b9f67,deepseek_r1_llama_8b,R1_METADATA_NEUTRAL,T0_OFF,0,0
d553627edeab2cd4a9cb7d89b20b9f67,deepseek_r1_llama_8b,R1_METADATA_NEUTRAL,T1_SILENT_CHECK,0,0
d553627edeab2cd4a9cb7d89b20b9f67,deepseek_r1_llama_8b,R2_NO_INFORMATION,T0_OFF,0,0
d553627edeab2cd4a9cb7d89b20b9f67,deepseek_r1_llama_8b,R2_NO_INFORMATION,T1_SILENT_CHECK,0,0
d553627edeab2cd4a9cb7d89b20b9f67,deepseek_r1_llama_8b,R3_IRRELEVANT_CONTEXT,T0_OFF,0,0
d553627edeab2cd4a9cb7d89b20b9f67,deepseek_r1_llama_8b,R3_IRRELEVANT_CONTEXT,T1_SILENT_CHECK,0,0
d553627edeab2cd4a9cb7d89b20b9f67,llama31_8b_it,R0_BASE,T0_OFF,0,0
d553627edeab2cd4a9cb7d89b20b9f67,llama31_8b_it,R0_BASE,T1_SILENT_CHECK,0,0
d553627edeab2cd4a9cb7d89b20b9f67,llama31_8b_it,R1_METADATA_NEUTRAL,T0_OFF,0,0
d553627edeab2cd4a9cb7d89b20b9f67,llama31_8b_it,R1_METADATA_NEUTRAL,T1_SILENT_CHECK,0,0
d553627edeab2cd4a9cb7d89b20b9f67,llama31_8b_it,R2_NO_INFORMATION,T0_OFF,0,0
d553627edeab2cd4a9cb7d89b20b9f67,llama31_8b_it,R2_NO_INFORMATION,T1_SILENT_CHECK,0,0
d553627edeab2cd4a9cb7d89b20b9f67,llama31_8b_it,R3_IRRELEVANT_CONTEXT,T0_OFF,0,1
d553627edeab2cd4a9cb7d89b20b9f67,llama31_8b_it,R3_IRRELEVANT_CONTEXT,T1_SILENT_CHECK,0,0
31376903d267c5273ee1fb51f3f8239a,deepseek_r1_llama_8b,R0_BASE,T0_OFF,1,1
31376903d267c5273ee1fb51f3f8239a,deepseek_r1_llama_8b,R0_BASE,T1_SILENT_CHECK,1,1
31376903d267c5273ee1fb51f3f8239a,deepseek_r1_llama_8b,R1_METADATA_NEUTRAL,T0_OFF,1,1
31376903d267c5273ee1fb51f3f8239a,deepseek_r1_llama_8b,R1_METADATA_NEUTRAL,T1_SILENT_CHECK,1,1
31376903d267c5273ee1fb51f3f8239a,deepseek_r1_llama_8b,R2_NO_INFORMATION,T0_OFF,1,1
31376903d267c5273ee1fb51f3f8239a,deepseek_r1_llama_8b,R2_NO_INFORMATION,T1_SILENT_CHECK,1,1
31376903d267c5273ee1fb51f3f8239a,deepseek_r1_llama_8b,R3_IRRELEVANT_CONTEXT,T0_OFF,1,1
31376903d267c5273ee1fb51f3f8239a,deepseek_r1_llama_8b,R3_IRRELEVANT_CONTEXT,T1_SILENT_CHECK,1,1
31376903d267c5273ee1fb51f3f8239a,llama31_8b_it,R0_BASE,T0_OFF,0,0
31376903d267c5273ee1fb51f3f8239a,llama31_8b_it,R0_BASE,T1_SILENT_CHECK,1,1
31376903d267c5273ee1fb51f3f8239a,llama31_8b_it,R1_METADATA_NEUTRAL,T0_OFF,0,1
31376903d267c5273ee1fb51f3f8239a,llama31_8b_it,R1_METADATA_NEUTRAL,T1_SILENT_CHECK,0,0
31376903d267c5273ee1fb51f3f8239a,llama31_8b_it,R2_NO_INFORMATION,T0_OFF,0,0
31376903d267c5273ee1fb51f3f8239a,llama31_8b_it,R2_NO_INFORMATION,T1_SILENT_CHECK,0,0
31376903d267c5273ee1fb51f3f8239a,llama31_8b_it,R3_IRRELEVANT_CONTEXT,T0_OFF,0,0
31376903d267c5273ee1fb51f3f8239a,llama31_8b_it,R3_IRRELEVANT_CONTEXT,T1_SILENT_CHECK,0,0
16684d95df6ea763df96b08f3f33acd8,deepseek_r1_llama_8b,R0_BASE,T0_OFF,1,0
16684d95df6ea763df96b08f3f33acd8,deepseek_r1_llama_8b,R0_BASE,T1_SILENT_CHECK,1,0
16684d95df6ea763df96b08f3f33acd8,deepseek_r1_llama_8b,R1_METADATA_NEUTRAL,T0_OFF,0,1
16684d95df6ea763df96b08f3f33acd8,deepseek_r1_llama_8b,R1_METADATA_NEUTRAL,T1_SILENT_CHECK,0,1
16684d95df6ea763df96b08f3f33acd8,deepseek_r1_llama_8b,R2_NO_INFORMATION,T0_OFF,1,1
16684d95df6ea763df96b08f3f33acd8,deepseek_r1_llama_8b,R2_NO_INFORMATION,T1_SILENT_CHECK,0,1
16684d95df6ea763df96b08f3f33acd8,deepseek_r1_llama_8b,R3_IRRELEVANT_CONTEXT,T0_OFF,0,1
16684d95df6ea763df96b08f3f33acd8,deepseek_r1_llama_8b,R3_IRRELEVANT_CONTEXT,T1_SILENT_CHECK,1,1
16684d95df6ea763df96b08f3f33acd8,llama31_8b_it,R0_BASE,T0_OFF,0,1
16684d95df6ea763df96b08f3f33acd8,llama31_8b_it,R0_BASE,T1_SILENT_CHECK,1,1
16684d95df6ea763df96b08f3f33acd8,llama31_8b_it,R1_METADATA_NEUTRAL,T0_OFF,1,1
16684d95df6ea763df96b08f3f33acd8,llama31_8b_it,R1_METADATA_NEUTRAL,T1_SILENT_CHECK,1,0
16684d95df6ea763df96b08f3f33acd8,llama31_8b_it,R2_NO_INFORMATION,T0_OFF,1,0
16684d95df6ea763df96b08f3f33acd8,llama31_8b_it,R2_NO_INFORMATION,T1_SILENT_CHECK,0,1
16684d95df6ea763df96b08f3f33acd8,llama31_8b_it,R3_IRRELEVANT_CONTEXT,T0_OFF,1,1
16684d95df6ea763df96b08f3f33acd8,llama31_8b_it,R3_IRRELEVANT_CONTEXT,T1_SILENT_CHECK,0,1
649c9b85dfc7ae389c529c9a92e7357a,deepseek_r1_llama_8b,R0_BASE,T0_OFF,1,0
649c9b85dfc7ae389c529c9a92e7357a,deepseek_r1_llama_8b,R0_BASE,T1_SILENT_CHECK,1,1
649c9b85dfc7ae389c529c9a92e7357a,deepseek_r1_llama_8b,R1_METADATA_NEUTRAL,T0_OFF,1,0
649c9b85dfc7ae389c529c9a92e7357a,deepseek_r1_llama_8b,R1_METADATA_NEUTRAL,T1_SILENT_CHECK,0,1
649c9b85dfc7ae389c529c9a92e7357a,deepseek_r1_llama_8b,R2_NO_INFORMATION,T0_OFF,1,1
649c9b85dfc7ae389c529c9a92e7357a,deepseek_r1_llama_8b,R2_NO_INFORMATION,T1_SILENT_CHECK,0,1
649c9b85dfc7ae389c529c9a92e7357a,deepseek_r1_llama_8b,R3_IRRELEVANT_CONTEXT,T0_OFF,1,0
649c9b85dfc7ae389c529c9a92e7357a,deepseek_r1_llama_8b,R3_IRRELEVANT_CONTEXT,T1_SILENT_CHECK,1,0
649c9b85dfc7ae389c529c9a92e7357a,llama31_8b_it,R0_BASE,T0_OFF,1,1
649c9b85dfc7ae389c529c9a92e7357a,llama31_8b_it,R0_BASE,T1_SILENT_CHECK,1,1
649c9b85dfc7ae389c529c9a92e7357a,llama31_8b_it,R1_METADATA_NEUTRAL,T0_OFF,1,1
649c9b85dfc7ae389c529c9a92e7357a,llama31_8b_it,R1_METADATA_NEUTRAL,T1_SILENT_CHECK,1,1
649c9b85dfc7ae389c529c9a92e7357a,llama31_8b_it,R2_NO_INFORMATION,T0_OFF,1,1
649c9b85dfc7ae389c529c9a92e7357a,llama31_8b_it,R2_NO_INFORMATION,T1_SILENT_CHECK,1,1
649c9b85dfc7ae389c529c9a92e7357a,llama31_8b_it,R3_IRRELEVANT_CONTEXT,T0_OFF,1,1
649c9b85dfc7ae389c529c9a92e7357a,llama31_8b_it,R3_IRRELEVANT_CONTEXT,T1_SILENT_CHECK,1,1
c479f211b6d3062d1149279d53b62bbe,deepseek_r1_llama_8b,R0_BASE,T0_OFF,0,0
c479f211b6d3062d1149279d53b62bbe,deepseek_r1_llama_8b,R0_BASE,T1_SILENT_CHECK,0,1
c479f211b6d3062d1149279d53b62bbe,deepseek_r1_llama_8b,R1_METADATA_NEUTRAL,T0_OFF,0,1
c479f211b6d3062d1149279d53b62bbe,deepseek_r1_llama_8b,R1_METADATA_NEUTRAL,T1_SILENT_CHECK,0,1
c479f211b6d3062d1149279d53b62bbe,deepseek_r1_llama_8b,R2_NO_INFORMATION,T0_OFF,0,0
c479f211b6d3062d1149279d53b62bbe,deepseek_r1_llama_8b,R2_NO_INFORMATION,T1_SILENT_CHECK,1,0
c479f211b6d3062d1149279d53b62bbe,deepseek_r1_llama_8b,R3_IRRELEVANT_CONTEXT,T0_OFF,1,0
c479f211b6d3062d1149279d53b62bbe,deepseek_r1_llama_8b,R3_IRRELEVANT_CONTEXT,T1_SILENT_CHECK,0,0
c479f211b6d3062d1149279d53b62bbe,llama31_8b_it,R0_BASE,T0_OFF,0,0
c479f211b6d3062d1149279d53b62bbe,llama31_8b_it,R0_BASE,T1_SILENT_CHECK,0,0
c479f211b6d3062d1149279d53b62bbe,llama31_8b_it,R1_METADATA_NEUTRAL,T0_OFF,0,0
c479f211b6d3062d1149279d53b62bbe,llama31_8b_it,R1_METADATA_NEUTRAL,T1_SILENT_CHECK,0,0
c479f211b6d3062d1149279d53b62bbe,llama31_8b_it,R2_NO_INFORMATION,T0_OFF,0,0
c479f211b6d3062d1149279d53b62bbe,llama31_8b_it,R2_NO_INFORMATION,T1_SILENT_CHECK,0,0
c479f211b6d3062d1149279d53b62bbe,llama31_8b_it,R3_IRRELEVANT_CONTEXT,T0_OFF,0,0
c479f211b6d3062d1149279d53b62bbe,llama31_8b_it,R3_IRRELEVANT_CONTEXT,T1_SILENT_CHECK,0,0
e86c1a9f261fa9a989679a8abb8b3d99,deepseek_r1_llama_8b,R0_BASE,T0_OFF,1,1
e86c1a9f261fa9a989679a8abb8b3d99,deepseek_r1_llama_8b,R0_BASE,T1_SILENT_CHECK,1,1
e86c1a9f261fa9a989679a8abb8b3d99,deepseek_r1_llama_8b,R1_METADATA_NEUTRAL,T0_OFF,1,1
e86c1a9f261fa9a989679a8abb8b3d99,deepseek_r1_llama_8b,R1_METADATA_NEUTRAL,T1_SILENT_CHECK,1,1
e86c1a9f261fa9a989679a8abb8b3d99,deepseek_r1_llama_8b,R2_NO_INFORMATION,T0_OFF,1,1
e86c1a9f261fa9a989679a8abb8b3d99,deepseek_r1_llama_8b,R2_NO_INFORMATION,T1_SILENT_CHECK,1,1
e86c1a9f261fa9a989679a8abb8b3d99,deepseek_r1_llama_8b,R3_IRRELEVANT_CONTEXT,T0_OFF,1,1
e86c1a9f261fa9a989679a8abb8b3d99,deepseek_r1_llama_8b,R3_IRRELEVANT_CONTEXT,T1_SILENT_CHECK,1,1
e86c1a9f261fa9a989679a8abb8b3d99,llama31_8b_it,R0_BASE,T0_OFF,1,0
e86c1a9f261fa9a989679a8abb8b3d99,llama31_8b_it,R0_BASE,T1_SILENT_CHECK,0,1
e86c1a9f261fa9a989679a8abb8b3d99,llama31_8b_it,R1_METADATA_NEUTRAL,T0_OFF,1,0
e86c1a9f261fa9a989679a8abb8b3d99,llama31_8b_it,R1_METADATA_NEUTRAL,T1_SILENT_CHECK,0,1
e86c1a9f261fa9a989679a8abb8b3d99,llama31_8b_it,R2_NO_INFORMATION,T0_OFF,1,0
e86c1a9f261fa9a989679a8abb8b3d99,llama31_8b_it,R2_NO_INFORMATION,T1_SILENT_CHECK,1,1
e86c1a9f261fa9a989679a8abb8b3d99,llama31_8b_it,R3_IRRELEVANT_CONTEXT,T0_OFF,1,1
e86c1a9f261fa9a989679a8abb8b3d99,llama31_8b_it,R3_IRRELEVANT_CONTEXT,T1_SILENT_CHECK,0,1
fd4026808a8088e12f2da07dd282fb69,deepseek_r1_llama_8b,R0_BASE,T0_OFF,0,1
fd4026808a8088e12f2da07dd282fb69,deepseek_r1_llama_8b,R0_BASE,T1_SILENT_CHECK,1,0
fd4026808a8088e12f2da07dd282fb69,deepseek_r1_llama_8b,R1_METADATA_NEUTRAL,T0_OFF,1,1
fd4026808a8088e12f2da07dd282fb69,deepseek_r1_llama_8b,R1_METADATA_NEUTRAL,T1_SILENT_CHECK,1,1
fd4026808a8088e12f2da07dd282fb69,deepseek_r1_llama_8b,R2_NO_INFORMATION,T0_OFF,0,1
fd4026808a8088e12f2da07dd282fb69,deepseek_r1_llama_8b,R2_NO_INFORMATION,T1_SILENT_CHECK,1,1
fd4026808a8088e12f2da07dd282fb69,deepseek_r1_llama_8b,R3_IRRELEVANT_CONTEXT,T0_OFF,1,1
fd4026808a8088e12f2da07dd282fb69,deepseek_r1_llama_8b,R3_IRRELEVANT_CONTEXT,T1_SILENT_CHECK,0,1
fd4026808a8088e12f2da07dd282fb69,llama31_8b_it,R0_BASE,T0_OFF,1,1
fd4026808a8088e12f2da07dd282fb69,llama31_8b_it,R0_BASE,T1_SILENT_CHECK,1,1
fd4026808a8088e12f2da07dd282fb69,llama31_8b_it,R1_METADATA_NEUTRAL,T0_OFF,1,1
fd4026808a8088e12f2da07dd282fb69,llama31_8b_it,R1_METADATA_NEUTRAL,T1_SILENT_CHECK,1,1
fd4026808a8088e12f2da07dd282fb69,llama31_8b_it,R2_NO_INFORMATION,T0_OFF,1,1
fd4026808a8088e12f2da07dd282fb69,llama31_8b_it,R2_NO_INFORMATION,T1_SILENT_CHECK,1,1
fd4026808a8088e12f2da07dd282fb69,llama31_8b_it,R3_IRRELEVANT_CONTEXT,T0_OFF,1,1
fd4026808a8088e12f2da07dd282fb69,llama31_8b_it,R3_IRRELEVANT_CONTEXT,T1_SILENT_CHECK,1,1
c53d50c000badf0cebc0207ec8039f71,deepseek_r1_llama_8b,R0_BASE,T0_OFF,0,0
c53d50c000badf0cebc0207ec8039f71,deepseek_r1_llama_8b,R0_BASE,T1_SILENT_CHECK,0,0
c53d50c000badf0cebc0207ec8039f71,deepseek_r1_llama_8b,R1_METADATA_NEUTRAL,T0_OFF,0,0
c53d50c000badf0cebc0207ec8039f71,deepseek_r1_llama_8b,R1_METADATA_NEUTRAL,T1_SILENT_CHECK,0,0
c53d50c000badf0cebc0207ec8039f71,deepseek_r1_llama_8b,R2_NO_INFORMATION,T0_OFF,0,0
c53d50c000badf0cebc0207ec8039f71,deepseek_r1_llama_8b,R2_NO_INFORMATION,T1_SILENT_CHECK,0,0
c53d50c000badf0cebc0207ec8039f71,deepseek_r1_llama_8b,R3_IRRELEVANT_CONTEXT,T0_OFF,0,0
c53d50c000badf0cebc0207ec8039f71,deepseek_r1_llama_8b,R3_IRRELEVANT_CONTEXT,T1_SILENT_CHECK,0,0
c53d50c000badf0cebc0207ec8039f71,llama31_8b_it,R0_BASE,T0_OFF,0,0
c53d50c000badf0cebc0207ec8039f71,llama31_8b_it,R0_BASE,T1_SILENT_CHECK,0,0
c53d50c000badf0cebc0207ec8039f71,llama31_8b_it,R1_METADATA_NEUTRAL,T0_OFF,0,0
c53d50c000badf0cebc0207ec8039f71,llama31_8b_it,R1_METADATA_NEUTRAL,T1_SILENT_CHECK,0,0
c53d50c000badf0cebc0207ec8039f71,llama31_8b_it,R2_NO_INFORMATION,T0_OFF,0,0
c53d50c000badf0cebc0207ec8039f71,llama31_8b_it,R2_NO_INFORMATION,T1_SILENT_CHECK,0,0
c53d50c000badf0cebc0207ec8039f71,llama31_8b_it,R3_IRRELEVANT_CONTEXT,T0_OFF,0,0
c53d50c000badf0cebc0207ec8039f71,llama31_8b_it,R3_IRRELEVANT_CONTEXT,T1_SILENT_CHECK,0,0
9651c9743b282a58d663b4d58bcc59b5,deepseek_r1_llama_8b,R0_BASE,T0_OFF,0,0
9651c9743b282a58d663b4d58bcc59b5,deepseek_r1_llama_8b,R0_BASE,T1_SILENT_CHECK,1,1
9651c9743b282a58d663b4d58bcc59b5,deepseek_r1_llama_8b,R1_METADATA_NEUTRAL,T0_OFF,1,1
9651c9743b282a58d663b4d58bcc59b5,deepseek_r1_llama_8b,R1_METADATA_NEUTRAL,T1_SILENT_CHECK,1,1
9651c9743b282a58d663b4d58bcc59b5,deepseek_r1_llama_8b,R2_NO_INFORMATION,T0_OFF,0,0
9651c9743b282a58d663b4d58bcc59b5,deepseek_r1_llama_8b,R2_NO_INFORMATION,T1_SILENT_CHECK,0,1
9651c9743b282a58d663b4d58bcc59b5,deepseek_r1_llama_8b,R3_IRRELEVANT_CONTEXT,T0_OFF,1,0
9651c9743b282a58d663b4d58bcc59b5,deepseek_r1_llama_8b,R3_IRRELEVANT_CONTEXT,T1_SILENT_CHECK,1,0
9651c9743b282a58d663b4d58bcc59b5,llama31_8b_it,R0_BASE,T0_OFF,1,1
9651c9743b282a58d663b4d58bcc59b5,llama31_8b_it,R0_BASE,T1_SILENT_CHECK,1,1
9651c9743b282a58d663b4d58bcc59b5,llama31_8b_it,R1_METADATA_NEUTRAL,T0_OFF,0,1
9651c9743b282a58d663b4d58bcc59b5,llama31_8b_it,R1_METADATA_NEUTRAL,T1_SILENT_CHECK,1,1
9651c9743b282a58d663b4d58bcc59b5,llama31_8b_it,R2_NO_INFORMATION,T0_OFF,1,1
9651c9743b282a58d663b4d58bcc59b5,llama31_8b_it,R2_NO_INFORMATION,T1_SILENT_CHECK,1,1
9651c9743b282a58d663b4d58bcc59b5,llama31_8b_it,R3_IRRELEVANT_CONTEXT,T0_OFF,1,1
9651c9743b282a58d663b4d58bcc59b5,llama31_8b_it,R3_IRRELEVANT_CONTEXT,T1_SILENT_CHECK,1,1
7de85fadeb9c366fe0cc3c73141577fa,deepseek_r1_llama_8b,R0_BASE,T0_OFF,1,1
7de85fadeb9c366fe0cc3c73141577fa,deepseek_r1_llama_8b,R0_BASE,T1_SILENT_CHECK,1,1
7de85fadeb9c366fe0cc3c73141577fa,deepseek_r1_llama_8b,R1_METADATA_NEUTRAL,T0_OFF,1,1
7de85fadeb9c366fe0cc3c73141577fa,deepseek_r1_llama_8b,R1_METADATA_NEUTRAL,T1_SILENT_CHECK,1,1
7de85fadeb9c366fe0cc3c73141577fa,deepseek_r1_llama_8b,R2_NO_INFORMATION,T0_OFF,1,1
7de85fadeb9c366fe0cc3c73141577fa,deepseek_r1_llama_8b,R2_NO_INFORMATION,T1_SILENT_CHECK,1,1
7de85fadeb9c366fe0cc3c73141577fa,deepseek_r1_llama_8b,R3_IRRELEVANT_CONTEXT,T0_OFF,1,1
7de85fadeb9c366fe0cc3c73141577fa,deepseek_r1_llama_8b,R3_IRRELEVANT_CONTEXT,T1_SILENT_CHECK,1,1
7de85fadeb9c366fe0cc3c73141577fa,llama31_8b_it,R0_BASE,T0_OFF,1,1
7de85fadeb9c366fe0cc3c73141577fa,llama31_8b_it,R0_BASE,T1_SILENT_CHECK,1,1
7de85fadeb9c366fe0cc3c73141577fa,llama31_8b_it,R1_METADATA_NEUTRAL,T0_OFF,1,1
7de85fadeb9c366fe0cc3c73141577fa,llama31_8b_it,R1_METADATA_NEUTRAL,T1_SILENT_CHECK,1,1
7de85fadeb9c366fe0cc3c73141577fa,llama31_8b_it,R2_NO_INFORMATION,T0_OFF,1,1
7de85fadeb9c366fe0cc3c73141577fa,llama31_8b_it,R2_NO_INFORMATION,T1_SILENT_CHECK,1,1
7de85fadeb9c366fe0cc3c73141577fa,llama31_8b_it,R3_IRRELEVANT_CONTEXT,T0_OFF,1,1
7de85fadeb9c366fe0cc3c73141577fa,llama31_8b_it,R3_IRRELEVANT_CONTEXT,T1_SILENT_CHECK,1,1
3f9c04628b03e441f320c4d819c4b1eb,deepseek_r1_llama_8b,R0_BASE,T0_OFF,0,0
3f9c04628b03e441f320c4d819c4b1eb,deepseek_r1_llama_8b,R0_BASE,T1_SILENT_CHECK,0,0
3f9c04628b03e441f320c4d819c4b1eb,deepseek_r1_llama_8b,R1_METADATA_NEUTRAL,T0_OFF,0,0
3f9c04628b03e441f320c4d819c4b1eb,deepseek_r1_llama_8b,R1_METADATA_NEUTRAL,T1_SILENT_CHECK,0,0
3f9c04628b03e441f320c4d819c4b1eb,deepseek_r1_llama_8b,R2_NO_INFORMATION,T0_OFF,0,0
3f9c04628b03e441f320c4d819c4b1eb,deepseek_r1_llama_8b,R2_NO_INFORMATION,T1_SILENT_CHECK,0,0
3f9c04628b03e441f320c4d819c4b1eb,deepseek_r1_llama_8b,R3_IRRELEVANT_CONTEXT,T0_OFF,0,0
3f9c04628b03e441f320c4d819c4b1eb,deepseek_r1_llama_8b,R3_IRRELEVANT_CONTEXT,T1_SILENT_CHECK,0,0
3f9c04628b03e441f320c4d819c4b1eb,llama31_8b_it,R0_BASE,T0_OFF,0,0
3f9c04628b03e441f320c4d819c4b1eb,llama31_8b_it,R0_BASE,T1_SILENT_CHECK,0,0
3f9c04628b03e441f320c4d819c4b1eb,llama31_8b_it,R1_METADATA_NEUTRAL,T0_OFF,0,0
3f9c04628b03e441f320c4d819c4b1eb,llama31_8b_it,R1_METADATA_NEUTRAL,T1_SILENT_CHECK,0,0
3f9c04628b03e441f320c4d819c4b1eb,llama31_8b_it,R2_NO_INFORMATION,T0_OFF,0,0
3f9c04628b03e441f320c4d819c4b1eb,llama31_8b_it,R2_NO_INFORMATION,T1_SILENT_CHECK,0,0
3f9c04628b03e441f320c4d819c4b1eb,llama31_8b_it,R3_IRRELEVANT_CONTEXT,T0_OFF,0,0
3f9c04628b03e441f320c4d819c4b1eb,llama31_8b_it,R3_IRRELEVANT_CONTEXT,T1_SILENT_CHECK,0,0
42178c5fa6a7b2f09a2114b7922ef7f9,deepseek_r1_llama_8b,R0_BASE,T0_OFF,0,0
42178c5fa6a7b2f09a2114b7922ef7f9,deepseek_r1_llama_8b,R0_BASE,T1_SILENT_CHECK,0,0
42178c5fa6a7b2f09a2114b7922ef7f9,deepseek_r1_llama_8b,R1_METADATA_NEUTRAL,T0_OFF,1,1
42178c5fa6a7b2f09a2114b7922ef7f9,deepseek_r1_llama_8b,R1_METADATA_NEUTRAL,T1_SILENT_CHECK,1,1
42178c5fa6a7b2f09a2114b7922ef7f9,deepseek_r1_llama_8b,R2_NO_INFORMATION,T0_OFF,1,1
42178c5fa6a7b2f09a2114b7922ef7f9,deepseek_r1_llama_8b,R2_NO_INFORMATION,T1_SILENT_CHECK,1,0
42178c5fa6a7b2f09a2114b7922ef7f9,deepseek_r1_llama_8b,R3_IRRELEVANT_CONTEXT,T0_OFF,0,0
42178c5fa6a7b2f09a2114b7922ef7f9,deepseek_r1_llama_8b,R3_IRRELEVANT_CONTEXT,T1_SILENT_CHECK,0,1
42178c5fa6a7b2f09a2114b7922ef7f9,llama31_8b_it,R0_BASE,T0_OFF,0,0
42178c5fa6a7b2f09a2114b7922ef7f9,llama31_8b_it,R0_BASE,T1_SILENT_CHECK,0,0
42178c5fa6a7b2f09a2114b7922ef7f9,llama31_8b_it,R1_METADATA_NEUTRAL,T0_OFF,0,0
42178c5fa6a7b2f09a2114b7922ef7f9,llama31_8b_it,R1_METADATA_NEUTRAL,T1_SILENT_CHECK,0,0
42178c5fa6a7b2f09a2114b7922ef7f9,llama31_8b_it,R2_NO_INFORMATION,T0_OFF,0,1
42178c5fa6a7b2f09a2114b7922ef7f9,llama31_8b_it,R2_NO_INFORMATION,T1_SILENT_CHECK,0,0
42178c5fa6a7b2f09a2114b7922ef7f9,llama31_8b_it,R3_IRRELEVANT_CONTEXT,T0_OFF,0,0
42178c5fa6a7b2f09a2114b7922ef7f9,llama31_8b_it,R3_IRRELEVANT_CONTEXT,T1_SILENT_CHECK,0,0
909a54826ac0ca87e4553f1798a18053,deepseek_r1_llama_8b,R0_BASE,T0_OFF,1,0
909a54826ac0ca87e4553f1798a18053,deepseek_r1_llama_8b,R0_BASE,T1_SILENT_CHECK,0,1
909a54826ac0ca87e4553f1798a18053,deepseek_r1_llama_8b,R1_METADATA_NEUTRAL,T0_OFF,0,1
909a54826ac0ca87e4553f1798a18053,deepseek_r1_llama_8b,R1_METADATA_NEUTRAL,T1_SILENT_CHECK,1,0
909a54826ac0ca87e4553f1798a18053,deepseek_r1_llama_8b,R2_NO_INFORMATION,T0_OFF,1,0
909a54826ac0ca87e4553f1798a18053,deepseek_r1_llama_8b,R2_NO_INFORMATION,T1_SILENT_CHECK,0,1
909a54826ac0ca87e4553f1798a18053,deepseek_r1_llama_8b,R3_IRRELEVANT_CONTEXT,T0_OFF,1,1
909a54826ac0ca87e4553f1798a18053,deepseek_r1_llama_8b,R3_IRRELEVANT_CONTEXT,T1_SILENT_CHECK,0,0
909a54826ac0ca87e4553f1798a18053,llama31_8b_it,R0_BASE,T0_OFF,0,0
909a54826ac0ca87e4553f1798a18053,llama31_8b_it,R0_BASE,T1_SILENT_CHECK,0,0
909a54826ac0ca87e4553f1798a18053,llama31_8b_it,R1_METADATA_NEUTRAL,T0_OFF,0,0
909a54826ac0ca87e4553f1798a18053,llama31_8b_it,R1_METADATA_NEUTRAL,T1_SILENT_CHECK,0,0
909a54826ac0ca87e4553f1798a18053,llama31_8b_it,R2_NO_INFORMATION,T0_OFF,0,0
909a54826ac0ca87e4553f1798a18053,llama31_8b_it,R2_NO_INFORMATION,T1_SILENT_CHECK,0,0
909a54826ac0ca87e4553f1798a18053,llama31_8b_it,R3_IRRELEVANT_CONTEXT,T0_OFF,0,0
909a54826ac0ca87e4553f1798a18053,llama31_8b_it,R3_IRRELEVANT_CONTEXT,T1_SILENT_CHECK,0,0
98ffa53193134de8144a0571b8ca1452,deepseek_r1_llama_8b,R0_BASE,T0_OFF,1,1
98ffa53193134de8144a0571b8ca1452,deepseek_r1_llama_8b,R0_BASE,T1_SILENT_CHECK,0,0
98ffa53193134de8144a0571b8ca1452,deepseek_r1_llama_8b,R1_METADATA_NEUTRAL,T0_OFF,1,0
98ffa53193134de8144a0571b8ca1452,deepseek_r1_llama_8b,R1_METADATA_NEUTRAL,T1_SILENT_CHECK,0,1
98ffa53193134de8144a0571b8ca1452,deepseek_r1_llama_8b,R2_NO_INFORMATION,T0_OFF,0,0
98ffa53193134de8144a0571b8ca1452,deepseek_r1_llama_8b,R2_NO_INFORMATION,T1_SILENT_CHECK,0,1
98ffa53193134de8144a0571b8ca1452,deepseek_r1_llama_8b,R3_IRRELEVANT_CONTEXT,T0_OFF,1,0
98ffa53193134de8144a0571b8ca1452,deepseek_r1_llama_8b,R3_IRRELEVANT_CONTEXT,T1_SILENT_CHECK,0,1
98ffa53193134de8144a0571b8ca1452,llama31_8b_it,R0_BASE,T0_OFF,0,0
98ffa53193134de8144a0571b8ca1452,llama31_8b_it,R0_BASE,T1_SILENT_CHECK,0,0
98ffa53193134de8144a0571b8ca1452,llama31_8b_it,R1_METADATA_NEUTRAL,T0_OFF,0,0
98ffa53193134de8144a0571b8ca1452,llama31_8b_it,R1_METADATA_NEUTRAL,T1_SILENT_CHECK,0,0
98ffa53193134de8144a0571b8ca1452,llama31_8b_it,R2_NO_INFORMATION,T0_OFF,0,0
98ffa53193134de8144a0571b8ca1452,llama31_8b_it,R2_NO_INFORMATION,T1_SILENT_CHECK,0,0
98ffa53193134de8144a0571b8ca1452,llama31_8b_it,R3_IRRELEVANT_CONTEXT,T0_OFF,0,0
98ffa53193134de8144a0571b8ca1452,llama31_8b_it,R3_IRRELEVANT_CONTEXT,T1_SILENT_CHECK,0,0
e7103ff24e18531ceacd81d79d9daa24,deepseek_r1_llama_8b,R0_BASE,T0_OFF,0,1
e7103ff24e18531ceacd81d79d9daa24,deepseek_r1_llama_8b,R0_BASE,T1_SILENT_CHECK,1,0
e7103ff24e18531ceacd81d79d9daa24,deepseek_r1_llama_8b,R1_METADATA_NEUTRAL,T0_OFF,1,0
e7103ff24e18531ceacd81d79d9daa24,deepseek_r1_llama_8b,R1_METADATA_NEUTRAL,T1_SILENT_CHECK,1,1
e7103ff24e18531ceacd81d79d9daa24,deepseek_r1_llama_8b,R2_NO_INFORMATION,T0_OFF,1,1
e7103ff24e18531ceacd81d79d9daa24,deepseek_r1_llama_8b,R2_NO_INFORMATION,T1_SILENT_CHECK,1,1
e7103ff24e18531ceacd81d79d9daa24,deepseek_r1_llama_8b,R3_IRRELEVANT_CONTEXT,T0_OFF,1,0
e7103ff24e18531ceacd81d79d9daa24,deepseek_r1_llama_8b,R3_IRRELEVANT_CONTEXT,T1_SILENT_CHECK,1,1
e7103ff24e18531ceacd81d79d9daa24,llama31_8b_it,R0_BASE,T0_OFF,0,0
e7103ff24e18531ceacd81d79d9daa24,llama31_8b_it,R0_BASE,T1_SILENT_CHECK,0,1
e7103ff24e18531ceacd81d79d9daa24,llama31_8b_it,R1_METADATA_NEUTRAL,T0_OFF,0,0
e7103ff24e18531ceacd81d79d9daa24,llama31_8b_it,R1_METADATA_NEUTRAL,T1_SILENT_CHECK,1,0
e7103ff24e18531ceacd81d79d9daa24,llama31_8b_it,R2_NO_INFORMATION,T0_OFF,0,0
e7103ff24e18531ceacd81d79d9daa24,llama31_8b_it,R2_NO_INFORMATION,T1_SILENT_CHECK,0,0
e7103ff24e18531ceacd81d79d9daa24,llama31_8b_it,R3_IRRELEVANT_CONTEXT,T0_OFF,0,0
e7103ff24e18531ceacd81d79d9daa24,llama31_8b_it,R3_IRRELEVANT_CONTEXT,T1_SILENT_CHECK,0,0
9bd707e06eaffc894fa3ce7b4c40e833,deepseek_r1_llama_8b,R0_BASE,T0_OFF,1,1
9bd707e06eaffc894fa3ce7b4c40e833,deepseek_r1_llama_8b,R0_BASE,T1_SILENT_CHECK,1,1
9bd707e06eaffc894fa3ce7b4c40e833,deepseek_r1_llama_8b,R1_METADATA_NEUTRAL,T0_OFF,1,1
9bd707e06eaffc894fa3ce7b4c40e833,deepseek_r1_llama_8b,R1_METADATA_NEUTRAL,T1_SILENT_CHECK,1,0
9bd707e06eaffc894fa3ce7b4c40e833,deepseek_r1_llama_8b,R2_NO_INFORMATION,T0_OFF,1,1
9bd707e06eaffc894fa3ce7b4c40e833,deepseek_r1_llama_8b,R2_NO_INFORMATION,T1_SILENT_CHECK,1,1
9bd707e06eaffc894fa3ce7b4c40e833,deepseek_r1_llama_8b,R3_IRRELEVANT_CONTEXT,T0_OFF,1,1
9bd707e06eaffc894fa3ce7b4c40e833,deepseek_r1_llama_8b,R3_IRRELEVANT_CONTEXT,T1_SILENT_CHECK,1,1
9bd707e06eaffc894fa3ce7b4c40e833,llama31_8b_it,R0_BASE,T0_OFF,1,0
9bd707e06eaffc894fa3ce7b4c40e833,llama31_8b_it,R0_BASE,T1_SILENT_CHECK,1,0
9bd707e06eaffc894fa3ce7b4c40e833,llama31_8b_it,R1_METADATA_NEUTRAL,T0_OFF,0,0
9bd707e06eaffc894fa3ce7b4c40e833,llama31_8b_it,R1_METADATA_NEUTRAL,T1_SILENT_CHECK,0,1
9bd707e06eaffc894fa3ce7b4c40e833,llama31_8b_it,R2_NO_INFORMATION,T0_OFF,1,0
9bd707e06eaffc894fa3ce7b4c40e833,llama31_8b_it,R2_NO_INFORMATION,T1_SILENT_CHECK,1,1
9bd707e06eaffc894fa3ce7b4c40e833,llama31_8b_it,R3_IRRELEVANT_CONTEXT,T0_OFF,0,0
9bd707e06eaffc894fa3ce7b4c40e833,llama31_8b_it,R3_IRRELEVANT_CONTEXT,T1_SILENT_CHECK,0,0
c979e64a091dfa960403a8e9903575fa,deepseek_r1_llama_8b,R0_BASE,T0_OFF,1,1
c979e64a091dfa960403a8e9903575fa,deepseek_r1_llama_8b,R0_BASE,T1_SILENT_CHECK,1,1
c979e64a091dfa960403a8e9903575fa,deepseek_r1_llama_8b,R1_METADATA_NEUTRAL,T0_OFF,1,1
c979e64a091dfa960403a8e9903575fa,deepseek_r1_llama_8b,R1_METADATA_NEUTRAL,T1_SILENT_CHECK,1,1
c979e64a091dfa960403a8e9903575fa,deepseek_r1_llama_8b,R2_NO_INFORMATION,T0_OFF,1,0
c979e64a091dfa960403a8e9903575fa,deepseek_r1_llama_8b,R2_NO_INFORMATION,T1_SILENT_CHECK,1,1
c979e64a091dfa960403a8e9903575fa,deepseek_r1_llama_8b,R3_IRRELEVANT_CONTEXT,T0_OFF,1,1
c979e64a091dfa960403a8e9903575fa,deepseek_r1_llama_8b,R3_IRRELEVANT_CONTEXT,T1_SILENT_CHECK,1,1
c979e64a091dfa960403a8e9903575fa,llama31_8b_it,R0_BASE,T0_OFF,1,1
c979e64a091dfa960403a8e9903575fa,llama31_8b_it,R0_BASE,T1_SILENT_CHECK,1,1
c979e64a091dfa960403a8e9903575fa,llama31_8b_it,R1_METADATA_NEUTRAL,T0_OFF,1,1
c979e64a091dfa960403a8e9903575fa,llama31_8b_it,R1_METADATA_NEUTRAL,T1_SILENT_CHECK,1,1
c979e64a091dfa960403a8e9903575fa,llama31_8b_it,R2_NO_INFORMATION,T0_OFF,1,1
c979e64a091dfa960403a8e9903575fa,llama31_8b_it,R2_NO_INFORMATION,T1_SILENT_CHECK,1,1
c979e64a091dfa960403a8e9903575fa,llama31_8b_it,R3_IRRELEVANT_CONTEXT,T0_OFF,1,1
c979e64a091dfa960403a8e9903575fa,llama31_8b_it,R3_IRRELEVANT_CONTEXT,T1_SILENT_CHECK,1,1
665fc910c32145b6bf669586ac6e21f6,deepseek_r1_llama_8b,R0_BASE,T0_OFF,0,0
665fc910c32145b6bf669586ac6e21f6,deepseek_r1_llama_8b,R0_BASE,T1_SILENT_CHECK,0,0
665fc910c32145b6bf669586ac6e21f6,deepseek_r1_llama_8b,R1_METADATA_NEUTRAL,T0_OFF,0,0
665fc910c32145b6bf669586ac6e21f6,deepseek_r1_llama_8b,R1_METADATA_NEUTRAL,T1_SILENT_CHECK,0,0
665fc910c32145b6bf669586ac6e21f6,deepseek_r1_llama_8b,R2_NO_INFORMATION,T0_OFF,0,0
665fc910c32145b6bf669586ac6e21f6,deepseek_r1_llama_8b,R2_NO_INFORMATION,T1_SILENT_CHECK,0,0
665fc910c32145b6bf669586ac6e21f6,deepseek_r1_llama_8b,R3_IRRELEVANT_CONTEXT,T0_OFF,0,0
665fc910c32145b6bf669586ac6e21f6,deepseek_r1_llama_8b,R3_IRRELEVANT_CONTEXT,T1_SILENT_CHECK,0,0
665fc910c32145b6bf669586ac6e21f6,llama31_8b_it,R0_BASE,T0_OFF,0,0
665fc910c32145b6bf669586ac6e21f6,llama31_8b_it,R0_BASE,T1_SILENT_CHECK,1,0
665fc910c32145b6bf669586ac6e21f6,llama31_8b_it,R1_METADATA_NEUTRAL,T0_OFF,1,0
665fc910c32145b6bf669586ac6e21f6,llama31_8b_it,R1_METADATA_NEUTRAL,T1_SILENT_CHECK,0,0
665fc910c32145b6bf669586ac6e21f6,llama31_8b_it,R2_NO_INFORMATION,T0_OFF,0,0
665fc910c32145b6bf669586ac6e21f6,llama31_8b_it,R2_NO_INFORMATION,T1_SILENT_CHECK,0,0
665fc910c32145b6bf669586ac6e21f6,llama31_8b_it,R3_IRRELEVANT_CONTEXT,T0_OFF,1,0
665fc910c32145b6bf669586ac6e21f6,llama31_8b_it,R3_IRRELEVANT_CONTEXT,T1_SILENT_CHECK,1,0
306b2052de7c29d1b36e6e043b796c05,deepseek_r1_llama_8b,R0_BASE,T0_OFF,1,0
306b2052de7c29d1b36e6e043b796c05,deepseek_r1_llama_8b,R0_BASE,T1_SILENT_CHECK,1,1
306b2052de7c29d1b36e6e043b796c05,deepseek_r1_llama_8b,R1_METADATA_NEUTRAL,T0_OFF,1,1
306b2052de7c29d1b36e6e043b796c05,deepseek_r1_llama_8b,R1_METADATA_NEUTRAL,T1_SILENT_CHECK,0,1
306b2052de7c29d1b36e6e043b796c05,deepseek_r1_llama_8b,R2_NO_INFORMATION,T0_OFF,0,1
306b2052de7c29d1b36e6e043b796c05,deepseek_r1_llama_8b,R2_NO_INFORMATION,T1_SILENT_CHECK,1,1
306b2052de7c29d1b36e6e043b796c05,deepseek_r1_llama_8b,R3_IRRELEVANT_CONTEXT,T0_OFF,1,0
306b2052de7c29d1b36e6e043b796c05,deepseek_r1_llama_8b,R3_IRRELEVANT_CONTEXT,T1_SILENT_CHECK,1,1
306b2052de7c29d1b36e6e043b796c05,llama31_8b_it,R0_BASE,T0_OFF,1,1
306b2052de7c29d1b36e6e043b796c05,llama31_8b_it,R0_BASE,T1_SILENT_CHECK,1,1
306b2052de7c29d1b36e6e043b796c05,llama31_8b_it,R1_METADATA_NEUTRAL,T0_OFF,1,1
306b2052de7c29d1b36e6e043b796c05,llama31_8b_it,R1_METADATA_NEUTRAL,T1_SILENT_CHECK,1,1
306b2052de7c29d1b36e6e043b796c05,llama31_8b_it,R2_NO_INFORMATION,T0_OFF,1,1
306b2052de7c29d1b36e6e043b796c05,llama31_8b_it,R2_NO_INFORMATION,T1_SILENT_CHECK,1,1
306b2052de7c29d1b36e6e043b796c05,llama31_8b_it,R3_IRRELEVANT_CONTEXT,T0_OFF,1,1
306b2052de7c29d1b36e6e043b796c05,llama31_8b_it,R3_IRRELEVANT_CONTEXT,T1_SILENT_CHECK,1,1
41320446f595aeba0ad0468a02f6287c,deepseek_r1_llama_8b,R0_BASE,T0_OFF,0,0
41320446f595aeba0ad0468a02f6287c,deepseek_r1_llama_8b,R0_BASE,T1_SILENT_CHECK,0,0
41320446f595aeba0ad0468a02f6287c,deepseek_r1_llama_8b,R1_METADATA_NEUTRAL,T0_OFF,0,0
41320446f595aeba0ad0468a02f6287c,deepseek_r1_llama_8b,R1_METADATA_NEUTRAL,T1_SILENT_CHECK,0,0
41320446f595aeba0ad0468a02f6287c,deepseek_r1_llama_8b,R2_NO_INFORMATION,T0_OFF,0,0
41320446f595aeba0ad0468a02f6287c,deepseek_r1_llama_8b,R2_NO_INFORMATION,T1_SILENT_CHECK,0,0
41320446f595aeba0ad0468a02f6287c,deepseek_r1_llama_8b,R3_IRRELEVANT_CONTEXT,T0_OFF,0,0
41320446f595aeba0ad0468a02f6287c,deepseek_r1_llama_8b,R3_IRRELEVANT_CONTEXT,T1_SILENT_CHECK,0,0
41320446f595aeba0ad0468a02f6287c,llama31_8b_it,R0_BASE,T0_OFF,0,0
41320446f595aeba0ad0468a02f6287c,llama31_8b_it,R0_BASE,T1_SILENT_CHECK,0,0
41320446f595aeba0ad0468a02f6287c,llama31_8b_it,R1_METADATA_NEUTRAL,T0_OFF,0,0
41320446f595aeba0ad0468a02f6287c,llama31_8b_it,R1_METADATA_NEUTRAL,T1_SILENT_CHECK,0,0
41320446f595aeba0ad0468a02f6287c,llama31_8b_it,R2_NO_INFORMATION,T0_OFF,0,0
41320446f595aeba0ad0468a02f6287c,llama31_8b_it,R2_NO_INFORMATION,T1_SILENT_CHECK,0,0
41320446f595aeba0ad0468a02f6287c,llama31_8b_it,R3_IRRELEVANT_CONTEXT,T0_OFF,0,0
41320446f595aeba0ad0468a02f6287c,llama31_8b_it,R3_IRRELEVANT_CONTEXT,T1_SILENT_CHECK,0,0
cb5162a2524318e1799697f820071ba5,deepseek_r1_llama_8b,R0_BASE,T0_OFF,0,1
cb5162a2524318e1799697f820071ba5,deepseek_r1_llama_8b,R0_BASE,T1_SILENT_CHECK,0,1
cb5162a2524318e1799697f820071ba5,deepseek_r1_llama_8b,R1_METADATA_NEUTRAL,T0_OFF,1,0
cb5162a2524318e1799697f820071ba5,deepseek_r1_llama_8b,R1_METADATA_NEUTRAL,T1_SILENT_CHECK,1,1
cb5162a2524318e1799697f820071ba5,deepseek_r1_llama_8b,R2_NO_INFORMATION,T0_OFF,1,0
cb5162a2524318e1799697f820071ba5,deepseek_r1_llama_8b,R2_NO_INFORMATION,T1_SILENT_CHECK,1,1
cb5162a2524318e1799697f820071ba5,deepseek_r1_llama_8b,R3_IRRELEVANT_CONTEXT,T0_OFF,1,0
cb5162a2524318e1799697f820071ba5,deepseek_r1_llama_8b,R3_IRRELEVANT_CONTEXT,T1_SILENT_CHECK,1,0
cb5162a2524318e1799697f820071ba5,llama31_8b_it,R0_BASE,T0_OFF,0,0
cb5162a2524318e1799697f820071ba5,llama31_8b_it,R0_BASE,T1_SILENT_CHECK,0,0
cb5162a2524318e1799697f820071ba5,llama31_8b_it,R1_METADATA_NEUTRAL,T0_OFF,0,0
cb5162a2524318e1799697f820071ba5,llama31_8b_it,R1_METADATA_NEUTRAL,T1_SILENT_CHECK,0,1
cb5162a2524318e1799697f820071ba5,llama31_8b_it,R2_NO_INFORMATION,T0_OFF,1,0
cb5162a2524318e1799697f820071ba5,llama31_8b_it,R2_NO_INFORMATION,T1_SILENT_CHECK,0,0
cb5162a2524318e1799697f820071ba5,llama31_8b_it,R3_IRRELEVANT_CONTEXT,T0_OFF,0,0
cb5162a2524318e1799697f820071ba5,llama31_8b_it,R3_IRRELEVANT_CONTEXT,T1_SILENT_CHECK,0,0
8befacbe597c8495d0fce92fd23a8ae1,deepseek_r1_llama_8b,R0_BASE,T0_OFF,1,1
8befacbe597c8495d0fce92fd23a8ae1,deepseek_r1_llama_8b,R0_BASE,T1_SILENT_CHECK,1,0
8befacbe597c8495d0fce92fd23a8ae1,deepseek_r1_llama_8b,R1_METADATA_NEUTRAL,T0_OFF,1,1
8befacbe597c8495d0fce92fd23a8ae1,deepseek_r1_llama_8b,R1_METADATA_NEUTRAL,T1_SILENT_CHECK,1,1
8befacbe597c8495d0fce92fd23a8ae1,deepseek_r1_llama_8b,R2_NO_INFORMATION,T0_OFF,1,1
8befacbe597c8495d0fce92fd23a8ae1,deepseek_r1_llama_8b,R2_NO_INFORMATION,T1_SILENT_CHECK,1,0
8befacbe597c8495d0fce92fd23a8ae1,deepseek_r1_llama_8b,R3_IRRELEVANT_CONTEXT,T0_OFF,1,1
8befacbe597c8495d0fce92fd23a8ae1,deepseek_r1_llama_8b,R3_IRRELEVANT_CONTEXT,T1_SILENT_CHECK,1,1
8befacbe597c8495d0fce92fd23a8ae1,llama31_8b_it,R0_BASE,T0_OFF,1,0
8befacbe597c8495d0fce92fd23a8ae1,llama31_8b_it,R0_BASE,T1_SILENT_CHECK,1,0
8befacbe597c8495d0fce92fd23a8ae1,llama31_8b_it,R1_METADATA_NEUTRAL,T0_OFF,1,0
8befacbe597c8495d0fce92fd23a8ae1,llama31_8b_it,R1_METADATA_NEUTRAL,T1_SILENT_CHECK,1,0
8befacbe597c8495d0fce92fd23a8ae1,llama31_8b_it,R2_NO_INFORMATION,T0_OFF,0,0
8befacbe597c8495d0fce92fd23a8ae1,llama31_8b_it,R2_NO_INFORMATION,T1_SILENT_CHECK,1,0
8befacbe597c8495d0fce92fd23a8ae1,llama31_8b_it,R3_IRRELEVANT_CONTEXT,T0_OFF,0,0
8befacbe597c8495d0fce92fd23a8ae1,llama31_8b_it,R3_IRRELEVANT_CONTEXT,T1_SILENT_CHECK,0,0
72c7a2b5082939600638eac6970fcbb7,deepseek_r1_llama_8b,R0_BASE,T0_OFF,0,0
72c7a2b5082939600638eac6970fcbb7,deepseek_r1_llama_8b,R0_BASE,T1_SILENT_CHECK,1,1
72c7a2b5082939600638eac6970fcbb7,deepseek_r1_llama_8b,R1_METADATA_NEUTRAL,T0_OFF,1,0
72c7a2b5082939600638eac6970fcbb7,deepseek_r1_llama_8b,R1_METADATA_NEUTRAL,T1_SILENT_CHECK,0,0
72c7a2b5082939600638eac6970fcbb7,deepseek_r1_llama_8b,R2_NO_INFORMATION,T0_OFF,1,0
72c7a2b5082939600638eac6970fcbb7,deepseek_r1_llama_8b,R2_NO_INFORMATION,T1_SILENT_CHECK,1,1
72c7a2b5082939600638eac6970fcbb7,deepseek_r1_llama_8b,R3_IRRELEVANT_CONTEXT,T0_OFF,1,0
72c7a2b5082939600638eac6970fcbb7,deepseek_r1_llama_8b,R3_IRRELEVANT_CONTEXT,T1_SILENT_CHECK,0,0
72c7a2b5082939600638eac6970fcbb7,llama31_8b_it,R0_BASE,T0_OFF,0,1
72c7a2b5082939600638eac6970fcbb7,llama31_8b_it,R0_BASE,T1_SILENT_CHECK,0,0
72c7a2b5082939600638eac6970fcbb7,llama31_8b_it,R1_METADATA_NEUTRAL,T0_OFF,0,0
72c7a2b5082939600638eac6970fcbb7,llama31_8b_it,R1_METADATA_NEUTRAL,T1_SILENT_CHECK,0,0
72c7a2b5082939600638eac6970fcbb7,llama31_8b_it,R2_NO_INFORMATION,T0_OFF,0,0
72c7a2b5082939600638eac6970fcbb7,llama31_8b_it,R2_NO_INFORMATION,T1_SILENT_CHECK,0,0
72c7a2b5082939600638eac6970fcbb7,llama31_8b_it,R3_IRRELEVANT_CONTEXT,T0_OFF,0,0
72c7a2b5082939600638eac6970fcbb7,llama31_8b_it,R3_IRRELEVANT_CONTEXT,T1_SILENT_CHECK,0,0
8519da3561090ee2c1ff7d2157f809a1,deepseek_r1_llama_8b,R0_BASE,T0_OFF,0,0
8519da3561090ee2c1ff7d2157f809a1,deepseek_r1_llama_8b,R0_BASE,T1_SILENT_CHECK,0,0
8519da3561090ee2c1ff7d2157f809a1,deepseek_r1_llama_8b,R1_METADATA_NEUTRAL,T0_OFF,0,0
8519da3561090ee2c1ff7d2157f809a1,deepseek_r1_llama_8b,R1_METADATA_NEUTRAL,T1_SILENT_CHECK,0,0
8519da3561090ee2c1ff7d2157f809a1,deepseek_r1_llama_8b,R2_NO_INFORMATION,T0_OFF,0,0
8519da3561090ee2c1ff7d2157f809a1,deepseek_r1_llama_8b,R2_NO_INFORMATION,T1_SILENT_CHECK,0,0
8519da3561090ee2c1ff7d2157f809a1,deepseek_r1_llama_8b,R3_IRRELEVANT_CONTEXT,T0_OFF,0,0
8519da3561090ee2c1ff7d2157f809a1,deepseek_r1_llama_8b,R3_IRRELEVANT_CONTEXT,T1_SILENT_CHECK,0,0
8519da3561090ee2c1ff7d2157f809a1,llama31_8b_it,R0_BASE,T0_OFF,0,0
8519da3561090ee2c1ff7d2157f809a1,llama31_8b_it,R0_BASE,T1_SILENT_CHECK,0,0
8519da3561090ee2c1ff7d2157f809a1,llama31_8b_it,R1_METADATA_NEUTRAL,T0_OFF,0,0
8519da3561090ee2c1ff7d2157f809a1,llama31_8b_it,R1_METADATA_NEUTRAL,T1_SILENT_CHECK,0,0
8519da3561090ee2c1ff7d2157f809a1,llama31_8b_it,R2_NO_INFORMATION,T0_OFF,0,0
8519da3561090ee2c1ff7d2157f809a1,llama31_8b_it,R2_NO_INFORMATION,T1_SILENT_CHECK,0,0
8519da3561090ee2c1ff7d2157f809a1,llama31_8b_it,R3_IRRELEVANT_CONTEXT,T0_OFF,0,0
8519da3561090ee2c1ff7d2157f809a1,llama31_8b_it,R3_IRRELEVANT_CONTEXT,T1_SILENT_CHECK,0,0
a734d3594f15e9e4ee3aea3dca8a6eda,deepseek_r1_llama_8b,R0_BASE,T0_OFF,0,0
a734d3594f15e9e4ee3aea3dca8a6eda,deepseek_r1_llama_8b,R0_BASE,T1_SILENT_CHECK,0,0
a734d3594f15e9e4ee3aea3dca8a6eda,deepseek_r1_llama_8b,R1_METADATA_NEUTRAL,T0_OFF,0,0
a734d3594f15e9e4ee3aea3dca8a6eda,deepseek_r1_llama_8b,R1_METADATA_NEUTRAL,T1_SILENT_CHECK,0,0
a734d3594f15e9e4ee3aea3dca8a6eda,deepseek_r1_llama_8b,R2_NO_INFORMATION,T0_OFF,0,0
a734d3594f15e9e4ee3aea3dca8a6eda,deepseek_r1_llama_8b,R2_NO_INFORMATION,T1_SILENT_CHECK,0,0
a734d3594f15e9e4ee3aea3dca8a6eda,deepseek_r1_llama_8b,R3_IRRELEVANT_CONTEXT,T0_OFF,0,0
a734d3594f15e9e4ee3aea3dca8a6eda,deepseek_r1_llama_8b,R3_IRRELEVANT_CONTEXT,T1_SILENT_CHECK,0,0
a734d3594f15e9e4ee3aea3dca8a6eda,llama31_8b_it,R0_BASE,T0_OFF,0,0
a734d3594f15e9e4ee3aea3dca8a6eda,llama31_8b_it,R0_BASE,T1_SILENT_CHECK,0,0
a734d3594f15e9e4ee3aea3dca8a6eda,llama31_8b_it,R1_METADATA_NEUTRAL,T0_OFF,0,0
a734d3594f15e9e4ee3aea3dca8a6eda,llama31_8b_it,R1_METADATA_NEUTRAL,T1_SILENT_CHECK,0,0
a734d3594f15e9e4ee3aea3dca8a6eda,llama31_8b_it,R2_NO_INFORMATION,T0_OFF,0,0
a734d3594f15e9e4ee3aea3dca8a6eda,llama31_8b_it,R2_NO_INFORMATION,T1_SILENT_CHECK,0,0
a734d3594f15e9e4ee3aea3dca8a6eda,llama31_8b_it,R3_IRRELEVANT_CONTEXT,T0_OFF,0,0
a734d3594f15e9e4ee3aea3dca8a6eda,llama31_8b_it,R3_IRRELEVANT_CONTEXT,T1_SILENT_CHECK,0,0
d8ac087bd77470dc001ff0f5d51d8451,deepseek_r1_llama_8b,R0_BASE,T0_OFF,0,0
d8ac087bd77470dc001ff0f5d51d8451,deepseek_r1_llama_8b,R0_BASE,T1_SILENT_CHECK,0,0
d8ac087bd77470dc001ff0f5d51d8451,deepseek_r1_llama_8b,R1_METADATA_NEUTRAL,T0_OFF,0,0
d8ac087bd77470dc001ff0f5d51d8451,deepseek_r1_llama_8b,R1_METADATA_NEUTRAL,T1_SILENT_CHECK,0,0
d8ac087bd77470dc001ff0f5d51d8451,deepseek_r1_llama_8b,R2_NO_INFORMATION,T0_OFF,0,0
d8ac087bd77470dc001ff0f5d51d8451,deepseek_r1_llama_8b,R2_NO_INFORMATION,T1_SILENT_CHECK,1,0
d8ac087bd77470dc001ff0f5d51d8451,deepseek_r1_llama_8b,R3_IRRELEVANT_CONTEXT,T0_OFF,0,0
d8ac087bd77470dc001ff0f5d51d8451,deepseek_r1_llama_8b,R3_IRRELEVANT_CONTEXT,T1_SILENT_CHECK,0,0
d8ac087bd77470dc001ff0f5d51d8451,llama31_8b_it,R0_BASE,T0_OFF,0,0
d8ac087bd77470dc001ff0f5d51d8451,llama31_8b_it,R0_BASE,T1_SILENT_CHECK,0,0
d8ac087bd77470dc001ff0f5d51d8451,llama31_8b_it,R1_METADATA_NEUTRAL,T0_OFF,1,1
d8ac087bd77470dc001ff0f5d51d8451,llama31_8b_it,R1_METADATA_NEUTRAL,T1_SILENT_CHECK,0,0
d8ac087bd77470dc001ff0f5d51d8451,llama31_8b_it,R2_NO_INFORMATION,T0_OFF,0,0
d8ac087bd77470dc001ff0f5d51d8451,llama31_8b_it,R2_NO_INFORMATION,T1_SILENT_CHECK,0,1
d8ac087bd77470dc001ff0f5d51d8451,llama31_8b_it,R3_IRRELEVANT_CONTEXT,T0_OFF,0,0
d8ac087bd77470dc001ff0f5d51d8451,llama31_8b_it,R3_IRRELEVANT_CONTEXT,T1_SILENT_CHECK,0,0
86178c4226c5873773d052c4e7f3bb9c,deepseek_r1_llama_8b,R0_BASE,T0_OFF,0,0
86178c4226c5873773d052c4e7f3bb9c,deepseek_r1_llama_8b,R0_BASE,T1_SILENT_CHECK,0,1
86178c4226c5873773d052c4e7f3bb9c,deepseek_r1_llama_8b,R1_METADATA_NEUTRAL,T0_OFF,0,0
86178c4226c5873773d052c4e7f3bb9c,deepseek_r1_llama_8b,R1_METADATA_NEUTRAL,T1_SILENT_CHECK,0,0
86178c4226c5873773d052c4e7f3bb9c,deepseek_r1_llama_8b,R2_NO_INFORMATION,T0_OFF,0,0
86178c4226c5873773d052c4e7f3bb9c,deepseek_r1_llama_8b,R2_NO_INFORMATION,T1_SILENT_CHECK,0,0
86178c4226c5873773d052c4e7f3bb9c,deepseek_r1_llama_8b,R3_IRRELEVANT_CONTEXT,T0_OFF,0,1
86178c4226c5873773d052c4e7f3bb9c,deepseek_r1_llama_8b,R3_IRRELEVANT_CONTEXT,T1_SILENT_CHECK,0,0
86178c4226c5873773d052c4e7f3bb9c,llama31_8b_it,R0_BASE,T0_OFF,0,0
86178c4226c5873773d052c4e7f3bb9c,llama31_8b_it,R0_BASE,T1_SILENT_CHECK,0,0
86178c4226c5873773d052c4e7f3bb9c,llama31_8b_it,R1_METADATA_NEUTRAL,T0_OFF,1,0
86178c4226c5873773d052c4e7f3bb9c,llama31_8b_it,R1_METADATA_NEUTRAL,T1_SILENT_CHECK,0,0
86178c4226c5873773d052c4e7f3bb9c,llama31_8b_it,R2_NO_INFORMATION,T0_OFF,0,0
86178c4226c5873773d052c4e7f3bb9c,llama31_8b_it,R2_NO_INFORMATION,T1_SILENT_CHECK,0,1
86178c4226c5873773d052c4e7f3bb9c,llama31_8b_it,R3_IRRELEVANT_CONTEXT,T0_OFF,0,0
86178c4226c5873773d052c4e7f3bb9c,llama31_8b_it,R3_IRRELEVANT_CONTEXT,T1_SILENT_CHECK,0,0
cd3deff0eeab5d882ac704157d77a9cf,deepseek_r1_llama_8b,R0_BASE,T0_OFF,0,0
cd3deff0eeab5d882ac704157d77a9cf,deepseek_r1_llama_8b,R0_BASE,T1_SILENT_CHECK,0,0
cd3deff0eeab5d882ac704157d77a9cf,deepseek_r1_llama_8b,R1_METADATA_NEUTRAL,T0_OFF,0,0
cd3deff0eeab5d882ac704157d77a9cf,deepseek_r1_llama_8b,R1_METADATA_NEUTRAL,T1_SILENT_CHECK,0,0
cd3deff0eeab5d882ac704157d77a9cf,deepseek_r1_llama_8b,R2_NO_INFORMATION,T0_OFF,0,0
cd3deff0eeab5d882ac704157d77a9cf,deepseek_r1_llama_8b,R2_NO_INFORMATION,T1_SILENT_CHECK,0,0
cd3deff0eeab5d882ac704157d77a9cf,deepseek_r1_llama_8b,R3_IRRELEVANT_CONTEXT,T0_OFF,0,0
cd3deff0eeab5d882ac704157d77a9cf,deepseek_r1_llama_8b,R3_IRRELEVANT_CONTEXT,T1_SILENT_CHECK,0,0
cd3deff0eeab5d882ac704157d77a9cf,llama31_8b_it,R0_BASE,T0_OFF,0,0
cd3deff0eeab5d882ac704157d77a9cf,llama31_8b_it,R0_BASE,T1_SILENT_CHECK,0,0
cd3deff0eeab5d882ac704157d77a9cf,llama31_8b_it,R1_METADATA_NEUTRAL,T0_OFF,0,0
cd3deff0eeab5d882ac704157d77a9cf,llama31_8b_it,R1_METADATA_NEUTRAL,T1_SILENT_CHECK,0,0
cd3deff0eeab5d882ac704157d77a9cf,llama31_8b_it,R2_NO_INFORMATION,T0_OFF,0,0
cd3deff0eeab5d882ac704157d77a9cf,llama31_8b_it,R2_NO_INFORMATION,T1_SILENT_CHECK,0,0
cd3deff0eeab5d882ac704157d77a9cf,llama31_8b_it,R3_IRRELEVANT_CONTEXT,T0_OFF,0,0
cd3deff0eeab5d882ac704157d77a9cf,llama31_8b_it,R3_IRRELEVANT_CONTEXT,T1_SILENT_CHECK,0,0
59c98c75b7261e61bf5af1287f714506,deepseek_r1_llama_8b,R0_BASE,T0_OFF,1,1
59c98c75b7261e61bf5af1287f714506,deepseek_r1_llama_8b,R0_BASE,T1_SILENT_CHECK,1,1
59c98c75b7261e61bf5af1287f714506,deepseek_r1_llama_8b,R1_METADATA_NEUTRAL,T0_OFF,0,1
59c98c75b7261e61bf5af1287f714506,deepseek_r1_llama_8b,R1_METADATA_NEUTRAL,T1_SILENT_CHECK,0,1
59c98c75b7261e61bf5af1287f714506,deepseek_r1_llama_8b,R2_NO_INFORMATION,T0_OFF,0,0
59c98c75b7261e61bf5af1287f714506,deepseek_r1_llama_8b,R2_NO_INFORMATION,T1_SILENT_CHECK,0,0
59c98c75b7261e61bf5af1287f714506,deepseek_r1_llama_8b,R3_IRRELEVANT_CONTEXT,T0_OFF,1,1
59c98c75b7261e61bf5af1287f714506,deepseek_r1_llama_8b,R3_IRRELEVANT_CONTEXT,T1_SILENT_CHECK,1,1
59c98c75b7261e61bf5af1287f714506,llama31_8b_it,R0_BASE,T0_OFF,1,1
59c98c75b7261e61bf5af1287f714506,llama31_8b_it,R0_BASE,T1_SILENT_CHECK,1,1
59c98c75b7261e61bf5af1287f714506,llama31_8b_it,R1_METADATA_NEUTRAL,T0_OFF,1,1
59c98c75b7261e61bf5af1287f714506,llama31_8b_it,R1_METADATA_NEUTRAL,T1_SILENT_CHECK,1,1
59c98c75b7261e61bf5af1287f714506,llama31_8b_it,R2_NO_INFORMATION,T0_OFF,1,1
59c98c75b7261e61bf5af1287f714506,llama31_8b_it,R2_NO_INFORMATION,T1_SILENT_CHECK,1,1
59c98c75b7261e61bf5af1287f714506,llama31_8b_it,R3_IRRELEVANT_CONTEXT,T0_OFF,1,1
59c98c75b7261e61bf5af1287f714506,llama31_8b_it,R3_IRRELEVANT_CONTEXT,T1_SILENT_CHECK,1,1
a29f8c2f87a95ee72c2942cbfa896ea7,deepseek_r1_llama_8b,R0_BASE,T0_OFF,0,0
a29f8c2f87a95ee72c2942cbfa896ea7,deepseek_r1_llama_8b,R0_BASE,T1_SILENT_CHECK,0,0
a29f8c2f87a95ee72c2942cbfa896ea7,deepseek_r1_llama_8b,R1_METADATA_NEUTRAL,T0_OFF,0,0
a29f8c2f87a95ee72c2942cbfa896ea7,deepseek_r1_llama_8b,R1_METADATA_NEUTRAL,T1_SILENT_CHECK,0,0
a29f8c2f87a95ee72c2942cbfa896ea7,deepseek_r1_llama_8b,R2_NO_INFORMATION,T0_OFF,0,0
a29f8c2f87a95ee72c2942cbfa896ea7,deepseek_r1_llama_8b,R2_NO_INFORMATION,T1_SILENT_CHECK,0,0
a29f8c2f87a95ee72c2942cbfa896ea7,deepseek_r1_llama_8b,R3_IRRELEVANT_CONTEXT,T0_OFF,0,0
a29f8c2f87a95ee72c2942cbfa896ea7,deepseek_r1_llama_8b,R3_IRRELEVANT_CONTEXT,T1_SILENT_CHECK,0,0
a29f8c2f87a95ee72c2942cbfa896ea7,llama31_8b_it,R0_BASE,T0_OFF,0,0
a29f8c2f87a95ee72c2942cbfa896ea7,llama31_8b_it,R0_BASE,T1_SILENT_CHECK,0,0
a29f8c2f87a95ee72c2942cbfa896ea7,llama31_8b_it,R1_METADATA_NEUTRAL,T0_OFF,0,0
a29f8c2f87a95ee72c2942cbfa896ea7,llama31_8b_it,R1_METADATA_NEUTRAL,T1_SILENT_CHECK,0,0
a29f8c2f87a95ee72c2942cbfa896ea7,llama31_8b_it,R2_NO_INFORMATION,T0_OFF,0,0
a29f8c2f87a95ee72c2942cbfa896ea7,llama31_8b_it,R2_NO_INFORMATION,T1_SILENT_CHECK,0,0
a29f8c2f87a95ee72c2942cbfa896ea7,llama31_8b_it,R3_IRRELEVANT_CONTEXT,T0_OFF,0,0
a29f8c2f87a95ee72c2942cbfa896ea7,llama31_8b_it,R3_IRRELEVANT_CONTEXT,T1_SILENT_CHECK,0,0
287d029fd1051a1145e6248d8c8a4068,deepseek_r1_llama_8b,R0_BASE,T0_OFF,1,0
287d029fd1051a1145e6248d8c8a4068,deepseek_r1_llama_8b,R0_BASE,T1_SILENT_CHECK,0,1
287d029fd1051a1145e6248d8c8a4068,deepseek_r1_llama_8b,R1_METADATA_NEUTRAL,T0_OFF,1,1
287d029fd1051a1145e6248d8c8a4068,deepseek_r1_llama_8b,R1_METADATA_NEUTRAL,T1_SILENT_CHECK,1,1
287d029fd1051a1145e6248d8c8a4068,deepseek_r1_llama_8b,R2_NO_INFORMATION,T0_OFF,0,1
287d029fd1051a1145e6248d8c8a4068,deepseek_r1_llama_8b,R2_NO_INFORMATION,T1_SILENT_CHECK,1,0
287d029fd1051a1145e6248d8c8a4068,deepseek_r1_llama_8b,R3_IRRELEVANT_CONTEXT,T0_OFF,1,1
287d029fd1051a1145e6248d8c8a4068,deepseek_r1_llama_8b,R3_IRRELEVANT_CONTEXT,T1_SILENT_CHECK,0,1
287d029fd1051a1145e6248d8c8a4068,llama31_8b_it,R0_BASE,T0_OFF,0,0
287d029fd1051a1145e6248d8c8a4068,llama31_8b_it,R0_BASE,T1_SILENT_CHECK,0,0
287d029fd1051a1145e6248d8c8a4068,llama31_8b_it,R1_METADATA_NEUTRAL,T0_OFF,0,0
287d029fd1051a1145e6248d8c8a4068,llama31_8b_it,R1_METADATA_NEUTRAL,T1_SILENT_CHECK,0,0
287d029fd1051a1145e6248d8c8a4068,llama31_8b_it,R2_NO_INFORMATION,T0_OFF,0,0
287d029fd1051a1145e6248d8c8a4068,llama31_8b_it,R2_NO_INFORMATION,T1_SILENT_CHECK,0,0
287d029fd1051a1145e6248d8c8a4068,llama31_8b_it,R3_IRRELEVANT_CONTEXT,T0_OFF,0,0
287d029fd1051a1145e6248d8c8a4068,llama31_8b_it,R3_IRRELEVANT_CONTEXT,T1_SILENT_CHECK,0,0
47640104f9dddc923729646b517e909e,deepseek_r1_llama_8b,R0_BASE,T0_OFF,1,1
47640104f9dddc923729646b517e909e,deepseek_r1_llama_8b,R0_BASE,T1_SILENT_CHECK,0,1
47640104f9dddc923729646b517e909e,deepseek_r1_llama_8b,R1_METADATA_NEUTRAL,T0_OFF,0,0
47640104f9dddc923729646b517e909e,deepseek_r1_llama_8b,R1_METADATA_NEUTRAL,T1_SILENT_CHECK,1,0
47640104f9dddc923729646b517e909e,deepseek_r1_llama_8b,R2_NO_INFORMATION,T0_OFF,0,0
47640104f9dddc923729646b517e909e,deepseek_r1_llama_8b,R2_NO_INFORMATION,T1_SILENT_CHECK,0,0
47640104f9dddc923729646b517e909e,deepseek_r1_llama_8b,R3_IRRELEVANT_CONTEXT,T0_OFF,1,0
47640104f9dddc923729646b517e909e,deepseek_r1_llama_8b,R3_IRRELEVANT_CONTEXT,T1_SILENT_CHECK,0,0
47640104f9dddc923729646b517e909e,llama31_8b_it,R0_BASE,T0_OFF,1,1
47640104f9dddc923729646b517e909e,llama31_8b_it,R0_BASE,T1_SILENT_CHECK,1,1
47640104f9dddc923729646b517e909e,llama31_8b_it,R1_METADATA_NEUTRAL,T0_OFF,1,1
47640104f9dddc923729646b517e909e,llama31_8b_it,R1_METADATA_NEUTRAL,T1_SILENT_CHECK,1,1
47640104f9dddc923729646b517e909e,llama31_8b_it,R2_NO_INFORMATION,T0_OFF,1,1
47640104f9dddc923729646b517e909e,llama31_8b_it,R2_NO_INFORMATION,T1_SILENT_CHECK,1,1
47640104f9dddc923729646b517e909e,llama31_8b_it,R3_IRRELEVANT_CONTEXT,T0_OFF,1,1
47640104f9dddc923729646b517e909e,llama31_8b_it,R3_IRRELEVANT_CONTEXT,T1_SILENT_CHECK,1,1
3f51f5897a441980a2b5a3f640c91101,deepseek_r1_llama_8b,R0_BASE,T0_OFF,0,0
3f51f5897a441980a2b5a3f640c91101,deepseek_r1_llama_8b,R0_BASE,T1_SILENT_CHECK,0,0
3f51f5897a441980a2b5a3f640c91101,deepseek_r1_llama_8b,R1_METADATA_NEUTRAL,T0_OFF,0,0
3f51f5897a441980a2b5a3f640c91101,deepseek_r1_llama_8b,R1_METADATA_NEUTRAL,T1_SILENT_CHECK,0,0
3f51f5897a441980a2b5a3f640c91101,deepseek_r1_llama_8b,R2_NO_INFORMATION,T0_OFF,0,0
3f51f5897a441980a2b5a3f640c91101,deepseek_r1_llama_8b,R2_NO_INFORMATION,T1_SILENT_CHECK,0,0
3f51f5897a441980a2b5a3f640c91101,deepseek_r1_llama_8b,R3_IRRELEVANT_CONTEXT,T0_OFF,0,0
3f51f5897a441980a2b5a3f640c91101,deepseek_r1_llama_8b,R3_IRRELEVANT_CONTEXT,T1_SILENT_CHECK,0,0
3f51f5897a441980a2b5a3f640c91101,llama31_8b_it,R0_BASE,T0_OFF,0,0
3f51f5897a441980a2b5a3f640c91101,llama31_8b_it,R0_BASE,T1_SILENT_CHECK,1,0
3f51f5897a441980a2b5a3f640c91101,llama31_8b_it,R1_METADATA_NEUTRAL,T0_OFF,0,1
3f51f5897a441980a2b5a3f640c91101,llama31_8b_it,R1_METADATA_NEUTRAL,T1_SILENT_CHECK,1,0
3f51f5897a441980a2b5a3f640c91101,llama31_8b_it,R2_NO_INFORMATION,T0_OFF,0,0
3f51f5897a441980a2b5a3f640c91101,llama31_8b_it,R2_NO_INFORMATION,T1_SILENT_CHECK,1,0
3f51f5897a441980a2b5a3f640c91101,llama31_8b_it,R3_IRRELEVANT_CONTEXT,T0_OFF,1,1
3f51f5897a441980a2b5a3f640c91101,llama31_8b_it,R3_IRRELEVANT_CONTEXT,T1_SILENT_CHECK,0,0
58268655b9d6431e5dc6ad0c5af579fe,deepseek_r1_llama_8b,R0_BASE,T0_OFF,0,0
58268655b9d6431e5dc6ad0c5af579fe,deepseek_r1_llama_8b,R0_BASE,T1_SILENT_CHECK,0,0
58268655b9d6431e5dc6ad0c5af579fe,deepseek_r1_llama_8b,R1_METADATA_NEUTRAL,T0_OFF,0,0
58268655b9d6431e5dc6ad0c5af579fe,deepseek_r1_llama_8b,R1_METADATA_NEUTRAL,T1_SILENT_CHECK,0,0
58268655b9d6431e5dc6ad0c5af579fe,deepseek_r1_llama_8b,R2_NO_INFORMATION,T0_OFF,0,0
58268655b9d6431e5dc6ad0c5af579fe,deepseek_r1_llama_8b,R2_NO_INFORMATION,T1_SILENT_CHECK,0,0
58268655b9d6431e5dc6ad0c5af579fe,deepseek_r1_llama_8b,R3_IRRELEVANT_CONTEXT,T0_OFF,0,0
58268655b9d6431e5dc6ad0c5af579fe,deepseek_r1_llama_8b,R3_IRRELEVANT_CONTEXT,T1_SILENT_CHECK,0,0
58268655b9d6431e5dc6ad0c5af579fe,llama31_8b_it,R0_BASE,T0_OFF,0,0
58268655b9d6431e5dc6ad0c5af579fe,llama31_8b_it,R0_BASE,T1_SILENT_CHECK,0,0
58268655b9d6431e5dc6ad0c5af579fe,llama31_8b_it,R1_METADATA_NEUTRAL,T0_OFF,0,0
58268655b9d6431e5dc6ad0c5af579fe,llama31_8b_it,R1_METADATA_NEUTRAL,T1_SILENT_CHECK,0,0
58268655b9d6431e5dc6ad0c5af579fe,llama31_8b_it,R2_NO_INFORMATION,T0_OFF,0,0
58268655b9d6431e5dc6ad0c5af579fe,llama31_8b_it,R2_NO_INFORMATION,T1_SILENT_CHECK,0,0
58268655b9d6431e5dc6ad0c5af579fe,llama31_8b_it,R3_IRRELEVANT_CONTEXT,T0_OFF,0,0
58268655b9d6431e5dc6ad0c5af579fe,llama31_8b_it,R3_IRRELEVANT_CONTEXT,T1_SILENT_CHECK,0,0
b3fc86faf9c4d69542a6e6653df872da,deepseek_r1_llama_8b,R0_BASE,T0_OFF,0,0
b3fc86faf9c4d69542a6e6653df872da,deepseek_r1_llama_8b,R0_BASE,T1_SILENT_CHECK,0,0
b3fc86faf9c4d69542a6e6653df872da,deepseek_r1_llama_8b,R1_METADATA_NEUTRAL,T0_OFF,0,0
b3fc86faf9c4d69542a6e6653df872da,deepseek_r1_llama_8b,R1_METADATA_NEUTRAL,T1_SILENT_CHECK,0,0
b3fc86faf9c4d69542a6e6653df872da,deepseek_r1_llama_8b,R2_NO_INFORMATION,T0_OFF,0,0
b3fc86faf9c4d69542a6e6653df872da,deepseek_r1_llama_8b,R2_NO_INFORMATION,T1_SILENT_CHECK,0,0
b3fc86faf9c4d69542a6e6653df872da,deepseek_r1_llama_8b,R3_IRRELEVANT_CONTEXT,T0_OFF,0,0
b3fc86faf9c4d69542a6e6653df872da,deepseek_r1_llama_8b,R3_IRRELEVANT_CONTEXT,T1_SILENT_CHECK,0,0
b3fc86faf9c4d69542a6e6653df872da,llama31_8b_it,R0_BASE,T0_OFF,0,0
b3fc86faf9c4d69542a6e6653df872da,llama31_8b_it,R0_BASE,T1_SILENT_CHECK,0,1
b3fc86faf9c4d69542a6e6653df872da,llama31_8b_it,R1_METADATA_NEUTRAL,T0_OFF,0,0
b3fc86faf9c4d69542a6e6653df872da,llama31_8b_it,R1_METADATA_NEUTRAL,T1_SILENT_CHECK,0,0
b3fc86faf9c4d69542a6e6653df872da,llama31_8b_it,R2_NO_INFORMATION,T0_OFF,0,0
b3fc86faf9c4d69542a6e6653df872da,llama31_8b_it,R2_NO_INFORMATION,T1_SILENT_CHECK,0,0
b3fc86faf9c4d69542a6e6653df872da,llama31_8b_it,R3_IRRELEVANT_CONTEXT,T0_OFF,0,0
b3fc86faf9c4d69542a6e6653df872da,llama31_8b_it,R3_IRRELEVANT_CONTEXT,T1_SILENT_CHECK,0,0
53f7d4fea68ceeadaaafbd84d5e8036a,deepseek_r1_llama_8b,R0_BASE,T0_OFF,1,1
53f7d4fea68ceeadaaafbd84d5e8036a,deepseek_r1_llama_8b,R0_BASE,T1_SILENT_CHECK,1,0
53f7d4fea68ceeadaaafbd84d5e8036a,deepseek_r1_llama_8b,R1_METADATA_NEUTRAL,T0_OFF,1,1
53f7d4fea68ceeadaaafbd84d5e8036a,deepseek_r1_llama_8b,R1_METADATA_NEUTRAL,T1_SILENT_CHECK,1,1
53f7d4fea68ceeadaaafbd84d5e8036a,deepseek_r1_llama_8b,R2_NO_INFORMATION,T0_OFF,1,1
53f7d4fea68ceeadaaafbd84d5e8036a,deepseek_r1_llama_8b,R2_NO_INFORMATION,T1_SILENT_CHECK,1,1
53f7d4fea68ceeadaaafbd84d5e8036a,deepseek_r1_llama_8b,R3_IRRELEVANT_CONTEXT,T0_OFF,1,1
53f7d4fea68ceeadaaafbd84d5e8036a,deepseek_r1_llama_8b,R3_IRRELEVANT_CONTEXT,T1_SILENT_CHECK,1,0
53f7d4fea68ceeadaaafbd84d5e8036a,llama31_8b_it,R0_BASE,T0_OFF,1,0
53f7d4fea68ceeadaaafbd84d5e8036a,llama31_8b_it,R0_BASE,T1_SILENT_CHECK,0,1
53f7d4fea68ceeadaaafbd84d5e8036a,llama31_8b_it,R1_METADATA_NEUTRAL,T0_OFF,1,0
53f7d4fea68ceeadaaafbd84d5e8036a,llama31_8b_it,R1_METADATA_NEUTRAL,T1_SILENT_CHECK,0,0
53f7d4fea68ceeadaaafbd84d5e8036a,llama31_8b_it,R2_NO_INFORMATION,T0_OFF,0,0
53f7d4fea68ceeadaaafbd84d5e8036a,llama31_8b_it,R2_NO_INFORMATION,T1_SILENT_CHECK,0,0
53f7d4fea68ceeadaaafbd84d5e8036a,llama31_8b_it,R3_IRRELEVANT_CONTEXT,T0_OFF,1,0
53f7d4fea68ceeadaaafbd84d5e8036a,llama31_8b_it,R3_IRRELEVANT_CONTEXT,T1_SILENT_CHECK,0,1
d890c59f2d2bffad74db234b4e6b97f1,deepseek_r1_llama_8b,R0_BASE,T0_OFF,0,1
d890c59f2d2bffad74db234b4e6b97f1,deepseek_r1_llama_8b,R0_BASE,T1_SILENT_CHECK,0,1
d890c59f2d2bffad74db234b4e6b97f1,deepseek_r1_llama_8b,R1_METADATA_NEUTRAL,T0_OFF,1,1
d890c59f2d2bffad74db234b4e6b97f1,deepseek_r1_llama_8b,R1_METADATA_NEUTRAL,T1_SILENT_CHECK,1,1
d890c59f2d2bffad74db234b4e6b97f1,deepseek_r1_llama_8b,R2_NO_INFORMATION,T0_OFF,0,1
d890c59f2d2bffad74db234b4e6b97f1,deepseek_r1_llama_8b,R2_NO_INFORMATION,T1_SILENT_CHECK,1,1
d890c59f2d2bffad74db234b4e6b97f1,deepseek_r1_llama_8b,R3_IRRELEVANT_CONTEXT,T0_OFF,1,1
d890c59f2d2bffad74db234b4e6b97f1,deepseek_r1_llama_8b,R3_IRRELEVANT_CONTEXT,T1_SILENT_CHECK,1,1
d890c59f2d2bffad74db234b4e6b97f1,llama31_8b_it,R0_BASE,T0_OFF,0,1
d890c59f2d2bffad74db234b4e6b97f1,llama31_8b_it,R0_BASE,T1_SILENT_CHECK,0,1
d890c59f2d2bffad74db234b4e6b97f1,llama31_8b_it,R1_METADATA_NEUTRAL,T0_OFF,0,1
d890c59f2d2bffad74db234b4e6b97f1,llama31_8b_it,R1_METADATA_NEUTRAL,T1_SILENT_CHECK,0,0
d890c59f2d2bffad74db234b4e6b97f1,llama31_8b_it,R2_NO_INFORMATION,T0_OFF,0,1
d890c59f2d2bffad74db234b4e6b97f1,llama31_8b_it,R2_NO_INFORMATION,T1_SILENT_CHECK,0,0
d890c59f2d2bffad74db234b4e6b97f1,llama31_8b_it,R3_IRRELEVANT_CONTEXT,T0_OFF,1,1
d890c59f2d2bffad74db234b4e6b97f1,llama31_8b_it,R3_IRRELEVANT_CONTEXT,T1_SILENT_CHECK,0,1
9b9655ac54e8d3a62c80d91e5a2931f7,deepseek_r1_llama_8b,R0_BASE,T0_OFF,1,1
9b9655ac54e8d3a62c80d91e5a2931f7,deepseek_r1_llama_8b,R0_BASE,T1_SILENT_CHECK,1,1
9b9655ac54e8d3a62c80d91e5a2931f7,deepseek_r1_llama_8b,R1_METADATA_NEUTRAL,T0_OFF,0,1
9b9655ac54e8d3a62c80d91e5a2931f7,deepseek_r1_llama_8b,R1_METADATA_NEUTRAL,T1_SILENT_CHECK,1,1
9b9655ac54e8d3a62c80d91e5a2931f7,deepseek_r1_llama_8b,R2_NO_INFORMATION,T0_OFF,1,0
9b9655ac54e8d3a62c80d91e5a2931f7,deepseek_r1_llama_8b,R2_NO_INFORMATION,T1_SILENT_CHECK,1,1
9b9655ac54e8d3a62c80d91e5a2931f7,deepseek_r1_llama_8b,R3_IRRELEVANT_CONTEXT,T0_OFF,1,1
9b9655ac54e8d3a62c80d91e5a2931f7,deepseek_r1_llama_8b,R3_IRRELEVANT_CONTEXT,T1_SILENT_CHECK,1,1
9b9655ac54e8d3a62c80d91e5a2931f7,llama31_8b_it,R0_BASE,T0_OFF,1,1
9b9655ac54e8d3a62c80d91e5a2931f7,llama31_8b_it,R0_BASE,T1_SILENT_CHECK,1,1
9b9655ac54e8d3a62c80d91e5a2931f7,llama31_8b_it,R1_METADATA_NEUTRAL,T0_OFF,1,1
9b9655ac54e8d3a62c80d91e5a2931f7,llama31_8b_it,R1_METADATA_NEUTRAL,T1_SILENT_CHECK,1,1
9b9655ac54e8d3a62c80d91e5a2931f7,llama31_8b_it,R2_NO_INFORMATION,T0_OFF,1,1
9b9655ac54e8d3a62c80d91e5a2931f7,llama31_8b_it,R2_NO_INFORMATION,T1_SILENT_CHECK,1,1
9b9655ac54e8d3a62c80d91e5a2931f7,llama31_8b_it,R3_IRRELEVANT_CONTEXT,T0_OFF,1,1
9b9655ac54e8d3a62c80d91e5a2931f7,llama31_8b_it,R3_IRRELEVANT_CONTEXT,T1_SILENT_CHECK,1,1
ee2c790ff4761670585c94da3badd26a,deepseek_r1_llama_8b,R0_BASE,T0_OFF,0,0
ee2c790ff4761670585c94da3badd26a,deepseek_r1_llama_8b,R0_BASE,T1_SILENT_CHECK,0,0
ee2c790ff4761670585c94da3badd26a,deepseek_r1_llama_8b,R1_METADATA_NEUTRAL,T0_OFF,0,0
ee2c790ff4761670585c94da3badd26a,deepseek_r1_llama_8b,R1_METADATA_NEUTRAL,T1_SILENT_CHECK,0,0
ee2c790ff4761670585c94da3badd26a,deepseek_r1_llama_8b,R2_NO_INFORMATION,T0_OFF,0,0
ee2c790ff4761670585c94da3badd26a,deepseek_r1_llama_8b,R2_NO_INFORMATION,T1_SILENT_CHECK,0,0
ee2c790ff4761670585c94da3badd26a,deepseek_r1_llama_8b,R3_IRRELEVANT_CONTEXT,T0_OFF,1,0
ee2c790ff4761670585c94da3badd26a,deepseek_r1_llama_8b,R3_IRRELEVANT_CONTEXT,T1_SILENT_CHECK,0,0
ee2c790ff4761670585c94da3badd26a,llama31_8b_it,R0_BASE,T0_OFF,0,1
ee2c790ff4761670585c94da3badd26a,llama31_8b_it,R0_BASE,T1_SILENT_CHECK,0,0
ee2c790ff4761670585c94da3badd26a,llama31_8b_it,R1_METADATA_NEUTRAL,T0_OFF,0,0
ee2c790ff4761670585c94da3badd26a,llama31_8b_it,R1_METADATA_NEUTRAL,T1_SILENT_CHECK,0,0
ee2c790ff4761670585c94da3badd26a,llama31_8b_it,R2_NO_INFORMATION,T0_OFF,0,0
ee2c790ff4761670585c94da3badd26a,llama31_8b_it,R2_NO_INFORMATION,T1_SILENT_CHECK,0,0
ee2c790ff4761670585c94da3badd26a,llama31_8b_it,R3_IRRELEVANT_CONTEXT,T0_OFF,0,0
ee2c790ff4761670585c94da3badd26a,llama31_8b_it,R3_IRRELEVANT_CONTEXT,T1_SILENT_CHECK,0,0
edffde6d72a30cf141d02950ecced2bb,deepseek_r1_llama_8b,R0_BASE,T0_OFF,1,1
edffde6d72a30cf141d02950ecced2bb,deepseek_r1_llama_8b,R0_BASE,T1_SILENT_CHECK,1,1
edffde6d72a30cf141d02950ecced2bb,deepseek_r1_llama_8b,R1_METADATA_NEUTRAL,T0_OFF,1,1
edffde6d72a30cf141d02950ecced2bb,deepseek_r1_llama_8b,R1_METADATA_NEUTRAL,T1_SILENT_CHECK,0,1
edffde6d72a30cf141d02950ecced2bb,deepseek_r1_llama_8b,R2_NO_INFORMATION,T0_OFF,0,1
edffde6d72a30cf141d02950ecced2bb,deepseek_r1_llama_8b,R2_NO_INFORMATION,T1_SILENT_CHECK,1,1
edffde6d72a30cf141d02950ecced2bb,deepseek_r1_llama_8b,R3_IRRELEVANT_CONTEXT,T0_OFF,1,1
edffde6d72a30cf141d02950ecced2bb,deepseek_r1_llama_8b,R3_IRRELEVANT_CONTEXT,T1_SILENT_CHECK,1,1
edffde6d72a30cf141d02950ecced2bb,llama31_8b_it,R0_BASE,T0_OFF,0,0
edffde6d72a30cf141d02950ecced2bb,llama31_8b_it,R0_BASE,T1_SILENT_CHECK,0,0
edffde6d72a30cf141d02950ecced2bb,llama31_8b_it,R1_METADATA_NEUTRAL,T0_OFF,0,0
edffde6d72a30cf141d02950ecced2bb,llama31_8b_it,R1_METADATA_NEUTRAL,T1_SILENT_CHECK,0,0
edffde6d72a30cf141d02950ecced2bb,llama31_8b_it,R2_NO_INFORMATION,T0_OFF,0,0
edffde6d72a30cf141d02950ecced2bb,llama31_8b_it,R2_NO_INFORMATION,T1_SILENT_CHECK,0,0
edffde6d72a30cf141d02950ecced2bb,llama31_8b_it,R3_IRRELEVANT_CONTEXT,T0_OFF,0,0
edffde6d72a30cf141d02950ecced2bb,llama31_8b_it,R3_IRRELEVANT_CONTEXT,T1_SILENT_CHECK,0,0
c94220df8b71a805f2394ed2fa0dd30c,deepseek_r1_llama_8b,R0_BASE,T0_OFF,1,0
c94220df8b71a805f2394ed2fa0dd30c,deepseek_r1_llama_8b,R0_BASE,T1_SILENT_CHECK,0,0
c94220df8b71a805f2394ed2fa0dd30c,deepseek_r1_llama_8b,R1_METADATA_NEUTRAL,T0_OFF,0,0
c94220df8b71a805f2394ed2fa0dd30c,deepseek_r1_llama_8b,R1_METADATA_NEUTRAL,T1_SILENT_CHECK,0,0
c94220df8b71a805f2394ed2fa0dd30c,deepseek_r1_llama_8b,R2_NO_INFORMATION,T0_OFF,0,0
c94220df8b71a805f2394ed2fa0dd30c,deepseek_r1_llama_8b,R2_NO_INFORMATION,T1_SILENT_CHECK,0,0
c94220df8b71a805f2394ed2fa0dd30c,deepseek_r1_llama_8b,R3_IRRELEVANT_CONTEXT,T0_OFF,1,1
c94220df8b71a805f2394ed2fa0dd30c,deepseek_r1_llama_8b,R3_IRRELEVANT_CONTEXT,T1_SILENT_CHECK,0,0
c94220df8b71a805f2394ed2fa0dd30c,llama31_8b_it,R0_BASE,T0_OFF,1,1
c94220df8b71a805f2394ed2fa0dd30c,llama31_8b_it,R0_BASE,T1_SILENT_CHECK,1,1
c94220df8b71a805f2394ed2fa0dd30c,llama31_8b_it,R1_METADATA_NEUTRAL,T0_OFF,0,1
c94220df8b71a805f2394ed2fa0dd30c,llama31_8b_it,R1_METADATA_NEUTRAL,T1_SILENT_CHECK,1,1
c94220df8b71a805f2394ed2fa0dd30c,llama31_8b_it,R2_NO_INFORMATION,T0_OFF,0,1
c94220df8b71a805f2394ed2fa0dd30c,llama31_8b_it,R2_NO_INFORMATION,T1_SILENT_CHECK,1,1
c94220df8b71a805f2394ed2fa0dd30c,llama31_8b_it,R3_IRRELEVANT_CONTEXT,T0_OFF,1,0
c94220df8b71a805f2394ed2fa0dd30c,llama31_8b_it,R3_IRRELEVANT_CONTEXT,T1_SILENT_CHECK,0,1
589bcdf7fb6ac359e8fd49caeed80107,deepseek_r1_llama_8b,R0_BASE,T0_OFF,1,1
589bcdf7fb6ac359e8fd49caeed80107,deepseek_r1_llama_8b,R0_BASE,T1_SILENT_CHECK,0,0
589bcdf7fb6ac359e8fd49caeed80107,deepseek_r1_llama_8b,R1_METADATA_NEUTRAL,T0_OFF,1,0
589bcdf7fb6ac359e8fd49caeed80107,deepseek_r1_llama_8b,R1_METADATA_NEUTRAL,T1_SILENT_CHECK,0,1
589bcdf7fb6ac359e8fd49caeed80107,deepseek_r1_llama_8b,R2_NO_INFORMATION,T0_OFF,0,0
589bcdf7fb6ac359e8fd49caeed80107,deepseek_r1_llama_8b,R2_NO_INFORMATION,T1_SILENT_CHECK,0,0
589bcdf7fb6ac359e8fd49caeed80107,deepseek_r1_llama_8b,R3_IRRELEVANT_CONTEXT,T0_OFF,1,0
589bcdf7fb6ac359e8fd49caeed80107,deepseek_r1_llama_8b,R3_IRRELEVANT_CONTEXT,T1_SILENT_CHECK,1,0
589bcdf7fb6ac359e8fd49caeed80107,llama31_8b_it,R0_BASE,T0_OFF,0,1
589bcdf7fb6ac359e8fd49caeed80107,llama31_8b_it,R0_BASE,T1_SILENT_CHECK,1,1
589bcdf7fb6ac359e8fd49caeed80107,llama31_8b_it,R1_METADATA_NEUTRAL,T0_OFF,0,1
589bcdf7fb6ac359e8fd49caeed80107,llama31_8b_it,R1_METADATA_NEUTRAL,T1_SILENT_CHECK,1,1
589bcdf7fb6ac359e8fd49caeed80107,llama31_8b_it,R2_NO_INFORMATION,T0_OFF,1,1
589bcdf7fb6ac359e8fd49caeed80107,llama31_8b_it,R2_NO_INFORMATION,T1_SILENT_CHECK,1,1
589bcdf7fb6ac359e8fd49caeed80107,llama31_8b_it,R3_IRRELEVANT_CONTEXT,T0_OFF,0,1
589bcdf7fb6ac359e8fd49caeed80107,llama31_8b_it,R3_IRRELEVANT_CONTEXT,T1_SILENT_CHECK,0,0
210a9522fd0f1a29f1bcb35921c1c3fd,deepseek_r1_llama_8b,R0_BASE,T0_OFF,0,1
210a9522fd0f1a29f1bcb35921c1c3fd,deepseek_r1_llama_8b,R0_BASE,T1_SILENT_CHECK,1,1
210a9522fd0f1a29f1bcb35921c1c3fd,deepseek_r1_llama_8b,R1_METADATA_NEUTRAL,T0_OFF,1,1
210a9522fd0f1a29f1bcb35921c1c3fd,deepseek_r1_llama_8b,R1_METADATA_NEUTRAL,T1_SILENT_CHECK,1,1
210a9522fd0f1a29f1bcb35921c1c3fd,deepseek_r1_llama_8b,R2_NO_INFORMATION,T0_OFF,0,0
210a9522fd0f1a29f1bcb35921c1c3fd,deepseek_r1_llama_8b,R2_NO_INFORMATION,T1_SILENT_CHECK,0,1
210a9522fd0f1a29f1bcb35921c1c3fd,deepseek_r1_llama_8b,R3_IRRELEVANT_CONTEXT,T0_OFF,0,1
210a9522fd0f1a29f1bcb35921c1c3fd,deepseek_r1_llama_8b,R3_IRRELEVANT_CONTEXT,T1_SILENT_CHECK,1,1
210a9522fd0f1a29f1bcb35921c1c3fd,llama31_8b_it,R0_BASE,T0_OFF,1,0
210a9522fd0f1a29f1bcb35921c1c3fd,llama31_8b_it,R0_BASE,T1_SILENT_CHECK,1,0
210a9522fd0f1a29f1bcb35921c1c3fd,llama31_8b_it,R1_METADATA_NEUTRAL,T0_OFF,1,1
210a9522fd0f1a29f1bcb35921c1c3fd,llama31_8b_it,R1_METADATA_NEUTRAL,T1_SILENT_CHECK,1,0
210a9522fd0f1a29f1bcb35921c1c3fd,llama31_8b_it,R2_NO_INFORMATION,T0_OFF,1,0
210a9522fd0f1a29f1bcb35921c1c3fd,llama31_8b_it,R2_NO_INFORMATION,T1_SILENT_CHECK,1,0
210a9522fd0f1a29f1bcb35921c1c3fd,llama31_8b_it,R3_IRRELEVANT_CONTEXT,T0_OFF,1,0
210a9522fd0f1a29f1bcb35921c1c3fd,llama31_8b_it,R3_IRRELEVANT_CONTEXT,T1_SILENT_CHECK,1,0
775abdea3a141826c2cfb4d8905d3db8,deepseek_r1_llama_8b,R0_BASE,T0_OFF,0,1
775abdea3a141826c2cfb4d8905d3db8,deepseek_r1_llama_8b,R0_BASE,T1_SILENT_CHECK,0,0
775abdea3a141826c2cfb4d8905d3db8,deepseek_r1_llama_8b,R1_METADATA_NEUTRAL,T0_OFF,1,0
775abdea3a141826c2cfb4d8905d3db8,deepseek_r1_llama_8b,R1_METADATA_NEUTRAL,T1_SILENT_CHECK,0,0
775abdea3a141826c2cfb4d8905d3db8,deepseek_r1_llama_8b,R2_NO_INFORMATION,T0_OFF,1,0
775abdea3a141826c2cfb4d8905d3db8,deepseek_r1_llama_8b,R2_NO_INFORMATION,T1_SILENT_CHECK,0,0
775abdea3a141826c2cfb4d8905d3db8,deepseek_r1_llama_8b,R3_IRRELEVANT_CONTEXT,T0_OFF,1,0
775abdea3a141826c2cfb4d8905d3db8,deepseek_r1_llama_8b,R3_IRRELEVANT_CONTEXT,T1_SILENT_CHECK,0,1
775abdea3a141826c2cfb4d8905d3db8,llama31_8b_it,R0_BASE,T0_OFF,1,0
775abdea3a141826c2cfb4d8905d3db8,llama31_8b_it,R0_BASE,T1_SILENT_CHECK,0,0
775abdea3a141826c2cfb4d8905d3db8,llama31_8b_it,R1_METADATA_NEUTRAL,T0_OFF,0,0
775abdea3a141826c2cfb4d8905d3db8,llama31_8b_it,R1_METADATA_NEUTRAL,T1_SILENT_CHECK,0,0
775abdea3a141826c2cfb4d8905d3db8,llama31_8b_it,R2_NO_INFORMATION,T0_OFF,1,1
775abdea3a141826c2cfb4d8905d3db8,llama31_8b_it,R2_NO_INFORMATION,T1_SILENT_CHECK,0,0
775abdea3a141826c2cfb4d8905d3db8,llama31_8b_it,R3_IRRELEVANT_CONTEXT,T0_OFF,0,0
775abdea3a141826c2cfb4d8905d3db8,llama31_8b_it,R3_IRRELEVANT_CONTEXT,T1_SILENT_CHECK,0,1
ce6b242d00c9f5090b14620e317deaf8,deepseek_r1_llama_8b,R0_BASE,T0_OFF,0,1
ce6b242d00c9f5090b14620e317deaf8,deepseek_r1_llama_8b,R0_BASE,T1_SILENT_CHECK,1,1
ce6b242d00c9f5090b14620e317deaf8,deepseek_r1_llama_8b,R1_METADATA_NEUTRAL,T0_OFF,1,1
ce6b242d00c9f5090b14620e317deaf8,deepseek_r1_llama_8b,R1_METADATA_NEUTRAL,T1_SILENT_CHECK,1,1
ce6b242d00c9f5090b14620e317deaf8,deepseek_r1_llama_8b,R2_NO_INFORMATION,T0_OFF,1,1
ce6b242d00c9f5090b14620e317deaf8,deepseek_r1_llama_8b,R2_NO_INFORMATION,T1_SILENT_CHECK,0,1
ce6b242d00c9f5090b14620e317deaf8,deepseek_r1_llama_8b,R3_IRRELEVANT_CONTEXT,T0_OFF,1,1
ce6b242d00c9f5090b14620e317deaf8,deepseek_r1_llama_8b,R3_IRRELEVANT_CONTEXT,T1_SILENT_CHECK,1,1
ce6b242d00c9f5090b14620e317deaf8,llama31_8b_it,R0_BASE,T0_OFF,1,1
ce6b242d00c9f5090b14620e317deaf8,llama31_8b_it,R0_BASE,T1_SILENT_CHECK,1,1
ce6b242d00c9f5090b14620e317deaf8,llama31_8b_it,R1_METADATA_NEUTRAL,T0_OFF,1,1
ce6b242d00c9f5090b14620e317deaf8,llama31_8b_it,R1_METADATA_NEUTRAL,T1_SILENT_CHECK,0,1
ce6b242d00c9f5090b14620e317deaf8,llama31_8b_it,R2_NO_INFORMATION,T0_OFF,0,1
ce6b242d00c9f5090b14620e317deaf8,llama31_8b_it,R2_NO_INFORMATION,T1_SILENT_CHECK,1,1
ce6b242d00c9f5090b14620e317deaf8,llama31_8b_it,R3_IRRELEVANT_CONTEXT,T0_OFF,1,1
ce6b242d00c9f5090b14620e317deaf8,llama31_8b_it,R3_IRRELEVANT_CONTEXT,T1_SILENT_CHECK,0,1
5a2f61d44ca01273d04b963e5c2e036e,deepseek_r1_llama_8b,R0_BASE,T0_OFF,1,1
5a2f61d44ca01273d04b963e5c2e036e,deepseek_r1_llama_8b,R0_BASE,T1_SILENT_CHECK,1,1
5a2f61d44ca01273d04b963e5c2e036e,deepseek_r1_llama_8b,R1_METADATA_NEUTRAL,T0_OFF,1,0
5a2f61d44ca01273d04b963e5c2e036e,deepseek_r1_llama_8b,R1_METADATA_NEUTRAL,T1_SILENT_CHECK,0,0
5a2f61d44ca01273d04b963e5c2e036e,deepseek_r1_llama_8b,R2_NO_INFORMATION,T0_OFF,1,1
5a2f61d44ca01273d04b963e5c2e036e,deepseek_r1_llama_8b,R2_NO_INFORMATION,T1_SILENT_CHECK,0,0
5a2f61d44ca01273d04b963e5c2e036e,deepseek_r1_llama_8b,R3_IRRELEVANT_CONTEXT,T0_OFF,1,1
5a2f61d44ca01273d04b963e5c2e036e,deepseek_r1_llama_8b,R3_IRRELEVANT_CONTEXT,T1_SILENT_CHECK,0,0
5a2f61d44ca01273d04b963e5c2e036e,llama31_8b_it,R0_BASE,T0_OFF,1,1
5a2f61d44ca01273d04b963e5c2e036e,llama31_8b_it,R0_BASE,T1_SILENT_CHECK,1,0
5a2f61d44ca01273d04b963e5c2e036e,llama31_8b_it,R1_METADATA_NEUTRAL,T0_OFF,1,1
5a2f61d44ca01273d04b963e5c2e036e,llama31_8b_it,R1_METADATA_NEUTRAL,T1_SILENT_CHECK,0,1
5a2f61d44ca01273d04b963e5c2e036e,llama31_8b_it,R2_NO_INFORMATION,T0_OFF,1,0
5a2f61d44ca01273d04b963e5c2e036e,llama31_8b_it,R2_NO_INFORMATION,T1_SILENT_CHECK,0,0
5a2f61d44ca01273d04b963e5c2e036e,llama31_8b_it,R3_IRRELEVANT_CONTEXT,T0_OFF,0,0
5a2f61d44ca01273d04b963e5c2e036e,llama31_8b_it,R3_IRRELEVANT_CONTEXT,T1_SILENT_CHECK,1,0
97e660fbf70dce63c0ed6d0761386677,deepseek_r1_llama_8b,R0_BASE,T0_OFF,0,1
97e660fbf70dce63c0ed6d0761386677,deepseek_r1_llama_8b,R0_BASE,T1_SILENT_CHECK,0,0
97e660fbf70dce63c0ed6d0761386677,deepseek_r1_llama_8b,R1_METADATA_NEUTRAL,T0_OFF,0,0
97e660fbf70dce63c0ed6d0761386677,deepseek_r1_llama_8b,R1_METADATA_NEUTRAL,T1_SILENT_CHECK,0,0
97e660fbf70dce63c0ed6d0761386677,deepseek_r1_llama_8b,R2_NO_INFORMATION,T0_OFF,0,0
97e660fbf70dce63c0ed6d0761386677,deepseek_r1_llama_8b,R2_NO_INFORMATION,T1_SILENT_CHECK,0,0
97e660fbf70dce63c0ed6d0761386677,deepseek_r1_llama_8b,R3_IRRELEVANT_CONTEXT,T0_OFF,0,0
97e660fbf70dce63c0ed6d0761386677,deepseek_r1_llama_8b,R3_IRRELEVANT_CONTEXT,T1_SILENT_CHECK,0,0
97e660fbf70dce63c0ed6d0761386677,llama31_8b_it,R0_BASE,T0_OFF,0,0
97e660fbf70dce63c0ed6d0761386677,llama31_8b_it,R0_BASE,T1_SILENT_CHECK,0,0
97e660fbf70dce63c0ed6d0761386677,llama31_8b_it,R1_METADATA_NEUTRAL,T0_OFF,0,0
97e660fbf70dce63c0ed6d0761386677,llama31_8b_it,R1_METADATA_NEUTRAL,T1_SILENT_CHECK,0,0
97e660fbf70dce63c0ed6d0761386677,llama31_8b_it,R2_NO_INFORMATION,T0_OFF,0,0
97e660fbf70dce63c0ed6d0761386677,llama31_8b_it,R2_NO_INFORMATION,T1_SILENT_CHECK,0,0
97e660fbf70dce63c0ed6d0761386677,llama31_8b_it,R3_IRRELEVANT_CONTEXT,T0_OFF,0,0
97e660fbf70dce63c0ed6d0761386677,llama31_8b_it,R3_IRRELEVANT_CONTEXT,T1_SILENT_CHECK,0,0
0dfa7cd16e44c1c9f5d78998733ee0b7,deepseek_r1_llama_8b,R0_BASE,T0_OFF,0,0
0dfa7cd16e44c1c9f5d78998733ee0b7,deepseek_r1_llama_8b,R0_BASE,T1_SILENT_CHECK,0,0
0dfa7cd16e44c1c9f5d78998733ee0b7,deepseek_r1_llama_8b,R1_METADATA_NEUTRAL,T0_OFF,0,0
0dfa7cd16e44c1c9f5d78998733ee0b7,deepseek_r1_llama_8b,R1_METADATA_NEUTRAL,T1_SILENT_CHECK,0,0
0dfa7cd16e44c1c9f5d78998733ee0b7,deepseek_r1_llama_8b,R2_NO_INFORMATION,T0_OFF,0,0
0dfa7cd16e44c1c9f5d78998733ee0b7,deepseek_r1_llama_8b,R2_NO_INFORMATION,T1_SILENT_CHECK,0,0
0dfa7cd16e44c1c9f5d78998733ee0b7,deepseek_r1_llama_8b,R3_IRRELEVANT_CONTEXT,T0_OFF,0,0
0dfa7cd16e44c1c9f5d78998733ee0b7,deepseek_r1_llama_8b,R3_IRRELEVANT_CONTEXT,T1_SILENT_CHECK,0,0
0dfa7cd16e44c1c9f5d78998733ee0b7,llama31_8b_it,R0_BASE,T0_OFF,0,0
0dfa7cd16e44c1c9f5d78998733ee0b7,llama31_8b_it,R0_BASE,T1_SILENT_CHECK,0,0
0dfa7cd16e44c1c9f5d78998733ee0b7,llama31_8b_it,R1_METADATA_NEUTRAL,T0_OFF,0,0
0dfa7cd16e44c1c9f5d78998733ee0b7,llama31_8b_it,R1_METADATA_NEUTRAL,T1_SILENT_CHECK,0,0
0dfa7cd16e44c1c9f5d78998733ee0b7,llama31_8b_it,R2_NO_INFORMATION,T0_OFF,0,0
0dfa7cd16e44c1c9f5d78998733ee0b7,llama31_8b_it,R2_NO_INFORMATION,T1_SILENT_CHECK,0,0
0dfa7cd16e44c1c9f5d78998733ee0b7,llama31_8b_it,R3_IRRELEVANT_CONTEXT,T0_OFF,0,0
0dfa7cd16e44c1c9f5d78998733ee0b7,llama31_8b_it,R3_IRRELEVANT_CONTEXT,T1_SILENT_CHECK,0,0
30666eae9bdb5acf2e5b9d2e1fe9ee85,deepseek_r1_llama_8b,R0_BASE,T0_OFF,1,1
30666eae9bdb5acf2e5b9d2e1fe9ee85,deepseek_r1_llama_8b,R0_BASE,T1_SILENT_CHECK,1,1
30666eae9bdb5acf2e5b9d2e1fe9ee85,deepseek_r1_llama_8b,R1_METADATA_NEUTRAL,T0_OFF,1,1
30666eae9bdb5acf2e5b9d2e1fe9ee85,deepseek_r1_llama_8b,R1_METADATA_NEUTRAL,T1_SILENT_CHECK,1,1
30666eae9bdb5acf2e5b9d2e1fe9ee85,deepseek_r1_llama_8b,R2_NO_INFORMATION,T0_OFF,1,1
30666eae9bdb5acf2e5b9d2e1fe9ee85,deepseek_r1_llama_8b,R2_NO_INFORMATION,T1_SILENT_CHECK,1,1
30666eae9bdb5acf2e5b9d2e1fe9ee85,deepseek_r1_llama_8b,R3_IRRELEVANT_CONTEXT,T0_OFF,1,1
30666eae9bdb5acf2e5b9d2e1fe9ee85,deepseek_r1_llama_8b,R3_IRRELEVANT_CONTEXT,T1_SILENT_CHECK,1,1
30666eae9bdb5acf2e5b9d2e1fe9ee85,llama31_8b_it,R0_BASE,T0_OFF,1,1
30666eae9bdb5acf2e5b9d2e1fe9ee85,llama31_8b_it,R0_BASE,T1_SILENT_CHECK,1,1
30666eae9bdb5acf2e5b9d2e1fe9ee85,llama31_8b_it,R1_METADATA_NEUTRAL,T0_OFF,1,1
30666eae9bdb5acf2e5b9d2e1fe9ee85,llama31_8b_it,R1_METADATA_NEUTRAL,T1_SILENT_CHECK,1,1
30666eae9bdb5acf2e5b9d2e1fe9ee85,llama31_8b_it,R2_NO_INFORMATION,T0_OFF,1,1
30666eae9bdb5acf2e5b9d2e1fe9ee85,llama31_8b_it,R2_NO_INFORMATION,T1_SILENT_CHECK,1,1
30666eae9bdb5acf2e5b9d2e1fe9ee85,llama31_8b_it,R3_IRRELEVANT_CONTEXT,T0_OFF,1,1
30666eae9bdb5acf2e5b9d2e1fe9ee85,llama31_8b_it,R3_IRRELEVANT_CONTEXT,T1_SILENT_CHECK,1,1
9d7e7b57951683eaa3c1fba843f6e5ab,deepseek_r1_llama_8b,R0_BASE,T0_OFF,1,1
9d7e7b57951683eaa3c1fba843f6e5ab,deepseek_r1_llama_8b,R0_BASE,T1_SILENT_CHECK,1,1
9d7e7b57951683eaa3c1fba843f6e5ab,deepseek_r1_llama_8b,R1_METADATA_NEUTRAL,T0_OFF,1,1
9d7e7b57951683eaa3c1fba843f6e5ab,deepseek_r1_llama_8b,R1_METADATA_NEUTRAL,T1_SILENT_CHECK,1,1
9d7e7b57951683eaa3c1fba843f6e5ab,deepseek_r1_llama_8b,R2_NO_INFORMATION,T0_OFF,0,1
9d7e7b57951683eaa3c1fba843f6e5ab,deepseek_r1_llama_8b,R2_NO_INFORMATION,T1_SILENT_CHECK,1,1
9d7e7b57951683eaa3c1fba843f6e5ab,deepseek_r1_llama_8b,R3_IRRELEVANT_CONTEXT,T0_OFF,1,1
9d7e7b57951683eaa3c1fba843f6e5ab,deepseek_r1_llama_8b,R3_IRRELEVANT_CONTEXT,T1_SILENT_CHECK,1,1
9d7e7b57951683eaa3c1fba843f6e5ab,llama31_8b_it,R0_BASE,T0_OFF,0,0
9d7e7b57951683eaa3c1fba843f6e5ab,llama31_8b_it,R0_BASE,T1_SILENT_CHECK,1,1
9d7e7b57951683eaa3c1fba843f6e5ab,llama31_8b_it,R1_METADATA_NEUTRAL,T0_OFF,1,1
9d7e7b57951683eaa3c1fba843f6e5ab,llama31_8b_it,R1_METADATA_NEUTRAL,T1_SILENT_CHECK,1,1
9d7e7b57951683eaa3c1fba843f6e5ab,llama31_8b_it,R2_NO_INFORMATION,T0_OFF,0,0
9d7e7b57951683eaa3c1fba843f6e5ab,llama31_8b_it,R2_NO_INFORMATION,T1_SILENT_CHECK,1,1
9d7e7b57951683eaa3c1fba843f6e5ab,llama31_8b_it,R3_IRRELEVANT_CONTEXT,T0_OFF,1,1
9d7e7b57951683eaa3c1fba843f6e5ab,llama31_8b_it,R3_IRRELEVANT_CONTEXT,T1_SILENT_CHECK,1,0
51c9d3d98ddee132345ff6784c3fe6b8,deepseek_r1_llama_8b,R0_BASE,T0_OFF,0,0
51c9d3d98ddee132345ff6784c3fe6b8,deepseek_r1_llama_8b,R0_BASE,T1_SILENT_CHECK,0,1
51c9d3d98ddee132345ff6784c3fe6b8,deepseek_r1_llama_8b,R1_METADATA_NEUTRAL,T0_OFF,1,1
51c9d3d98ddee132345ff6784c3fe6b8,deepseek_r1_llama_8b,R1_METADATA_NEUTRAL,T1_SILENT_CHECK,1,1
51c9d3d98ddee132345ff6784c3fe6b8,deepseek_r1_llama_8b,R2_NO_INFORMATION,T0_OFF,1,1
51c9d3d98ddee132345ff6784c3fe6b8,deepseek_r1_llama_8b,R2_NO_INFORMATION,T1_SILENT_CHECK,1,1
51c9d3d98ddee132345ff6784c3fe6b8,deepseek_r1_llama_8b,R3_IRRELEVANT_CONTEXT,T0_OFF,1,0
51c9d3d98ddee132345ff6784c3fe6b8,deepseek_r1_llama_8b,R3_IRRELEVANT_CONTEXT,T1_SILENT_CHECK,0,1
51c9d3d98ddee132345ff6784c3fe6b8,llama31_8b_it,R0_BASE,T0_OFF,1,1
51c9d3d98ddee132345ff6784c3fe6b8,llama31_8b_it,R0_BASE,T1_SILENT_CHECK,1,1
51c9d3d98ddee132345ff6784c3fe6b8,llama31_8b_it,R1_METADATA_NEUTRAL,T0_OFF,1,1
51c9d3d98ddee132345ff6784c3fe6b8,llama31_8b_it,R1_METADATA_NEUTRAL,T1_SILENT_CHECK,1,0
51c9d3d98ddee132345ff6784c3fe6b8,llama31_8b_it,R2_NO_INFORMATION,T0_OFF,1,1
51c9d3d98ddee132345ff6784c3fe6b8,llama31_8b_it,R2_NO_INFORMATION,T1_SILENT_CHECK,1,1
51c9d3d98ddee132345ff6784c3fe6b8,llama31_8b_it,R3_IRRELEVANT_CONTEXT,T0_OFF,1,1
51c9d3d98ddee132345ff6784c3fe6b8,llama31_8b_it,R3_IRRELEVANT_CONTEXT,T1_SILENT_CHECK,1,1
ef40b7dba66c50d5d9ee712fdab39515,deepseek_r1_llama_8b,R0_BASE,T0_OFF,0,0
ef40b7dba66c50d5d9ee712fdab39515,deepseek_r1_llama_8b,R0_BASE,T1_SILENT_CHECK,1,0
ef40b7dba66c50d5d9ee712fdab39515,deepseek_r1_llama_8b,R1_METADATA_NEUTRAL,T0_OFF,0,1
ef40b7dba66c50d5d9ee712fdab39515,deepseek_r1_llama_8b,R1_METADATA_NEUTRAL,T1_SILENT_CHECK,0,0
ef40b7dba66c50d5d9ee712fdab39515,deepseek_r1_llama_8b,R2_NO_INFORMATION,T0_OFF,0,0
ef40b7dba66c50d5d9ee712fdab39515,deepseek_r1_llama_8b,R2_NO_INFORMATION,T1_SILENT_CHECK,1,0
ef40b7dba66c50d5d9ee712fdab39515,deepseek_r1_llama_8b,R3_IRRELEVANT_CONTEXT,T0_OFF,0,1
ef40b7dba66c50d5d9ee712fdab39515,deepseek_r1_llama_8b,R3_IRRELEVANT_CONTEXT,T1_SILENT_CHECK,0,0
ef40b7dba66c50d5d9ee712fdab39515,llama31_8b_it,R0_BASE,T0_OFF,0,0
ef40b7dba66c50d5d9ee712fdab39515,llama31_8b_it,R0_BASE,T1_SILENT_CHECK,0,1
ef40b7dba66c50d5d9ee712fdab39515,llama31_8b_it,R1_METADATA_NEUTRAL,T0_OFF,1,0
ef40b7dba66c50d5d9ee712fdab39515,llama31_8b_it,R1_METADATA_NEUTRAL,T1_SILENT_CHECK,0,1
ef40b7dba66c50d5d9ee712fdab39515,llama31_8b_it,R2_NO_INFORMATION,T0_OFF,0,0
ef40b7dba66c50d5d9ee712fdab39515,llama31_8b_it,R2_NO_INFORMATION,T1_SILENT_CHECK,0,1
ef40b7dba66c50d5d9ee712fdab39515,llama31_8b_it,R3_IRRELEVANT_CONTEXT,T0_OFF,0,0
ef40b7dba66c50d5d9ee712fdab39515,llama31_8b_it,R3_IRRELEVANT_CONTEXT,T1_SILENT_CHECK,0,0
54d3445f53d11b1e0eced675f46551c4,deepseek_r1_llama_8b,R0_BASE,T0_OFF,0,0
54d3445f53d11b1e0eced675f46551c4,deepseek_r1_llama_8b,R0_BASE,T1_SILENT_CHECK,0,0
54d3445f53d11b1e0eced675f46551c4,deepseek_r1_llama_8b,R1_METADATA_NEUTRAL,T0_OFF,0,0
54d3445f53d11b1e0eced675f46551c4,deepseek_r1_llama_8b,R1_METADATA_NEUTRAL,T1_SILENT_CHECK,0,0
54d3445f53d11b1e0eced675f46551c4,deepseek_r1_llama_8b,R2_NO_INFORMATION,T0_OFF,0,0
54d3445f53d11b1e0eced675f46551c4,deepseek_r1_llama_8b,R2_NO_INFORMATION,T1_SILENT_CHECK,0,0
54d3445f53d11b1e0eced675f46551c4,deepseek_r1_llama_8b,R3_IRRELEVANT_CONTEXT,T0_OFF,0,0
54d3445f53d11b1e0eced675f46551c4,deepseek_r1_llama_8b,R3_IRRELEVANT_CONTEXT,T1_SILENT_CHECK,0,0
54d3445f53d11b1e0eced675f46551c4,llama31_8b_it,R0_BASE,T0_OFF,0,0
54d3445f53d11b1e0eced675f46551c4,llama31_8b_it,R0_BASE,T1_SILENT_CHECK,0,0
54d3445f53d11b1e0eced675f46551c4,llama31_8b_it,R1_METADATA_NEUTRAL,T0_OFF,0,0
54d3445f53d11b1e0eced675f46551c4,llama31_8b_it,R1_METADATA_NEUTRAL,T1_SILENT_CHECK,0,0
54d3445f53d11b1e0eced675f46551c4,llama31_8b_it,R2_NO_INFORMATION,T0_OFF,0,0
54d3445f53d11b1e0eced675f46551c4,llama31_8b_it,R2_NO_INFORMATION,T1_SILENT_CHECK,0,0
54d3445f53d11b1e0eced675f46551c4,llama31_8b_it,R3_IRRELEVANT_CONTEXT,T0_OFF,0,0
54d3445f53d11b1e0eced675f46551c4,llama31_8b_it,R3_IRRELEVANT_CONTEXT,T1_SILENT_CHECK,0,1
1f7af95ac7f113d6c2e3d66344382236,deepseek_r1_llama_8b,R0_BASE,T0_OFF,1,1
1f7af95ac7f113d6c2e3d66344382236,deepseek_r1_llama_8b,R0_BASE,T1_SILENT_CHECK,1,1
1f7af95ac7f113d6c2e3d66344382236,deepseek_r1_llama_8b,R1_METADATA_NEUTRAL,T0_OFF,1,1
1f7af95ac7f113d6c2e3d66344382236,deepseek_r1_llama_8b,R1_METADATA_NEUTRAL,T1_SILENT_CHECK,1,1
1f7af95ac7f113d6c2e3d66344382236,deepseek_r1_llama_8b,R2_NO_INFORMATION,T0_OFF,1,1
1f7af95ac7f113d6c2e3d66344382236,deepseek_r1_llama_8b,R2_NO_INFORMATION,T1_SILENT_CHECK,1,1
1f7af95ac7f113d6c2e3d66344382236,deepseek_r1_llama_8b,R3_IRRELEVANT_CONTEXT,T0_OFF,1,1
1f7af95ac7f113d6c2e3d66344382236,deepseek_r1_llama_8b,R3_IRRELEVANT_CONTEXT,T1_SILENT_CHECK,1,1
1f7af95ac7f113d6c2e3d66344382236,llama31_8b_it,R0_BASE,T0_OFF,1,1
1f7af95ac7f113d6c2e3d66344382236,llama31_8b_it,R0_BASE,T1_SILENT_CHECK,1,1
1f7af95ac7f113d6c2e3d66344382236,llama31_8b_it,R1_METADATA_NEUTRAL,T0_OFF,1,1
1f7af95ac7f113d6c2e3d66344382236,llama31_8b_it,R1_METADATA_NEUTRAL,T1_SILENT_CHECK,1,1
1f7af95ac7f113d6c2e3d66344382236,llama31_8b_it,R2_NO_INFORMATION,T0_OFF,1,1
1f7af95ac7f113d6c2e3d66344382236,llama31_8b_it,R2_NO_INFORMATION,T1_SILENT_CHECK,1,1
1f7af95ac7f113d6c2e3d66344382236,llama31_8b_it,R3_IRRELEVANT_CONTEXT,T0_OFF,1,1
1f7af95ac7f113d6c2e3d66344382236,llama31_8b_it,R3_IRRELEVANT_CONTEXT,T1_SILENT_CHECK,1,1
f42d3f3bdfb87622863529a3363f9354,deepseek_r1_llama_8b,R0_BASE,T0_OFF,0,0
f42d3f3bdfb87622863529a3363f9354,deepseek_r1_llama_8b,R0_BASE,T1_SILENT_CHECK,0,0
f42d3f3bdfb87622863529a3363f9354,deepseek_r1_llama_8b,R1_METADATA_NEUTRAL,T0_OFF,0,0
f42d3f3bdfb87622863529a3363f9354,deepseek_r1_llama_8b,R1_METADATA_NEUTRAL,T1_SILENT_CHECK,0,0
f42d3f3bdfb87622863529a3363f9354,deepseek_r1_llama_8b,R2_NO_INFORMATION,T0_OFF,0,0
f42d3f3bdfb87622863529a3363f9354,deepseek_r1_llama_8b,R2_NO_INFORMATION,T1_SILENT_CHECK,0,0
f42d3f3bdfb87622863529a3363f9354,deepseek_r1_llama_8b,R3_IRRELEVANT_CONTEXT,T0_OFF,0,0
f42d3f3bdfb87622863529a3363f9354,deepseek_r1_llama_8b,R3_IRRELEVANT_CONTEXT,T1_SILENT_CHECK,0,0
f42d3f3bdfb87622863529a3363f9354,llama31_8b_it,R0_BASE,T0_OFF,0,0
f42d3f3bdfb87622863529a3363f9354,llama31_8b_it,R0_BASE,T1_SILENT_CHECK,0,0
f42d3f3bdfb87622863529a3363f9354,llama31_8b_it,R1_METADATA_NEUTRAL,T0_OFF,0,0
f42d3f3bdfb87622863529a3363f9354,llama31_8b_it,R1_METADATA_NEUTRAL,T1_SILENT_CHECK,0,0
f42d3f3bdfb87622863529a3363f9354,llama31_8b_it,R2_NO_INFORMATION,T0_OFF,0,0
f42d3f3bdfb87622863529a3363f9354,llama31_8b_it,R2_NO_INFORMATION,T1_SILENT_CHECK,0,0
f42d3f3bdfb87622863529a3363f9354,llama31_8b_it,R3_IRRELEVANT_CONTEXT,T0_OFF,0,0
f42d3f3bdfb87622863529a3363f9354,llama31_8b_it,R3_IRRELEVANT_CONTEXT,T1_SILENT_CHECK,0,0
fafdfacfd91cac28051717bfad4be125,deepseek_r1_llama_8b,R0_BASE,T0_OFF,1,1
fafdfacfd91cac28051717bfad4be125,deepseek_r1_llama_8b,R0_BASE,T1_SILENT_CHECK,1,0
fafdfacfd91cac28051717bfad4be125,deepseek_r1_llama_8b,R1_METADATA_NEUTRAL,T0_OFF,0,0
fafdfacfd91cac28051717bfad4be125,deepseek_r1_llama_8b,R1_METADATA_NEUTRAL,T1_SILENT_CHECK,0,0
fafdfacfd91cac28051717bfad4be125,deepseek_r1_llama_8b,R2_NO_INFORMATION,T0_OFF,1,0
fafdfacfd91cac28051717bfad4be125,deepseek_r1_llama_8b,R2_NO_INFORMATION,T1_SILENT_CHECK,0,0
fafdfacfd91cac28051717bfad4be125,deepseek_r1_llama_8b,R3_IRRELEVANT_CONTEXT,T0_OFF,1,0
fafdfacfd91cac28051717bfad4be125,deepseek_r1_llama_8b,R3_IRRELEVANT_CONTEXT,T1_SILENT_CHECK,0,0
fafdfacfd91cac28051717bfad4be125,llama31_8b_it,R0_BASE,T0_OFF,1,1
fafdfacfd91cac28051717bfad4be125,llama31_8b_it,R0_BASE,T1_SILENT_CHECK,1,1
fafdfacfd91cac28051717bfad4be125,llama31_8b_it,R1_METADATA_NEUTRAL,T0_OFF,1,1
fafdfacfd91cac28051717bfad4be125,llama31_8b_it,R1_METADATA_NEUTRAL,T1_SILENT_CHECK,1,1
fafdfacfd91cac28051717bfad4be125,llama31_8b_it,R2_NO_INFORMATION,T0_OFF,1,1
fafdfacfd91cac28051717bfad4be125,llama31_8b_it,R2_NO_INFORMATION,T1_SILENT_CHECK,1,1
fafdfacfd91cac28051717bfad4be125,llama31_8b_it,R3_IRRELEVANT_CONTEXT,T0_OFF,1,1
fafdfacfd91cac28051717bfad4be125,llama31_8b_it,R3_IRRELEVANT_CONTEXT,T1_SILENT_CHECK,1,1
d9f22b8b908ccef2ca35e72a321b3563,deepseek_r1_llama_8b,R0_BASE,T0_OFF,0,0
d9f22b8b908ccef2ca35e72a321b3563,deepseek_r1_llama_8b,R0_BASE,T1_SILENT_CHECK,0,0
d9f22b8b908ccef2ca35e72a321b3563,deepseek_r1_llama_8b,R1_METADATA_NEUTRAL,T0_OFF,0,0
d9f22b8b908ccef2ca35e72a321b3563,deepseek_r1_llama_8b,R1_METADATA_NEUTRAL,T1_SILENT_CHECK,0,0
d9f22b8b908ccef2ca35e72a321b3563,deepseek_r1_llama_8b,R2_NO_INFORMATION,T0_OFF,0,0
d9f22b8b908ccef2ca35e72a321b3563,deepseek_r1_llama_8b,R2_NO_INFORMATION,T1_SILENT_CHECK,0,0
d9f22b8b908ccef2ca35e72a321b3563,deepseek_r1_llama_8b,R3_IRRELEVANT_CONTEXT,T0_OFF,0,0
d9f22b8b908ccef2ca35e72a321b3563,deepseek_r1_llama_8b,R3_IRRELEVANT_CONTEXT,T1_SILENT_CHECK,0,0
d9f22b8b908ccef2ca35e72a321b3563,llama31_8b_it,R0_BASE,T0_OFF,0,0
d9f22b8b908ccef2ca35e72a321b3563,llama31_8b_it,R0_BASE,T1_SILENT_CHECK,0,0
d9f22b8b908ccef2ca35e72a321b3563,llama31_8b_it,R1_METADATA_NEUTRAL,T0_OFF,0,0
d9f22b8b908ccef2ca35e72a321b3563,llama31_8b_it,R1_METADATA_NEUTRAL,T1_SILENT_CHECK,0,0
d9f22b8b908ccef2ca35e72a321b3563,llama31_8b_it,R2_NO_INFORMATION,T0_OFF,0,0
d9f22b8b908ccef2ca35e72a321b3563,llama31_8b_it,R2_NO_INFORMATION,T1_SILENT_CHECK,1,0
d9f22b8b908ccef2ca35e72a321b3563,llama31_8b_it,R3_IRRELEVANT_CONTEXT,T0_OFF,0,0
d9f22b8b908ccef2ca35e72a321b3563,llama31_8b_it,R3_IRRELEVANT_CONTEXT,T1_SILENT_CHECK,0,0
b718e99df04f93328289c01a60573a78,deepseek_r1_llama_8b,R0_BASE,T0_OFF,1,1
b718e99df04f93328289c01a60573a78,deepseek_r1_llama_8b,R0_BASE,T1_SILENT_CHECK,1,1
b718e99df04f93328289c01a60573a78,deepseek_r1_llama_8b,R1_METADATA_NEUTRAL,T0_OFF,1,1
b718e99df04f93328289c01a60573a78,deepseek_r1_llama_8b,R1_METADATA_NEUTRAL,T1_SILENT_CHECK,1,1
b718e99df04f93328289c01a60573a78,deepseek_r1_llama_8b,R2_NO_INFORMATION,T0_OFF,1,1
b718e99df04f93328289c01a60573a78,deepseek_r1_llama_8b,R2_NO_INFORMATION,T1_SILENT_CHECK,1,1
b718e99df04f93328289c01a60573a78,deepseek_r1_llama_8b,R3_IRRELEVANT_CONTEXT,T0_OFF,0,0
b718e99df04f93328289c01a60573a78,deepseek_r1_llama_8b,R3_IRRELEVANT_CONTEXT,T1_SILENT_CHECK,1,0
b718e99df04f93328289c01a60573a78,llama31_8b_it,R0_BASE,T0_OFF,1,1
b718e99df04f93328289c01a60573a78,llama31_8b_it,R0_BASE,T1_SILENT_CHECK,1,0
b718e99df04f93328289c01a60573a78,llama31_8b_it,R1_METADATA_NEUTRAL,T0_OFF,1,1
b718e99df04f93328289c01a60573a78,llama31_8b_it,R1_METADATA_NEUTRAL,T1_SILENT_CHECK,1,0
b718e99df04f93328289c01a60573a78,llama31_8b_it,R2_NO_INFORMATION,T0_OFF,1,1
b718e99df04f93328289c01a60573a78,llama31_8b_it,R2_NO_INFORMATION,T1_SILENT_CHECK,1,1
b718e99df04f93328289c01a60573a78,llama31_8b_it,R3_IRRELEVANT_CONTEXT,T0_OFF,1,0
b718e99df04f93328289c01a60573a78,llama31_8b_it,R3_IRRELEVANT_CONTEXT,T1_SILENT_CHECK,1,0
581fc8d168f936568474eb2297c7f30c,deepseek_r1_llama_8b,R0_BASE,T0_OFF,1,1
581fc8d168f936568474eb2297c7f30c,deepseek_r1_llama_8b,R0_BASE,T1_SILENT_CHECK,0,1
581fc8d168f936568474eb2297c7f30c,deepseek_r1_llama_8b,R1_METADATA_NEUTRAL,T0_OFF,0,1
581fc8d168f936568474eb2297c7f30c,deepseek_r1_llama_8b,R1_METADATA_NEUTRAL,T1_SILENT_CHECK,0,0
581fc8d168f936568474eb2297c7f30c,deepseek_r1_llama_8b,R2_NO_INFORMATION,T0_OFF,0,0
581fc8d168f936568474eb2297c7f30c,deepseek_r1_llama_8b,R2_NO_INFORMATION,T1_SILENT_CHECK,0,1
581fc8d168f936568474eb2297c7f30c,deepseek_r1_llama_8b,R3_IRRELEVANT_CONTEXT,T0_OFF,0,1
581fc8d168f936568474eb2297c7f30c,deepseek_r1_llama_8b,R3_IRRELEVANT_CONTEXT,T1_SILENT_CHECK,1,1
581fc8d168f936568474eb2297c7f30c,llama31_8b_it,R0_BASE,T0_OFF,1,1
581fc8d168f936568474eb2297c7f30c,llama31_8b_it,R0_BASE,T1_SILENT_CHECK,1,1
581fc8d168f936568474eb2297c7f30c,llama31_8b_it,R1_METADATA_NEUTRAL,T0_OFF,1,1
581fc8d168f936568474eb2297c7f30c,llama31_8b_it,R1_METADATA_NEUTRAL,T1_SILENT_CHECK,1,1
581fc8d168f936568474eb2297c7f30c,llama31_8b_it,R2_NO_INFORMATION,T0_OFF,1,1
581fc8d168f936568474eb2297c7f30c,llama31_8b_it,R2_NO_INFORMATION,T1_SILENT_CHECK,1,1
581fc8d168f936568474eb2297c7f30c,llama31_8b_it,R3_IRRELEVANT_CONTEXT,T0_OFF,1,1
581fc8d168f936568474eb2297c7f30c,llama31_8b_it,R3_IRRELEVANT_CONTEXT,T1_SILENT_CHECK,1,1
f6049b746190d914ebef26d38f32b739,deepseek_r1_llama_8b,R0_BASE,T0_OFF,0,1
f6049b746190d914ebef26d38f32b739,deepseek_r1_llama_8b,R0_BASE,T1_SILENT_CHECK,1,1
f6049b746190d914ebef26d38f32b739,deepseek_r1_llama_8b,R1_METADATA_NEUTRAL,T0_OFF,1,1
f6049b746190d914ebef26d38f32b739,deepseek_r1_llama_8b,R1_METADATA_NEUTRAL,T1_SILENT_CHECK,1,1
f6049b746190d914ebef26d38f32b739,deepseek_r1_llama_8b,R2_NO_INFORMATION,T0_OFF,1,1
f6049b746190d914ebef26d38f32b739,deepseek_r1_llama_8b,R2_NO_INFORMATION,T1_SILENT_CHECK,1,1
f6049b746190d914ebef26d38f32b739,deepseek_r1_llama_8b,R3_IRRELEVANT_CONTEXT,T0_OFF,1,1
f6049b746190d914ebef26d38f32b739,deepseek_r1_llama_8b,R3_IRRELEVANT_CONTEXT,T1_SILENT_CHECK,1,1
f6049b746190d914ebef26d38f32b739,llama31_8b_it,R0_BASE,T0_OFF,1,1
f6049b746190d914ebef26d38f32b739,llama31_8b_it,R0_BASE,T1_SILENT_CHECK,1,1
f6049b746190d914ebef26d38f32b739,llama31_8b_it,R1_METADATA_NEUTRAL,T0_OFF,1,1
f6049b746190d914ebef26d38f32b739,llama31_8b_it,R1_METADATA_NEUTRAL,T1_SILENT_CHECK,1,1
f6049b746190d914ebef26d38f32b739,llama31_8b_it,R2_NO_INFORMATION,T0_OFF,1,1
f6049b746190d914ebef26d38f32b739,llama31_8b_it,R2_NO_INFORMATION,T1_SILENT_CHECK,1,1
f6049b746190d914ebef26d38f32b739,llama31_8b_it,R3_IRRELEVANT_CONTEXT,T0_OFF,1,1
f6049b746190d914ebef26d38f32b739,llama31_8b_it,R3_IRRELEVANT_CONTEXT,T1_SILENT_CHECK,1,1
984ba09e63df4584691dd77d3f304c10,deepseek_r1_llama_8b,R0_BASE,T0_OFF,0,1
984ba09e63df4584691dd77d3f304c10,deepseek_r1_llama_8b,R0_BASE,T1_SILENT_CHECK,0,0
984ba09e63df4584691dd77d3f304c10,deepseek_r1_llama_8b,R1_METADATA_NEUTRAL,T0_OFF,1,1
984ba09e63df4584691dd77d3f304c10,deepseek_r1_llama_8b,R1_METADATA_NEUTRAL,T1_SILENT_CHECK,1,0
984ba09e63df4584691dd77d3f304c10,deepseek_r1_llama_8b,R2_NO_INFORMATION,T0_OFF,0,0
984ba09e63df4584691dd77d3f304c10,deepseek_r1_llama_8b,R2_NO_INFORMATION,T1_SILENT_CHECK,1,0
984ba09e63df4584691dd77d3f304c10,deepseek_r1_llama_8b,R3_IRRELEVANT_CONTEXT,T0_OFF,0,1
984ba09e63df4584691dd77d3f304c10,deepseek_r1_llama_8b,R3_IRRELEVANT_CONTEXT,T1_SILENT_CHECK,0,1
984ba09e63df4584691dd77d3f304c10,llama31_8b_it,R0_BASE,T0_OFF,0,0
984ba09e63df4584691dd77d3f304c10,llama31_8b_it,R0_BASE,T1_SILENT_CHECK,1,0
984ba09e63df4584691dd77d3f304c10,llama31_8b_it,R1_METADATA_NEUTRAL,T0_OFF,0,0
984ba09e63df4584691dd77d3f304c10,llama31_8b_it,R1_METADATA_NEUTRAL,T1_SILENT_CHECK,0,0
984ba09e63df4584691dd77d3f304c10,llama31_8b_it,R2_NO_INFORMATION,T0_OFF,0,0
984ba09e63df4584691dd77d3f304c10,llama31_8b_it,R2_NO_INFORMATION,T1_SILENT_CHECK,0,0
984ba09e63df4584691dd77d3f304c10,llama31_8b_it,R3_IRRELEVANT_CONTEXT,T0_OFF,0,1
984ba09e63df4584691dd77d3f304c10,llama31_8b_it,R3_IRRELEVANT_CONTEXT,T1_SILENT_CHECK,0,0
21aaaa9e377969d5cf327e9e3eaf62dc,deepseek_r1_llama_8b,R0_BASE,T0_OFF,1,1
21aaaa9e377969d5cf327e9e3eaf62dc,deepseek_r1_llama_8b,R0_BASE,T1_SILENT_CHECK,1,1
21aaaa9e377969d5cf327e9e3eaf62dc,deepseek_r1_llama_8b,R1_METADATA_NEUTRAL,T0_OFF,0,0
21aaaa9e377969d5cf327e9e3eaf62dc,deepseek_r1_llama_8b,R1_METADATA_NEUTRAL,T1_SILENT_CHECK,1,1
21aaaa9e377969d5cf327e9e3eaf62dc,deepseek_r1_llama_8b,R2_NO_INFORMATION,T0_OFF,1,0
21aaaa9e377969d5cf327e9e3eaf62dc,deepseek_r1_llama_8b,R2_NO_INFORMATION,T1_SILENT_CHECK,1,1
21aaaa9e377969d5cf327e9e3eaf62dc,deepseek_r1_llama_8b,R3_IRRELEVANT_CONTEXT,T0_OFF,1,1
21aaaa9e377969d5cf327e9e3eaf62dc,deepseek_r1_llama_8b,R3_IRRELEVANT_CONTEXT,T1_SILENT_CHECK,0,0
21aaaa9e377969d5cf327e9e3eaf62dc,llama31_8b_it,R0_BASE,T0_OFF,1,1
21aaaa9e377969d5cf327e9e3eaf62dc,llama31_8b_it,R0_BASE,T1_SILENT_CHECK,1,0
21aaaa9e377969d5cf327e9e3eaf62dc,llama31_8b_it,R1_METADATA_NEUTRAL,T0_OFF,1,1
21aaaa9e377969d5cf327e9e3eaf62dc,llama31_8b_it,R1_METADATA_NEUTRAL,T1_SILENT_CHECK,1,1
21aaaa9e377969d5cf327e9e3eaf62dc,llama31_8b_it,R2_NO_INFORMATION,T0_OFF,1,1
21aaaa9e377969d5cf327e9e3eaf62dc,llama31_8b_it,R2_NO_INFORMATION,T1_SILENT_CHECK,1,0
21aaaa9e377969d5cf327e9e3eaf62dc,llama31_8b_it,R3_IRRELEVANT_CONTEXT,T0_OFF,1,1
21aaaa9e377969d5cf327e9e3eaf62dc,llama31_8b_it,R3_IRRELEVANT_CONTEXT,T1_SILENT_CHECK,1,1
51a5fa552d7267f03615aa4cb09d884e,deepseek_r1_llama_8b,R0_BASE,T0_OFF,0,0
51a5fa552d7267f03615aa4cb09d884e,deepseek_r1_llama_8b,R0_BASE,T1_SILENT_CHECK,0,0
51a5fa552d7267f03615aa4cb09d884e,deepseek_r1_llama_8b,R1_METADATA_NEUTRAL,T0_OFF,0,1
51a5fa552d7267f03615aa4cb09d884e,deepseek_r1_llama_8b,R1_METADATA_NEUTRAL,T1_SILENT_CHECK,0,1
51a5fa552d7267f03615aa4cb09d884e,deepseek_r1_llama_8b,R2_NO_INFORMATION,T0_OFF,0,1
51a5fa552d7267f03615aa4cb09d884e,deepseek_r1_llama_8b,R2_NO_INFORMATION,T1_SILENT_CHECK,0,0
51a5fa552d7267f03615aa4cb09d884e,deepseek_r1_llama_8b,R3_IRRELEVANT_CONTEXT,T0_OFF,0,0
51a5fa552d7267f03615aa4cb09d884e,deepseek_r1_llama_8b,R3_IRRELEVANT_CONTEXT,T1_SILENT_CHECK,0,1
51a5fa552d7267f03615aa4cb09d884e,llama31_8b_it,R0_BASE,T0_OFF,1,0
51a5fa552d7267f03615aa4cb09d884e,llama31_8b_it,R0_BASE,T1_SILENT_CHECK,0,0
51a5fa552d7267f03615aa4cb09d884e,llama31_8b_it,R1_METADATA_NEUTRAL,T0_OFF,1,1
51a5fa552d7267f03615aa4cb09d884e,llama31_8b_it,R1_METADATA_NEUTRAL,T1_SILENT_CHECK,0,0
51a5fa552d7267f03615aa4cb09d884e,llama31_8b_it,R2_NO_INFORMATION,T0_OFF,0,0
51a5fa552d7267f03615aa4cb09d884e,llama31_8b_it,R2_NO_INFORMATION,T1_SILENT_CHECK,0,0
51a5fa552d7267f03615aa4cb09d884e,llama31_8b_it,R3_IRRELEVANT_CONTEXT,T0_OFF,1,1
51a5fa552d7267f03615aa4cb09d884e,llama31_8b_it,R3_IRRELEVANT_CONTEXT,T1_SILENT_CHECK,0,0
6df181c516e3d36b68c4bbb55d7480b0,deepseek_r1_llama_8b,R0_BASE,T0_OFF,1,1
6df181c516e3d36b68c4bbb55d7480b0,deepseek_r1_llama_8b,R0_BASE,T1_SILENT_CHECK,0,0
6df181c516e3d36b68c4bbb55d7480b0,deepseek_r1_llama_8b,R1_METADATA_NEUTRAL,T0_OFF,1,1
6df181c516e3d36b68c4bbb55d7480b0,deepseek_r1_llama_8b,R1_METADATA_NEUTRAL,T1_SILENT_CHECK,1,1
6df181c516e3d36b68c4bbb55d7480b0,deepseek_r1_llama_8b,R2_NO_INFORMATION,T0_OFF,1,1
6df181c516e3d36b68c4bbb55d7480b0,deepseek_r1_llama_8b,R2_NO_INFORMATION,T1_SILENT_CHECK,0,0
6df181c516e3d36b68c4bbb55d7480b0,deepseek_r1_llama_8b,R3_IRRELEVANT_CONTEXT,T0_OFF,1,1
6df181c516e3d36b68c4bbb55d7480b0,deepseek_r1_llama_8b,R3_IRRELEVANT_CONTEXT,T1_SILENT_CHECK,1,0
6df181c516e3d36b68c4bbb55d7480b0,llama31_8b_it,R0_BASE,T0_OFF,0,0
6df181c516e3d36b68c4bbb55d7480b0,llama31_8b_it,R0_BASE,T1_SILENT_CHECK,0,0
6df181c516e3d36b68c4bbb55d7480b0,llama31_8b_it,R1_METADATA_NEUTRAL,T0_OFF,0,0
6df181c516e3d36b68c4bbb55d7480b0,llama31_8b_it,R1_METADATA_NEUTRAL,T1_SILENT_CHECK,0,0
6df181c516e3d36b68c4bbb55d7480b0,llama31_8b_it,R2_NO_INFORMATION,T0_OFF,0,0
6df181c516e3d36b68c4bbb55d7480b0,llama31_8b_it,R2_NO_INFORMATION,T1_SILENT_CHECK,0,0
6df181c516e3d36b68c4bbb55d7480b0,llama31_8b_it,R3_IRRELEVANT_CONTEXT,T0_OFF,0,0
6df181c516e3d36b68c4bbb55d7480b0,llama31_8b_it,R3_IRRELEVANT_CONTEXT,T1_SILENT_CHECK,0,0
b3ac8104d2f100123b87ef347a31f4c0,deepseek_r1_llama_8b,R0_BASE,T0_OFF,0,1
b3ac8104d2f100123b87ef347a31f4c0,deepseek_r1_llama_8b,R0_BASE,T1_SILENT_CHECK,1,1
b3ac8104d2f100123b87ef347a31f4c0,deepseek_r1_llama_8b,R1_METADATA_NEUTRAL,T0_OFF,1,1
b3ac8104d2f100123b87ef347a31f4c0,deepseek_r1_llama_8b,R1_METADATA_NEUTRAL,T1_SILENT_CHECK,1,1
b3ac8104d2f100123b87ef347a31f4c0,deepseek_r1_llama_8b,R2_NO_INFORMATION,T0_OFF,1,1
b3ac8104d2f100123b87ef347a31f4c0,deepseek_r1_llama_8b,R2_NO_INFORMATION,T1_SILENT_CHECK,1,1
b3ac8104d2f100123b87ef347a31f4c0,deepseek_r1_llama_8b,R3_IRRELEVANT_CONTEXT,T0_OFF,0,1
b3ac8104d2f100123b87ef347a31f4c0,deepseek_r1_llama_8b,R3_IRRELEVANT_CONTEXT,T1_SILENT_CHECK,1,1
b3ac8104d2f100123b87ef347a31f4c0,llama31_8b_it,R0_BASE,T0_OFF,1,1
b3ac8104d2f100123b87ef347a31f4c0,llama31_8b_it,R0_BASE,T1_SILENT_CHECK,1,1
b3ac8104d2f100123b87ef347a31f4c0,llama31_8b_it,R1_METADATA_NEUTRAL,T0_OFF,1,1
b3ac8104d2f100123b87ef347a31f4c0,llama31_8b_it,R1_METADATA_NEUTRAL,T1_SILENT_CHECK,1,1
b3ac8104d2f100123b87ef347a31f4c0,llama31_8b_it,R2_NO_INFORMATION,T0_OFF,1,1
b3ac8104d2f100123b87ef347a31f4c0,llama31_8b_it,R2_NO_INFORMATION,T1_SILENT_CHECK,1,1
b3ac8104d2f100123b87ef347a31f4c0,llama31_8b_it,R3_IRRELEVANT_CONTEXT,T0_OFF,1,1
b3ac8104d2f100123b87ef347a31f4c0,llama31_8b_it,R3_IRRELEVANT_CONTEXT,T1_SILENT_CHECK,1,1
e389816888f96cd6cf4fc20a49ecf6dd,deepseek_r1_llama_8b,R0_BASE,T0_OFF,1,1
e389816888f96cd6cf4fc20a49ecf6dd,deepseek_r1_llama_8b,R0_BASE,T1_SILENT_CHECK,1,1
e389816888f96cd6cf4fc20a49ecf6dd,deepseek_r1_llama_8b,R1_METADATA_NEUTRAL,T0_OFF,1,1
e389816888f96cd6cf4fc20a49ecf6dd,deepseek_r1_llama_8b,R1_METADATA_NEUTRAL,T1_SILENT_CHECK,1,1
e389816888f96cd6cf4fc20a49ecf6dd,deepseek_r1_llama_8b,R2_NO_INFORMATION,T0_OFF,1,0
e389816888f96cd6cf4fc20a49ecf6dd,deepseek_r1_llama_8b,R2_NO_INFORMATION,T1_SILENT_CHECK,1,1
e389816888f96cd6cf4fc20a49ecf6dd,deepseek_r1_llama_8b,R3_IRRELEVANT_CONTEXT,T0_OFF,1,1
e389816888f96cd6cf4fc20a49ecf6dd,deepseek_r1_llama_8b,R3_IRRELEVANT_CONTEXT,T1_SILENT_CHECK,1,1
e389816888f96cd6cf4fc20a49ecf6dd,llama31_8b_it,R0_BASE,T0_OFF,0,0
e389816888f96cd6cf4fc20a49ecf6dd,llama31_8b_it,R0_BASE,T1_SILENT_CHECK,0,0
e389816888f96cd6cf4fc20a49ecf6dd,llama31_8b_it,R1_METADATA_NEUTRAL,T0_OFF,0,0
e389816888f96cd6cf4fc20a49ecf6dd,llama31_8b_it,R1_METADATA_NEUTRAL,T1_SILENT_CHECK,0,0
e389816888f96cd6cf4fc20a49ecf6dd,llama31_8b_it,R2_NO_INFORMATION,T0_OFF,0,0
e389816888f96cd6cf4fc20a49ecf6dd,llama31_8b_it,R2_NO_INFORMATION,T1_SILENT_CHECK,0,0
e389816888f96cd6cf4fc20a49ecf6dd,llama31_8b_it,R3_IRRELEVANT_CONTEXT,T0_OFF,0,0
e389816888f96cd6cf4fc20a49ecf6dd,llama31_8b_it,R3_IRRELEVANT_CONTEXT,T1_SILENT_CHECK,0,0
13bdce71850bdd672313fd5bbc30f85e,deepseek_r1_llama_8b,R0_BASE,T0_OFF,1,1
13bdce71850bdd672313fd5bbc30f85e,deepseek_r1_llama_8b,R0_BASE,T1_SILENT_CHECK,1,1
13bdce71850bdd672313fd5bbc30f85e,deepseek_r1_llama_8b,R1_METADATA_NEUTRAL,T0_OFF,1,0
13bdce71850bdd672313fd5bbc30f85e,deepseek_r1_llama_8b,R1_METADATA_NEUTRAL,T1_SILENT_CHECK,0,1
13bdce71850bdd672313fd5bbc30f85e,deepseek_r1_llama_8b,R2_NO_INFORMATION,T0_OFF,1,0
13bdce71850bdd672313fd5bbc30f85e,deepseek_r1_llama_8b,R2_NO_INFORMATION,T1_SILENT_CHECK,0,1
13bdce71850bdd672313fd5bbc30f85e,deepseek_r1_llama_8b,R3_IRRELEVANT_CONTEXT,T0_OFF,1,1
13bdce71850bdd672313fd5bbc30f85e,deepseek_r1_llama_8b,R3_IRRELEVANT_CONTEXT,T1_SILENT_CHECK,1,1
13bdce71850bdd672313fd5bbc30f85e,llama31_8b_it,R0_BASE,T0_OFF,1,0
13bdce71850bdd672313fd5bbc30f85e,llama31_8b_it,R0_BASE,T1_SILENT_CHECK,0,1
13bdce71850bdd672313fd5bbc30f85e,llama31_8b_it,R1_METADATA_NEUTRAL,T0_OFF,0,0
13bdce71850bdd672313fd5bbc30f85e,llama31_8b_it,R1_METADATA_NEUTRAL,T1_SILENT_CHECK,0,0
13bdce71850bdd672313fd5bbc30f85e,llama31_8b_it,R2_NO_INFORMATION,T0_OFF,0,0
13bdce71850bdd672313fd5bbc30f85e,llama31_8b_it,R2_NO_INFORMATION,T1_SILENT_CHECK,1,0
13bdce71850bdd672313fd5bbc30f85e,llama31_8b_it,R3_IRRELEVANT_CONTEXT,T0_OFF,0,0
13bdce71850bdd672313fd5bbc30f85e,llama31_8b_it,R3_IRRELEVANT_CONTEXT,T1_SILENT_CHECK,1,1
f89b3d9c9b2e855e99e700d87dd07f4c,deepseek_r1_llama_8b,R0_BASE,T0_OFF,1,0
f89b3d9c9b2e855e99e700d87dd07f4c,deepseek_r1_llama_8b,R0_BASE,T1_SILENT_CHECK,1,1
f89b3d9c9b2e855e99e700d87dd07f4c,deepseek_r1_llama_8b,R1_METADATA_NEUTRAL,T0_OFF,1,1
f89b3d9c9b2e855e99e700d87dd07f4c,deepseek_r1_llama_8b,R1_METADATA_NEUTRAL,T1_SILENT_CHECK,1,1
f89b3d9c9b2e855e99e700d87dd07f4c,deepseek_r1_llama_8b,R2_NO_INFORMATION,T0_OFF,1,0
f89b3d9c9b2e855e99e700d87dd07f4c,deepseek_r1_llama_8b,R2_NO_INFORMATION,T1_SILENT_CHECK,0,0
f89b3d9c9b2e855e99e700d87dd07f4c,deepseek_r1_llama_8b,R3_IRRELEVANT_CONTEXT,T0_OFF,1,1
f89b3d9c9b2e855e99e700d87dd07f4c,deepseek_r1_llama_8b,R3_IRRELEVANT_CONTEXT,T1_SILENT_CHECK,0,0
f89b3d9c9b2e855e99e700d87dd07f4c,llama31_8b_it,R0_BASE,T0_OFF,1,1
f89b3d9c9b2e855e99e700d87dd07f4c,llama31_8b_it,R0_BASE,T1_SILENT_CHECK,1,1
f89b3d9c9b2e855e99e700d87dd07f4c,llama31_8b_it,R1_METADATA_NEUTRAL,T0_OFF,1,1
f89b3d9c9b2e855e99e700d87dd07f4c,llama31_8b_it,R1_METADATA_NEUTRAL,T1_SILENT_CHECK,1,1
f89b3d9c9b2e855e99e700d87dd07f4c,llama31_8b_it,R2_NO_INFORMATION,T0_OFF,1,0
f89b3d9c9b2e855e99e700d87dd07f4c,llama31_8b_it,R2_NO_INFORMATION,T1_SILENT_CHECK,1,1
f89b3d9c9b2e855e99e700d87dd07f4c,llama31_8b_it,R3_IRRELEVANT_CONTEXT,T0_OFF,1,1
f89b3d9c9b2e855e99e700d87dd07f4c,llama31_8b_it,R3_IRRELEVANT_CONTEXT,T1_SILENT_CHECK,1,1
e6e16c69e7bace1499facc3978329caa,deepseek_r1_llama_8b,R0_BASE,T0_OFF,1,1
e6e16c69e7bace1499facc3978329caa,deepseek_r1_llama_8b,R0_BASE,T1_SILENT_CHECK,0,0
e6e16c69e7bace1499facc3978329caa,deepseek_r1_llama_8b,R1_METADATA_NEUTRAL,T0_OFF,1,1
e6e16c69e7bace1499facc3978329caa,deepseek_r1_llama_8b,R1_METADATA_NEUTRAL,T1_SILENT_CHECK,0,0
e6e16c69e7bace1499facc3978329caa,deepseek_r1_llama_8b,R2_NO_INFORMATION,T0_OFF,1,0
e6e16c69e7bace1499facc3978329caa,deepseek_r1_llama_8b,R2_NO_INFORMATION,T1_SILENT_CHECK,0,0
e6e16c69e7bace1499facc3978329caa,deepseek_r1_llama_8b,R3_IRRELEVANT_CONTEXT,T0_OFF,0,1
e6e16c69e7bace1499facc3978329caa,deepseek_r1_llama_8b,R3_IRRELEVANT_CONTEXT,T1_SILENT_CHECK,0,1
e6e16c69e7bace1499facc3978329caa,llama31_8b_it,R0_BASE,T0_OFF,0,1
e6e16c69e7bace1499facc3978329caa,llama31_8b_it,R0_BASE,T1_SILENT_CHECK,0,0
e6e16c69e7bace1499facc3978329caa,llama31_8b_it,R1_METADATA_NEUTRAL,T0_OFF,0,0
e6e16c69e7bace1499facc3978329caa,llama31_8b_it,R1_METADATA_NEUTRAL,T1_SILENT_CHECK,0,0
e6e16c69e7bace1499facc3978329caa,llama31_8b_it,R2_NO_INFORMATION,T0_OFF,0,0
e6e16c69e7bace1499facc3978329caa,llama31_8b_it,R2_NO_INFORMATION,T1_SILENT_CHECK,1,0
e6e16c69e7bace1499facc3978329caa,llama31_8b_it,R3_IRRELEVANT_CONTEXT,T0_OFF,0,0
e6e16c69e7bace1499facc3978329caa,llama31_8b_it,R3_IRRELEVANT_CONTEXT,T1_SILENT_CHECK,0,0
d51f803ba52366d45da06eabe790a0f8,deepseek_r1_llama_8b,R0_BASE,T0_OFF,0,0
d51f803ba52366d45da06eabe790a0f8,deepseek_r1_llama_8b,R0_BASE,T1_SILENT_CHECK,0,0
d51f803ba52366d45da06eabe790a0f8,deepseek_r1_llama_8b,R1_METADATA_NEUTRAL,T0_OFF,0,0
d51f803ba52366d45da06eabe790a0f8,deepseek_r1_llama_8b,R1_METADATA_NEUTRAL,T1_SILENT_CHECK,0,0
d51f803ba52366d45da06eabe790a0f8,deepseek_r1_llama_8b,R2_NO_INFORMATION,T0_OFF,0,0
d51f803ba52366d45da06eabe790a0f8,deepseek_r1_llama_8b,R2_NO_INFORMATION,T1_SILENT_CHECK,0,0
d51f803ba52366d45da06eabe790a0f8,deepseek_r1_llama_8b,R3_IRRELEVANT_CONTEXT,T0_OFF,0,0
d51f803ba52366d45da06eabe790a0f8,deepseek_r1_llama_8b,R3_IRRELEVANT_CONTEXT,T1_SILENT_CHECK,0,0
d51f803ba52366d45da06eabe790a0f8,llama31_8b_it,R0_BASE,T0_OFF,1,0
d51f803ba52366d45da06eabe790a0f8,llama31_8b_it,R0_BASE,T1_SILENT_CHECK,0,1
d51f803ba52366d45da06eabe790a0f8,llama31_8b_it,R1_METADATA_NEUTRAL,T0_OFF,0,0
d51f803ba52366d45da06eabe790a0f8,llama31_8b_it,R1_METADATA_NEUTRAL,T1_SILENT_CHECK,0,0
d51f803ba52366d45da06eabe790a0f8,llama31_8b_it,R2_NO_INFORMATION,T0_OFF,0,0
d51f803ba52366d45da06eabe790a0f8,llama31_8b_it,R2_NO_INFORMATION,T1_SILENT_CHECK,1,0
d51f803ba52366d45da06eabe790a0f8,llama31_8b_it,R3_IRRELEVANT_CONTEXT,T0_OFF,0,0
d51f803ba52366d45da06eabe790a0f8,llama31_8b_it,R3_IRRELEVANT_CONTEXT,T1_SILENT_CHECK,0,0
ae5f0616e790b89e666d3a977fef2516,deepseek_r1_llama_8b,R0_BASE,T0_OFF,0,0
ae5f0616e790b89e666d3a977fef2516,deepseek_r1_llama_8b,R0_BASE,T1_SILENT_CHECK,0,0
ae5f0616e790b89e666d3a977fef2516,deepseek_r1_llama_8b,R1_METADATA_NEUTRAL,T0_OFF,0,0
ae5f0616e790b89e666d3a977fef2516,deepseek_r1_llama_8b,R1_METADATA_NEUTRAL,T1_SILENT_CHECK,0,0
ae5f0616e790b89e666d3a977fef2516,deepseek_r1_llama_8b,R2_NO_INFORMATION,T0_OFF,0,0
ae5f0616e790b89e666d3a977fef2516,deepseek_r1_llama_8b,R2_NO_INFORMATION,T1_SILENT_CHECK,0,0
ae5f0616e790b89e666d3a977fef2516,deepseek_r1_llama_8b,R3_IRRELEVANT_CONTEXT,T0_OFF,0,0
ae5f0616e790b89e666d3a977fef2516,deepseek_r1_llama_8b,R3_IRRELEVANT_CONTEXT,T1_SILENT_CHECK,0,0
ae5f0616e790b89e666d3a977fef2516,llama31_8b_it,R0_BASE,T0_OFF,0,0
ae5f0616e790b89e666d3a977fef2516,llama31_8b_it,R0_BASE,T1_SILENT_CHECK,1,0
ae5f0616e790b89e666d3a977fef2516,llama31_8b_it,R1_METADATA_NEUTRAL,T0_OFF,0,0
ae5f0616e790b89e666d3a977fef2516,llama31_8b_it,R1_METADATA_NEUTRAL,T1_SILENT_CHECK,0,0
ae5f0616e790b89e666d3a977fef2516,llama31_8b_it,R2_NO_INFORMATION,T0_OFF,0,1
ae5f0616e790b89e666d3a977fef2516,llama31_8b_it,R2_NO_INFORMATION,T1_SILENT_CHECK,0,1
ae5f0616e790b89e666d3a977fef2516,llama31_8b_it,R3_IRRELEVANT_CONTEXT,T0_OFF,0,0
ae5f0616e790b89e666d3a977fef2516,llama31_8b_it,R3_IRRELEVANT_CONTEXT,T1_SILENT_CHECK,0,0
98f8dd4b21709eb156b7d79923d5e67d,deepseek_r1_llama_8b,R0_BASE,T0_OFF,1,0
98f8dd4b21709eb156b7d79923d5e67d,deepseek_r1_llama_8b,R0_BASE,T1_SILENT_CHECK,1,0
98f8dd4b21709eb156b7d79923d5e67d,deepseek_r1_llama_8b,R1_METADATA_NEUTRAL,T0_OFF,0,0
98f8dd4b21709eb156b7d79923d5e67d,deepseek_r1_llama_8b,R1_METADATA_NEUTRAL,T1_SILENT_CHECK,1,0
98f8dd4b21709eb156b7d79923d5e67d,deepseek_r1_llama_8b,R2_NO_INFORMATION,T0_OFF,0,1
98f8dd4b21709eb156b7d79923d5e67d,deepseek_r1_llama_8b,R2_NO_INFORMATION,T1_SILENT_CHECK,1,1
98f8dd4b21709eb156b7d79923d5e67d,deepseek_r1_llama_8b,R3_IRRELEVANT_CONTEXT,T0_OFF,1,1
98f8dd4b21709eb156b7d79923d5e67d,deepseek_r1_llama_8b,R3_IRRELEVANT_CONTEXT,T1_SILENT_CHECK,0,1
98f8dd4b21709eb156b7d79923d5e67d,llama31_8b_it,R0_BASE,T0_OFF,1,1
98f8dd4b21709eb156b7d79923d5e67d,llama31_8b_it,R0_BASE,T1_SILENT_CHECK,1,1
98f8dd4b21709eb156b7d79923d5e67d,llama31_8b_it,R1_METADATA_NEUTRAL,T0_OFF,1,1
98f8dd4b21709eb156b7d79923d5e67d,llama31_8b_it,R1_METADATA_NEUTRAL,T1_SILENT_CHECK,1,1
98f8dd4b21709eb156b7d79923d5e67d,llama31_8b_it,R2_NO_INFORMATION,T0_OFF,1,1
98f8dd4b21709eb156b7d79923d5e67d,llama31_8b_it,R2_NO_INFORMATION,T1_SILENT_CHECK,1,1
98f8dd4b21709eb156b7d79923d5e67d,llama31_8b_it,R3_IRRELEVANT_CONTEXT,T0_OFF,1,1
98f8dd4b21709eb156b7d79923d5e67d,llama31_8b_it,R3_IRRELEVANT_CONTEXT,T1_SILENT_CHECK,1,1
4ce83a1ccf90344c505db38f3f4d39b2,deepseek_r1_llama_8b,R0_BASE,T0_OFF,1,1
4ce83a1ccf90344c505db38f3f4d39b2,deepseek_r1_llama_8b,R0_BASE,T1_SILENT_CHECK,1,1
4ce83a1ccf90344c505db38f3f4d39b2,deepseek_r1_llama_8b,R1_METADATA_NEUTRAL,T0_OFF,1,1
4ce83a1ccf90344c505db38f3f4d39b2,deepseek_r1_llama_8b,R1_METADATA_NEUTRAL,T1_SILENT_CHECK,1,1
4ce83a1ccf90344c505db38f3f4d39b2,deepseek_r1_llama_8b,R2_NO_INFORMATION,T0_OFF,1,1
4ce83a1ccf90344c505db38f3f4d39b2,deepseek_r1_llama_8b,R2_NO_INFORMATION,T1_SILENT_CHECK,1,1
4ce83a1ccf90344c505db38f3f4d39b2,deepseek_r1_llama_8b,R3_IRRELEVANT_CONTEXT,T0_OFF,1,1
4ce83a1ccf90344c505db38f3f4d39b2,deepseek_r1_llama_8b,R3_IRRELEVANT_CONTEXT,T1_SILENT_CHECK,1,1
4ce83a1ccf90344c505db38f3f4d39b2,llama31_8b_it,R0_BASE,T0_OFF,1,1
4ce83a1ccf90344c505db38f3f4d39b2,llama31_8b_it,R0_BASE,T1_SILENT_CHECK,1,1
4ce83a1ccf90344c505db38f3f4d39b2,llama31_8b_it,R1_METADATA_NEUTRAL,T0_OFF,1,1
4ce83a1ccf90344c505db38f3f4d39b2,llama31_8b_it,R1_METADATA_NEUTRAL,T1_SILENT_CHECK,1,1
4ce83a1ccf90344c505db38f3f4d39b2,llama31_8b_it,R2_NO_INFORMATION,T0_OFF,1,1
4ce83a1ccf90344c505db38f3f4d39b2,llama31_8b_it,R2_NO_INFORMATION,T1_SILENT_CHECK,1,1
4ce83a1ccf90344c505db38f3f4d39b2,llama31_8b_it,R3_IRRELEVANT_CONTEXT,T0_OFF,1,1
4ce83a1ccf90344c505db38f3f4d39b2,llama31_8b_it,R3_IRRELEVANT_CONTEXT,T1_SILENT_CHECK,1,1
49f6d8ddd0e8976f9b4e363dc8769007,deepseek_r1_llama_8b,R0_BASE,T0_OFF,1,1
49f6d8ddd0e8976f9b4e363dc8769007,deepseek_r1_llama_8b,R0_BASE,T1_SILENT_CHECK,1,1
49f6d8ddd0e8976f9b4e363dc8769007,deepseek_r1_llama_8b,R1_METADATA_NEUTRAL,T0_OFF,1,1
49f6d8ddd0e8976f9b4e363dc8769007,deepseek_r1_llama_8b,R1_METADATA_NEUTRAL,T1_SILENT_CHECK,1,1
49f6d8ddd0e8976f9b4e363dc8769007,deepseek_r1_llama_8b,R2_NO_INFORMATION,T0_OFF,0,0
49f6d8ddd0e8976f9b4e363dc8769007,deepseek_r1_llama_8b,R2_NO_INFORMATION,T1_SILENT_CHECK,1,1
49f6d8ddd0e8976f9b4e363dc8769007,deepseek_r1_llama_8b,R3_IRRELEVANT_CONTEXT,T0_OFF,0,1
49f6d8ddd0e8976f9b4e363dc8769007,deepseek_r1_llama_8b,R3_IRRELEVANT_CONTEXT,T1_SILENT_CHECK,0,1
49f6d8ddd0e8976f9b4e363dc8769007,llama31_8b_it,R0_BASE,T0_OFF,1,1
49f6d8ddd0e8976f9b4e363dc8769007,llama31_8b_it,R0_BASE,T1_SILENT_CHECK,1,1
49f6d8ddd0e8976f9b4e363dc8769007,llama31_8b_it,R1_METADATA_NEUTRAL,T0_OFF,1,1
49f6d8ddd0e8976f9b4e363dc8769007,llama31_8b_it,R1_METADATA_NEUTRAL,T1_SILENT_CHECK,1,1
49f6d8ddd0e8976f9b4e363dc8769007,llama31_8b_it,R2_NO_INFORMATION,T0_OFF,1,1
49f6d8ddd0e8976f9b4e363dc8769007,llama31_8b_it,R2_NO_INFORMATION,T1_SILENT_CHECK,1,1
49f6d8ddd0e8976f9b4e363dc8769007,llama31_8b_it,R3_IRRELEVANT_CONTEXT,T0_OFF,1,1
49f6d8ddd0e8976f9b4e363dc8769007,llama31_8b_it,R3_IRRELEVANT_CONTEXT,T1_SILENT_CHECK,1,1
073b0eef32d587c7015171d5eabf19bf,deepseek_r1_llama_8b,R0_BASE,T0_OFF,1,1
073b0eef32d587c7015171d5eabf19bf,deepseek_r1_llama_8b,R0_BASE,T1_SILENT_CHECK,1,1
073b0eef32d587c7015171d5eabf19bf,deepseek_r1_llama_8b,R1_METADATA_NEUTRAL,T0_OFF,1,1
073b0eef32d587c7015171d5eabf19bf,deepseek_r1_llama_8b,R1_METADATA_NEUTRAL,T1_SILENT_CHECK,1,1
073b0eef32d587c7015171d5eabf19bf,deepseek_r1_llama_8b,R2_NO_INFORMATION,T0_OFF,1,1
073b0eef32d587c7015171d5eabf19bf,deepseek_r1_llama_8b,R2_NO_INFORMATION,T1_SILENT_CHECK,1,1
073b0eef32d587c7015171d5eabf19bf,deepseek_r1_llama_8b,R3_IRRELEVANT_CONTEXT,T0_OFF,1,1
073b0eef32d587c7015171d5eabf19bf,deepseek_r1_llama_8b,R3_IRRELEVANT_CONTEXT,T1_SILENT_CHECK,1,1
073b0eef32d587c7015171d5eabf19bf,llama31_8b_it,R0_BASE,T0_OFF,1,1
073b0eef32d587c7015171d5eabf19bf,llama31_8b_it,R0_BASE,T1_SILENT_CHECK,1,1
073b0eef32d587c7015171d5eabf19bf,llama31_8b_it,R1_METADATA_NEUTRAL,T0_OFF,1,1
073b0eef32d587c7015171d5eabf19bf,llama31_8b_it,R1_METADATA_NEUTRAL,T1_SILENT_CHECK,1,1
073b0eef32d587c7015171d5eabf19bf,llama31_8b_it,R2_NO_INFORMATION,T0_OFF,1,1
073b0eef32d587c7015171d5eabf19bf,llama31_8b_it,R2_NO_INFORMATION,T1_SILENT_CHECK,1,1
073b0eef32d587c7015171d5eabf19bf,llama31_8b_it,R3_IRRELEVANT_CONTEXT,T0_OFF,1,1
073b0eef32d587c7015171d5eabf19bf,llama31_8b_it,R3_IRRELEVANT_CONTEXT,T1_SILENT_CHECK,1,1
74df5ac5a0ab8b99b787c4edece98a66,deepseek_r1_llama_8b,R0_BASE,T0_OFF,0,0
74df5ac5a0ab8b99b787c4edece98a66,deepseek_r1_llama_8b,R0_BASE,T1_SILENT_CHECK,0,0
74df5ac5a0ab8b99b787c4edece98a66,deepseek_r1_llama_8b,R1_METADATA_NEUTRAL,T0_OFF,0,0
74df5ac5a0ab8b99b787c4edece98a66,deepseek_r1_llama_8b,R1_METADATA_NEUTRAL,T1_SILENT_CHECK,0,0
74df5ac5a0ab8b99b787c4edece98a66,deepseek_r1_llama_8b,R2_NO_INFORMATION,T0_OFF,0,0
74df5ac5a0ab8b99b787c4edece98a66,deepseek_r1_llama_8b,R2_NO_INFORMATION,T1_SILENT_CHECK,0,0
74df5ac5a0ab8b99b787c4edece98a66,deepseek_r1_llama_8b,R3_IRRELEVANT_CONTEXT,T0_OFF,0,0
74df5ac5a0ab8b99b787c4edece98a66,deepseek_r1_llama_8b,R3_IRRELEVANT_CONTEXT,T1_SILENT_CHECK,0,1
74df5ac5a0ab8b99b787c4edece98a66,llama31_8b_it,R0_BASE,T0_OFF,1,1
74df5ac5a0ab8b99b787c4edece98a66,llama31_8b_it,R0_BASE,T1_SILENT_CHECK,1,1
74df5ac5a0ab8b99b787c4edece98a66,llama31_8b_it,R1_METADATA_NEUTRAL,T0_OFF,1,1
74df5ac5a0ab8b99b787c4edece98a66,llama31_8b_it,R1_METADATA_NEUTRAL,T1_SILENT_CHECK,1,1
74df5ac5a0ab8b99b787c4edece98a66,llama31_8b_it,R2_NO_INFORMATION,T0_OFF,1,1
74df5ac5a0ab8b99b787c4edece98a66,llama31_8b_it,R2_NO_INFORMATION,T1_SILENT_CHECK,1,1
74df5ac5a0ab8b99b787c4edece98a66,llama31_8b_it,R3_IRRELEVANT_CONTEXT,T0_OFF,0,1
74df5ac5a0ab8b99b787c4edece98a66,llama31_8b_it,R3_IRRELEVANT_CONTEXT,T1_SILENT_CHECK,1,0
c1b64e8dd92440fbed5da8ae556f6ffd,deepseek_r1_llama_8b,R0_BASE,T0_OFF,0,0
c1b64e8dd92440fbed5da8ae556f6ffd,deepseek_r1_llama_8b,R0_BASE,T1_SILENT_CHECK,0,0
c1b64e8dd92440fbed5da8ae556f6ffd,deepseek_r1_llama_8b,R1_METADATA_NEUTRAL,T0_OFF,0,0
c1b64e8dd92440fbed5da8ae556f6ffd,deepseek_r1_llama_8b,R1_METADATA_NEUTRAL,T1_SILENT_CHECK,0,0
c1b64e8dd92440fbed5da8ae556f6ffd,deepseek_r1_llama_8b,R2_NO_INFORMATION,T0_OFF,0,0
c1b64e8dd92440fbed5da8ae556f6ffd,deepseek_r1_llama_8b,R2_NO_INFORMATION,T1_SILENT_CHECK,0,0
c1b64e8dd92440fbed5da8ae556f6ffd,deepseek_r1_llama_8b,R3_IRRELEVANT_CONTEXT,T0_OFF,0,0
c1b64e8dd92440fbed5da8ae556f6ffd,deepseek_r1_llama_8b,R3_IRRELEVANT_CONTEXT,T1_SILENT_CHECK,0,0
c1b64e8dd92440fbed5da8ae556f6ffd,llama31_8b_it,R0_BASE,T0_OFF,0,0
c1b64e8dd92440fbed5da8ae556f6ffd,llama31_8b_it,R0_BASE,T1_SILENT_CHECK,0,0
c1b64e8dd92440fbed5da8ae556f6ffd,llama31_8b_it,R1_METADATA_NEUTRAL,T0_OFF,0,0
c1b64e8dd92440fbed5da8ae556f6ffd,llama31_8b_it,R1_METADATA_NEUTRAL,T1_SILENT_CHECK,0,0
c1b64e8dd92440fbed5da8ae556f6ffd,llama31_8b_it,R2_NO_INFORMATION,T0_OFF,0,0
c1b64e8dd92440fbed5da8ae556f6ffd,llama31_8b_it,R2_NO_INFORMATION,T1_SILENT_CHECK,0,0
c1b64e8dd92440fbed5da8ae556f6ffd,llama31_8b_it,R3_IRRELEVANT_CONTEXT,T0_OFF,0,0
c1b64e8dd92440fbed5da8ae556f6ffd,llama31_8b_it,R3_IRRELEVANT_CONTEXT,T1_SILENT_CHECK,0,0
6699dd3b862f2b0e0fd53313fddb891b,deepseek_r1_llama_8b,R0_BASE,T0_OFF,0,1
6699dd3b862f2b0e0fd53313fddb891b,deepseek_r1_llama_8b,R0_BASE,T1_SILENT_CHECK,0,0
6699dd3b862f2b0e0fd53313fddb891b,deepseek_r1_llama_8b,R1_METADATA_NEUTRAL,T0_OFF,1,1
6699dd3b862f2b0e0fd53313fddb891b,deepseek_r1_llama_8b,R1_METADATA_NEUTRAL,T1_SILENT_CHECK,0,1
6699dd3b862f2b0e0fd53313fddb891b,deepseek_r1_llama_8b,R2_NO_INFORMATION,T0_OFF,1,1
6699dd3b862f2b0e0fd53313fddb891b,deepseek_r1_llama_8b,R2_NO_INFORMATION,T1_SILENT_CHECK,0,1
6699dd3b862f2b0e0fd53313fddb891b,deepseek_r1_llama_8b,R3_IRRELEVANT_CONTEXT,T0_OFF,0,1
6699dd3b862f2b0e0fd53313fddb891b,deepseek_r1_llama_8b,R3_IRRELEVANT_CONTEXT,T1_SILENT_CHECK,0,1
6699dd3b862f2b0e0fd53313fddb891b,llama31_8b_it,R0_BASE,T0_OFF,1,1
6699dd3b862f2b0e0fd53313fddb891b,llama31_8b_it,R0_BASE,T1_SILENT_CHECK,1,1
6699dd3b862f2b0e0fd53313fddb891b,llama31_8b_it,R1_METADATA_NEUTRAL,T0_OFF,1,1
6699dd3b862f2b0e0fd53313fddb891b,llama31_8b_it,R1_METADATA_NEUTRAL,T1_SILENT_CHECK,1,1
6699dd3b862f2b0e0fd53313fddb891b,llama31_8b_it,R2_NO_INFORMATION,T0_OFF,1,1
6699dd3b862f2b0e0fd53313fddb891b,llama31_8b_it,R2_NO_INFORMATION,T1_SILENT_CHECK,1,1
6699dd3b862f2b0e0fd53313fddb891b,llama31_8b_it,R3_IRRELEVANT_CONTEXT,T0_OFF,1,1
6699dd3b862f2b0e0fd53313fddb891b,llama31_8b_it,R3_IRRELEVANT_CONTEXT,T1_SILENT_CHECK,1,1
7299879ecaeac2459c5685fd98e549c0,deepseek_r1_llama_8b,R0_BASE,T0_OFF,1,0
7299879ecaeac2459c5685fd98e549c0,deepseek_r1_llama_8b,R0_BASE,T1_SILENT_CHECK,1,1
7299879ecaeac2459c5685fd98e549c0,deepseek_r1_llama_8b,R1_METADATA_NEUTRAL,T0_OFF,0,1
7299879ecaeac2459c5685fd98e549c0,deepseek_r1_llama_8b,R1_METADATA_NEUTRAL,T1_SILENT_CHECK,1,1
7299879ecaeac2459c5685fd98e549c0,deepseek_r1_llama_8b,R2_NO_INFORMATION,T0_OFF,0,0
7299879ecaeac2459c5685fd98e549c0,deepseek_r1_llama_8b,R2_NO_INFORMATION,T1_SILENT_CHECK,1,0
7299879ecaeac2459c5685fd98e549c0,deepseek_r1_llama_8b,R3_IRRELEVANT_CONTEXT,T0_OFF,0,1
7299879ecaeac2459c5685fd98e549c0,deepseek_r1_llama_8b,R3_IRRELEVANT_CONTEXT,T1_SILENT_CHECK,0,1
7299879ecaeac2459c5685fd98e549c0,llama31_8b_it,R0_BASE,T0_OFF,1,1
7299879ecaeac2459c5685fd98e549c0,llama31_8b_it,R0_BASE,T1_SILENT_CHECK,1,1
7299879ecaeac2459c5685fd98e549c0,llama31_8b_it,R1_METADATA_NEUTRAL,T0_OFF,1,1
7299879ecaeac2459c5685fd98e549c0,llama31_8b_it,R1_METADATA_NEUTRAL,T1_SILENT_CHECK,1,1
7299879ecaeac2459c5685fd98e549c0,llama31_8b_it,R2_NO_INFORMATION,T0_OFF,1,1
7299879ecaeac2459c5685fd98e549c0,llama31_8b_it,R2_NO_INFORMATION,T1_SILENT_CHECK,1,1
7299879ecaeac2459c5685fd98e549c0,llama31_8b_it,R3_IRRELEVANT_CONTEXT,T0_OFF,1,1
7299879ecaeac2459c5685fd98e549c0,llama31_8b_it,R3_IRRELEVANT_CONTEXT,T1_SILENT_CHECK,1,1
7c0d0a9056adb523824e3329dcb9b042,deepseek_r1_llama_8b,R0_BASE,T0_OFF,0,0
7c0d0a9056adb523824e3329dcb9b042,deepseek_r1_llama_8b,R0_BASE,T1_SILENT_CHECK,1,0
7c0d0a9056adb523824e3329dcb9b042,deepseek_r1_llama_8b,R1_METADATA_NEUTRAL,T0_OFF,0,0
7c0d0a9056adb523824e3329dcb9b042,deepseek_r1_llama_8b,R1_METADATA_NEUTRAL,T1_SILENT_CHECK,0,0
7c0d0a9056adb523824e3329dcb9b042,deepseek_r1_llama_8b,R2_NO_INFORMATION,T0_OFF,0,0
7c0d0a9056adb523824e3329dcb9b042,deepseek_r1_llama_8b,R2_NO_INFORMATION,T1_SILENT_CHECK,0,0
7c0d0a9056adb523824e3329dcb9b042,deepseek_r1_llama_8b,R3_IRRELEVANT_CONTEXT,T0_OFF,0,0
7c0d0a9056adb523824e3329dcb9b042,deepseek_r1_llama_8b,R3_IRRELEVANT_CONTEXT,T1_SILENT_CHECK,0,0
7c0d0a9056adb523824e3329dcb9b042,llama31_8b_it,R0_BASE,T0_OFF,0,0
7c0d0a9056adb523824e3329dcb9b042,llama31_8b_it,R0_BASE,T1_SILENT_CHECK,0,0
7c0d0a9056adb523824e3329dcb9b042,llama31_8b_it,R1_METADATA_NEUTRAL,T0_OFF,0,0
7c0d0a9056adb523824e3329dcb9b042,llama31_8b_it,R1_METADATA_NEUTRAL,T1_SILENT_CHECK,0,0
7c0d0a9056adb523824e3329dcb9b042,llama31_8b_it,R2_NO_INFORMATION,T0_OFF,0,0
7c0d0a9056adb523824e3329dcb9b042,llama31_8b_it,R2_NO_INFORMATION,T1_SILENT_CHECK,0,0
7c0d0a9056adb523824e3329dcb9b042,llama31_8b_it,R3_IRRELEVANT_CONTEXT,T0_OFF,0,0
7c0d0a9056adb523824e3329dcb9b042,llama31_8b_it,R3_IRRELEVANT_CONTEXT,T1_SILENT_CHECK,0,0
01ee66c9590d363ff34baefbb9c9b88d,deepseek_r1_llama_8b,R0_BASE,T0_OFF,0,0
01ee66c9590d363ff34baefbb9c9b88d,deepseek_r1_llama_8b,R0_BASE,T1_SILENT_CHECK,0,0
01ee66c9590d363ff34baefbb9c9b88d,deepseek_r1_llama_8b,R1_METADATA_NEUTRAL,T0_OFF,0,0
01ee66c9590d363ff34baefbb9c9b88d,deepseek_r1_llama_8b,R1_METADATA_NEUTRAL,T1_SILENT_CHECK,0,1
01ee66c9590d363ff34baefbb9c9b88d,deepseek_r1_llama_8b,R2_NO_INFORMATION,T0_OFF,0,0
01ee66c9590d363ff34baefbb9c9b88d,deepseek_r1_llama_8b,R2_NO_INFORMATION,T1_SILENT_CHECK,0,0
01ee66c9590d363ff34baefbb9c9b88d,deepseek_r1_llama_8b,R3_IRRELEVANT_CONTEXT,T0_OFF,0,0
01ee66c9590d363ff34baefbb9c9b88d,deepseek_r1_llama_8b,R3_IRRELEVANT_CONTEXT,T1_SILENT_CHECK,1,0
01ee66c9590d363ff34baefbb9c9b88d,llama31_8b_it,R0_BASE,T0_OFF,1,1
01ee66c9590d363ff34baefbb9c9b88d,llama31_8b_it,R0_BASE,T1_SILENT_CHECK,1,1
01ee66c9590d363ff34baefbb9c9b88d,llama31_8b_it,R1_METADATA_NEUTRAL,T0_OFF,1,1
01ee66c9590d363ff34baefbb9c9b88d,llama31_8b_it,R1_METADATA_NEUTRAL,T1_SILENT_CHECK,1,1
01ee66c9590d363ff34baefbb9c9b88d,llama31_8b_it,R2_NO_INFORMATION,T0_OFF,1,1
01ee66c9590d363ff34baefbb9c9b88d,llama31_8b_it,R2_NO_INFORMATION,T1_SILENT_CHECK,1,0
01ee66c9590d363ff34baefbb9c9b88d,llama31_8b_it,R3_IRRELEVANT_CONTEXT,T0_OFF,0,0
01ee66c9590d363ff34baefbb9c9b88d,llama31_8b_it,R3_IRRELEVANT_CONTEXT,T1_SILENT_CHECK,1,1
9d08e0cd6eb4cd18d3a86f00e31327c4,deepseek_r1_llama_8b,R0_BASE,T0_OFF,0,0
9d08e0cd6eb4cd18d3a86f00e31327c4,deepseek_r1_llama_8b,R0_BASE,T1_SILENT_CHECK,0,0
9d08e0cd6eb4cd18d3a86f00e31327c4,deepseek_r1_llama_8b,R1_METADATA_NEUTRAL,T0_OFF,0,0
9d08e0cd6eb4cd18d3a86f00e31327c4,deepseek_r1_llama_8b,R1_METADATA_NEUTRAL,T1_SILENT_CHECK,0,0
9d08e0cd6eb4cd18d3a86f00e31327c4,deepseek_r1_llama_8b,R2_NO_INFORMATION,T0_OFF,0,0
9d08e0cd6eb4cd18d3a86f00e31327c4,deepseek_r1_llama_8b,R2_NO_INFORMATION,T1_SILENT_CHECK,0,0
9d08e0cd6eb4cd18d3a86f00e31327c4,deepseek_r1_llama_8b,R3_IRRELEVANT_CONTEXT,T0_OFF,0,0
9d08e0cd6eb4cd18d3a86f00e31327c4,deepseek_r1_llama_8b,R3_IRRELEVANT_CONTEXT,T1_SILENT_CHECK,0,0
9d08e0cd6eb4cd18d3a86f00e31327c4,llama31_8b_it,R0_BASE,T0_OFF,0,0
9d08e0cd6eb4cd18d3a86f00e31327c4,llama31_8b_it,R0_BASE,T1_SILENT_CHECK,0,0
9d08e0cd6eb4cd18d3a86f00e31327c4,llama31_8b_it,R1_METADATA_NEUTRAL,T0_OFF,0,0
9d08e0cd6eb4cd18d3a86f00e31327c4,llama31_8b_it,R1_METADATA_NEUTRAL,T1_SILENT_CHECK,0,0
9d08e0cd6eb4cd18d3a86f00e31327c4,llama31_8b_it,R2_NO_INFORMATION,T0_OFF,0,0
9d08e0cd6eb4cd18d3a86f00e31327c4,llama31_8b_it,R2_NO_INFORMATION,T1_SILENT_CHECK,0,0
9d08e0cd6eb4cd18d3a86f00e31327c4,llama31_8b_it,R3_IRRELEVANT_CONTEXT,T0_OFF,0,0
9d08e0cd6eb4cd18d3a86f00e31327c4,llama31_8b_it,R3_IRRELEVANT_CONTEXT,T1_SILENT_CHECK,0,0
04c552a4a123a8a20e9111e1a928f55f,deepseek_r1_llama_8b,R0_BASE,T0_OFF,0,1
04c552a4a123a8a20e9111e1a928f55f,deepseek_r1_llama_8b,R0_BASE,T1_SILENT_CHECK,1,1
04c552a4a123a8a20e9111e1a928f55f,deepseek_r1_llama_8b,R1_METADATA_NEUTRAL,T0_OFF,1,0
04c552a4a123a8a20e9111e1a928f55f,deepseek_r1_llama_8b,R1_METADATA_NEUTRAL,T1_SILENT_CHECK,1,1
04c552a4a123a8a20e9111e1a928f55f,deepseek_r1_llama_8b,R2_NO_INFORMATION,T0_OFF,1,1
04c552a4a123a8a20e9111e1a928f55f,deepseek_r1_llama_8b,R2_NO_INFORMATION,T1_SILENT_CHECK,1,1
04c552a4a123a8a20e9111e1a928f55f,deepseek_r1_llama_8b,R3_IRRELEVANT_CONTEXT,T0_OFF,0,1
04c552a4a123a8a20e9111e1a928f55f,deepseek_r1_llama_8b,R3_IRRELEVANT_CONTEXT,T1_SILENT_CHECK,1,1
04c552a4a123a8a20e9111e1a928f55f,llama31_8b_it,R0_BASE,T0_OFF,1,1
04c552a4a123a8a20e9111e1a928f55f,llama31_8b_it,R0_BASE,T1_SILENT_CHECK,1,1
04c552a4a123a8a20e9111e1a928f55f,llama31_8b_it,R1_METADATA_NEUTRAL,T0_OFF,1,1
04c552a4a123a8a20e9111e1a928f55f,llama31_8b_it,R1_METADATA_NEUTRAL,T1_SILENT_CHECK,1,1
04c552a4a123a8a20e9111e1a928f55f,llama31_8b_it,R2_NO_INFORMATION,T0_OFF,1,1
04c552a4a123a8a20e9111e1a928f55f,llama31_8b_it,R2_NO_INFORMATION,T1_SILENT_CHECK,1,1
04c552a4a123a8a20e9111e1a928f55f,llama31_8b_it,R3_IRRELEVANT_CONTEXT,T0_OFF,1,1
04c552a4a123a8a20e9111e1a928f55f,llama31_8b_it,R3_IRRELEVANT_CONTEXT,T1_SILENT_CHECK,1,1
