cluster_id,analysis_order,reference,treatment,correctness,execution_class
24e69336a232465999014a44a9446908,41,BASE,T0_OFF,true,primary
24e69336a232465999014a44a9446908,41,BASE,T1_SILENT_CHECK,true,primary
24e69336a232465999014a44a9446908,41,MASK_SENTINEL,T0_OFF,true,primary
24e69336a232465999014a44a9446908,41,MASK_SENTINEL,T1_SILENT_CHECK,true,primary
24e69336a232465999014a44a9446908,41,METADATA_TOKEN_MATCHED_TO_MASK,T0_OFF,true,primary
24e69336a232465999014a44a9446908,41,METADATA_TOKEN_MATCHED_TO_MASK,T1_SILENT_CHECK,true,primary
24e69336a232465999014a44a9446908,41,BASE,T0_OFF,true,integrity_duplicate
24e69336a232465999014a44a9446908,41,BASE,T1_SILENT_CHECK,true,integrity_duplicate
24e69336a232465999014a44a9446908,41,MASK_SENTINEL,T0_OFF,true,integrity_duplicate
24e69336a232465999014a44a9446908,41,MASK_SENTINEL,T1_SILENT_CHECK,true,integrity_duplicate
24e69336a232465999014a44a9446908,41,METADATA_TOKEN_MATCHED_TO_MASK,T0_OFF,true,integrity_duplicate
24e69336a232465999014a44a9446908,41,METADATA_TOKEN_MATCHED_TO_MASK,T1_SILENT_CHECK,true,integrity_duplicate
e536cef15638864b0c2a4cdcf3def0ac,279,BASE,T0_OFF,false,primary
e536cef15638864b0c2a4cdcf3def0ac,279,BASE,T1_SILENT_CHECK,false,primary
e536cef15638864b0c2a4cdcf3def0ac,279,MASK_SENTINEL,T0_OFF,false,primary
e536cef15638864b0c2a4cdcf3def0ac,279,MASK_SENTINEL,T1_SILENT_CHECK,false,primary
e536cef15638864b0c2a4cdcf3def0ac,279,METADATA_TOKEN_MATCHED_TO_MASK,T0_OFF,false,primary
e536cef15638864b0c2a4cdcf3def0ac,279,METADATA_TOKEN_MATCHED_TO_MASK,T1_SILENT_CHECK,false,primary
e536cef15638864b0c2a4cdcf3def0ac,279,BASE,T0_OFF,false,integrity_duplicate
e536cef15638864b0c2a4cdcf3def0ac,279,BASE,T1_SILENT_CHECK,false,integrity_duplicate
e536cef15638864b0c2a4cdcf3def0ac,279,MASK_SENTINEL,T0_OFF,false,integrity_duplicate
e536cef15638864b0c2a4cdcf3def0ac,279,MASK_SENTINEL,T1_SILENT_CHECK,false,integrity_duplicate
e536cef15638864b0c2a4cdcf3def0ac,279,METADATA_TOKEN_MATCHED_TO_MASK,T0_OFF,false,integrity_duplicate
e536cef15638864b0c2a4cdcf3def0ac,279,METADATA_TOKEN_MATCHED_TO_MASK,T1_SILENT_CHECK,false,integrity_duplicate
6478a39719672a8a1a4ebe2dd799506b,114,BASE,T0_OFF,true,primary
6478a39719672a8a1a4ebe2dd799506b,114,BASE,T1_SILENT_CHECK,true,primary
6478a39719672a8a1a4ebe2dd799506b,114,MASK_SENTINEL,T0_OFF,true,primary
6478a39719672a8a1a4ebe2dd799506b,114,MASK_SENTINEL,T1_SILENT_CHECK,true,primary
6478a39719672a8a1a4ebe2dd799506b,114,METADATA_TOKEN_MATCHED_TO_MASK,T0_OFF,true,primary
6478a39719672a8a1a4ebe2dd799506b,114,METADATA_TOKEN_MATCHED_TO_MASK,T1_SILENT_CHECK,true,primary
497a7f9a123e0f46001ebbcd4740b775,117,BASE,T0_OFF,true,primary
497a7f9a123e0f46001ebbcd4740b775,117,BASE,T1_SILENT_CHECK,false,primary
497a7f9a123e0f46001ebbcd4740b775,117,MASK_SENTINEL,T0_OFF,true,primary
497a7f9a123e0f46001ebbcd4740b775,117,MASK_SENTINEL,T1_SILENT_CHECK,false,primary
497a7f9a123e0f46001ebbcd4740b775,117,METADATA_TOKEN_MATCHED_TO_MASK,T0_OFF,true,primary
497a7f9a123e0f46001ebbcd4740b775,117,METADATA_TOKEN_MATCHED_TO_MASK,T1_SILENT_CHECK,false,primary
6c6462cd00b3f7998f55146c4d32541d,167,BASE,T0_OFF,false,primary
6c6462cd00b3f7998f55146c4d32541d,167,BASE,T1_SILENT_CHECK,true,primary
6c6462cd00b3f7998f55146c4d32541d,167,MASK_SENTINEL,T0_OFF,true,primary
6c6462cd00b3f7998f55146c4d32541d,167,MASK_SENTINEL,T1_SILENT_CHECK,true,primary
6c6462cd00b3f7998f55146c4d32541d,167,METADATA_TOKEN_MATCHED_TO_MASK,T0_OFF,true,primary
6c6462cd00b3f7998f55146c4d32541d,167,METADATA_TOKEN_MATCHED_TO_MASK,T1_SILENT_CHECK,true,primary
ecabbb288528c6007713ae4785ef1287,97,BASE,T0_OFF,true,primary
ecabbb288528c6007713ae4785ef1287,97,BASE,T1_SILENT_CHECK,true,primary
ecabbb288528c6007713ae4785ef1287,97,MASK_SENTINEL,T0_OFF,true,primary
ecabbb288528c6007713ae4785ef1287,97,MASK_SENTINEL,T1_SILENT_CHECK,true,primary
ecabbb288528c6007713ae4785ef1287,97,METADATA_TOKEN_MATCHED_TO_MASK,T0_OFF,false,primary
ecabbb288528c6007713ae4785ef1287,97,METADATA_TOKEN_MATCHED_TO_MASK,T1_SILENT_CHECK,true,primary
e48297d7c7410f86bbe74f3e200bfbcd,198,BASE,T0_OFF,false,primary
e48297d7c7410f86bbe74f3e200bfbcd,198,BASE,T1_SILENT_CHECK,true,primary
e48297d7c7410f86bbe74f3e200bfbcd,198,MASK_SENTINEL,T0_OFF,false,primary
e48297d7c7410f86bbe74f3e200bfbcd,198,MASK_SENTINEL,T1_SILENT_CHECK,true,primary
e48297d7c7410f86bbe74f3e200bfbcd,198,METADATA_TOKEN_MATCHED_TO_MASK,T0_OFF,true,primary
e48297d7c7410f86bbe74f3e200bfbcd,198,METADATA_TOKEN_MATCHED_TO_MASK,T1_SILENT_CHECK,true,primary
e48297d7c7410f86bbe74f3e200bfbcd,198,BASE,T0_OFF,false,integrity_duplicate
e48297d7c7410f86bbe74f3e200bfbcd,198,BASE,T1_SILENT_CHECK,true,integrity_duplicate
e48297d7c7410f86bbe74f3e200bfbcd,198,MASK_SENTINEL,T0_OFF,false,integrity_duplicate
e48297d7c7410f86bbe74f3e200bfbcd,198,MASK_SENTINEL,T1_SILENT_CHECK,true,integrity_duplicate
e48297d7c7410f86bbe74f3e200bfbcd,198,METADATA_TOKEN_MATCHED_TO_MASK,T0_OFF,true,integrity_duplicate
e48297d7c7410f86bbe74f3e200bfbcd,198,METADATA_TOKEN_MATCHED_TO_MASK,T1_SILENT_CHECK,true,integrity_duplicate
3773136eb585f0325f96e40599eb01f1,79,BASE,T0_OFF,true,primary
3773136eb585f0325f96e40599eb01f1,79,BASE,T1_SILENT_CHECK,true,primary
3773136eb585f0325f96e40599eb01f1,79,MASK_SENTINEL,T0_OFF,true,primary
3773136eb585f0325f96e40599eb01f1,79,MASK_SENTINEL,T1_SILENT_CHECK,true,primary
3773136eb585f0325f96e40599eb01f1,79,METADATA_TOKEN_MATCHED_TO_MASK,T0_OFF,true,primary
3773136eb585f0325f96e40599eb01f1,79,METADATA_TOKEN_MATCHED_TO_MASK,T1_SILENT_CHECK,true,primary
4047240929d907bb0e165d3907a8ff89,91,BASE,T0_OFF,true,primary
4047240929d907bb0e165d3907a8ff89,91,BASE,T1_SILENT_CHECK,false,primary
4047240929d907bb0e165d3907a8ff89,91,MASK_SENTINEL,T0_OFF,true,primary
4047240929d907bb0e165d3907a8ff89,91,MASK_SENTINEL,T1_SILENT_CHECK,false,primary
4047240929d907bb0e165d3907a8ff89,91,METADATA_TOKEN_MATCHED_TO_MASK,T0_OFF,true,primary
4047240929d907bb0e165d3907a8ff89,91,METADATA_TOKEN_MATCHED_TO_MASK,T1_SILENT_CHECK,false,primary
4047240929d907bb0e165d3907a8ff89,91,BASE,T0_OFF,true,integrity_duplicate
4047240929d907bb0e165d3907a8ff89,91,BASE,T1_SILENT_CHECK,false,integrity_duplicate
4047240929d907bb0e165d3907a8ff89,91,MASK_SENTINEL,T0_OFF,true,integrity_duplicate
4047240929d907bb0e165d3907a8ff89,91,MASK_SENTINEL,T1_SILENT_CHECK,false,integrity_duplicate
4047240929d907bb0e165d3907a8ff89,91,METADATA_TOKEN_MATCHED_TO_MASK,T0_OFF,true,integrity_duplicate
4047240929d907bb0e165d3907a8ff89,91,METADATA_TOKEN_MATCHED_TO_MASK,T1_SILENT_CHECK,false,integrity_duplicate
b6bb8525aa6caa4bb721aa432f666805,196,BASE,T0_OFF,true,primary
b6bb8525aa6caa4bb721aa432f666805,196,BASE,T1_SILENT_CHECK,true,primary
b6bb8525aa6caa4bb721aa432f666805,196,MASK_SENTINEL,T0_OFF,true,primary
b6bb8525aa6caa4bb721aa432f666805,196,MASK_SENTINEL,T1_SILENT_CHECK,true,primary
b6bb8525aa6caa4bb721aa432f666805,196,METADATA_TOKEN_MATCHED_TO_MASK,T0_OFF,true,primary
b6bb8525aa6caa4bb721aa432f666805,196,METADATA_TOKEN_MATCHED_TO_MASK,T1_SILENT_CHECK,false,primary
b6bb8525aa6caa4bb721aa432f666805,196,BASE,T0_OFF,true,integrity_duplicate
b6bb8525aa6caa4bb721aa432f666805,196,BASE,T1_SILENT_CHECK,true,integrity_duplicate
b6bb8525aa6caa4bb721aa432f666805,196,MASK_SENTINEL,T0_OFF,true,integrity_duplicate
b6bb8525aa6caa4bb721aa432f666805,196,MASK_SENTINEL,T1_SILENT_CHECK,true,integrity_duplicate
b6bb8525aa6caa4bb721aa432f666805,196,METADATA_TOKEN_MATCHED_TO_MASK,T0_OFF,true,integrity_duplicate
b6bb8525aa6caa4bb721aa432f666805,196,METADATA_TOKEN_MATCHED_TO_MASK,T1_SILENT_CHECK,false,integrity_duplicate
89bb5f0a1cb47d410813070df39e816f,154,BASE,T0_OFF,false,primary
89bb5f0a1cb47d410813070df39e816f,154,BASE,T1_SILENT_CHECK,false,primary
89bb5f0a1cb47d410813070df39e816f,154,MASK_SENTINEL,T0_OFF,false,primary
89bb5f0a1cb47d410813070df39e816f,154,MASK_SENTINEL,T1_SILENT_CHECK,false,primary
89bb5f0a1cb47d410813070df39e816f,154,METADATA_TOKEN_MATCHED_TO_MASK,T0_OFF,false,primary
89bb5f0a1cb47d410813070df39e816f,154,METADATA_TOKEN_MATCHED_TO_MASK,T1_SILENT_CHECK,false,primary
d517d0e671c2e4e8fe05c54fa3fc70e5,268,BASE,T0_OFF,false,primary
d517d0e671c2e4e8fe05c54fa3fc70e5,268,BASE,T1_SILENT_CHECK,false,primary
d517d0e671c2e4e8fe05c54fa3fc70e5,268,MASK_SENTINEL,T0_OFF,false,primary
d517d0e671c2e4e8fe05c54fa3fc70e5,268,MASK_SENTINEL,T1_SILENT_CHECK,false,primary
d517d0e671c2e4e8fe05c54fa3fc70e5,268,METADATA_TOKEN_MATCHED_TO_MASK,T0_OFF,false,primary
d517d0e671c2e4e8fe05c54fa3fc70e5,268,METADATA_TOKEN_MATCHED_TO_MASK,T1_SILENT_CHECK,false,primary
4ac7643428ae13f4eb2686f7f41b1b5c,73,BASE,T0_OFF,false,primary
4ac7643428ae13f4eb2686f7f41b1b5c,73,BASE,T1_SILENT_CHECK,false,primary
4ac7643428ae13f4eb2686f7f41b1b5c,73,MASK_SENTINEL,T0_OFF,false,primary
4ac7643428ae13f4eb2686f7f41b1b5c,73,MASK_SENTINEL,T1_SILENT_CHECK,false,primary
4ac7643428ae13f4eb2686f7f41b1b5c,73,METADATA_TOKEN_MATCHED_TO_MASK,T0_OFF,false,primary
4ac7643428ae13f4eb2686f7f41b1b5c,73,METADATA_TOKEN_MATCHED_TO_MASK,T1_SILENT_CHECK,false,primary
fb17865eb88548a175d0374206fe3acf,288,BASE,T0_OFF,true,primary
fb17865eb88548a175d0374206fe3acf,288,BASE,T1_SILENT_CHECK,true,primary
fb17865eb88548a175d0374206fe3acf,288,MASK_SENTINEL,T0_OFF,true,primary
fb17865eb88548a175d0374206fe3acf,288,MASK_SENTINEL,T1_SILENT_CHECK,true,primary
fb17865eb88548a175d0374206fe3acf,288,METADATA_TOKEN_MATCHED_TO_MASK,T0_OFF,true,primary
fb17865eb88548a175d0374206fe3acf,288,METADATA_TOKEN_MATCHED_TO_MASK,T1_SILENT_CHECK,true,primary
fb17865eb88548a175d0374206fe3acf,288,BASE,T0_OFF,true,integrity_duplicate
fb17865eb88548a175d0374206fe3acf,288,BASE,T1_SILENT_CHECK,true,integrity_duplicate
fb17865eb88548a175d0374206fe3acf,288,MASK_SENTINEL,T0_OFF,true,integrity_duplicate
fb17865eb88548a175d0374206fe3acf,288,MASK_SENTINEL,T1_SILENT_CHECK,true,integrity_duplicate
fb17865eb88548a175d0374206fe3acf,288,METADATA_TOKEN_MATCHED_TO_MASK,T0_OFF,true,integrity_duplicate
fb17865eb88548a175d0374206fe3acf,288,METADATA_TOKEN_MATCHED_TO_MASK,T1_SILENT_CHECK,true,integrity_duplicate
86f2ebabaf0712e7d0eda48b49445791,147,BASE,T0_OFF,false,primary
86f2ebabaf0712e7d0eda48b49445791,147,BASE,T1_SILENT_CHECK,false,primary
86f2ebabaf0712e7d0eda48b49445791,147,MASK_SENTINEL,T0_OFF,false,primary
86f2ebabaf0712e7d0eda48b49445791,147,MASK_SENTINEL,T1_SILENT_CHECK,false,primary
86f2ebabaf0712e7d0eda48b49445791,147,METADATA_TOKEN_MATCHED_TO_MASK,T0_OFF,false,primary
86f2ebabaf0712e7d0eda48b49445791,147,METADATA_TOKEN_MATCHED_TO_MASK,T1_SILENT_CHECK,false,primary
1abeb62e0fc330422f0f13375b69046e,40,BASE,T0_OFF,false,primary
1abeb62e0fc330422f0f13375b69046e,40,BASE,T1_SILENT_CHECK,false,primary
1abeb62e0fc330422f0f13375b69046e,40,MASK_SENTINEL,T0_OFF,false,primary
1abeb62e0fc330422f0f13375b69046e,40,MASK_SENTINEL,T1_SILENT_CHECK,false,primary
1abeb62e0fc330422f0f13375b69046e,40,METADATA_TOKEN_MATCHED_TO_MASK,T0_OFF,false,primary
1abeb62e0fc330422f0f13375b69046e,40,METADATA_TOKEN_MATCHED_TO_MASK,T1_SILENT_CHECK,false,primary
571775fa1447b3bacd14d6a2f787ed9f,77,BASE,T0_OFF,false,primary
571775fa1447b3bacd14d6a2f787ed9f,77,BASE,T1_SILENT_CHECK,false,primary
571775fa1447b3bacd14d6a2f787ed9f,77,MASK_SENTINEL,T0_OFF,false,primary
571775fa1447b3bacd14d6a2f787ed9f,77,MASK_SENTINEL,T1_SILENT_CHECK,false,primary
571775fa1447b3bacd14d6a2f787ed9f,77,METADATA_TOKEN_MATCHED_TO_MASK,T0_OFF,false,primary
571775fa1447b3bacd14d6a2f787ed9f,77,METADATA_TOKEN_MATCHED_TO_MASK,T1_SILENT_CHECK,false,primary
59cd4210d16e85a208da9fb1f4399b24,105,BASE,T0_OFF,true,primary
59cd4210d16e85a208da9fb1f4399b24,105,BASE,T1_SILENT_CHECK,true,primary
59cd4210d16e85a208da9fb1f4399b24,105,MASK_SENTINEL,T0_OFF,true,primary
59cd4210d16e85a208da9fb1f4399b24,105,MASK_SENTINEL,T1_SILENT_CHECK,true,primary
59cd4210d16e85a208da9fb1f4399b24,105,METADATA_TOKEN_MATCHED_TO_MASK,T0_OFF,true,primary
59cd4210d16e85a208da9fb1f4399b24,105,METADATA_TOKEN_MATCHED_TO_MASK,T1_SILENT_CHECK,true,primary
61fa214cf7233192f6388a10e53d79ba,30,BASE,T0_OFF,true,primary
61fa214cf7233192f6388a10e53d79ba,30,BASE,T1_SILENT_CHECK,true,primary
61fa214cf7233192f6388a10e53d79ba,30,MASK_SENTINEL,T0_OFF,true,primary
61fa214cf7233192f6388a10e53d79ba,30,MASK_SENTINEL,T1_SILENT_CHECK,true,primary
61fa214cf7233192f6388a10e53d79ba,30,METADATA_TOKEN_MATCHED_TO_MASK,T0_OFF,true,primary
61fa214cf7233192f6388a10e53d79ba,30,METADATA_TOKEN_MATCHED_TO_MASK,T1_SILENT_CHECK,false,primary
c3bd501df119959b790914a29b0c88dd,230,BASE,T0_OFF,false,primary
c3bd501df119959b790914a29b0c88dd,230,BASE,T1_SILENT_CHECK,false,primary
c3bd501df119959b790914a29b0c88dd,230,MASK_SENTINEL,T0_OFF,false,primary
c3bd501df119959b790914a29b0c88dd,230,MASK_SENTINEL,T1_SILENT_CHECK,false,primary
c3bd501df119959b790914a29b0c88dd,230,METADATA_TOKEN_MATCHED_TO_MASK,T0_OFF,false,primary
c3bd501df119959b790914a29b0c88dd,230,METADATA_TOKEN_MATCHED_TO_MASK,T1_SILENT_CHECK,false,primary
5f189c5e9942f603a48d19c4cd57a50e,81,BASE,T0_OFF,false,primary
5f189c5e9942f603a48d19c4cd57a50e,81,BASE,T1_SILENT_CHECK,false,primary
5f189c5e9942f603a48d19c4cd57a50e,81,MASK_SENTINEL,T0_OFF,false,primary
5f189c5e9942f603a48d19c4cd57a50e,81,MASK_SENTINEL,T1_SILENT_CHECK,false,primary
5f189c5e9942f603a48d19c4cd57a50e,81,METADATA_TOKEN_MATCHED_TO_MASK,T0_OFF,false,primary
5f189c5e9942f603a48d19c4cd57a50e,81,METADATA_TOKEN_MATCHED_TO_MASK,T1_SILENT_CHECK,false,primary
5f189c5e9942f603a48d19c4cd57a50e,81,BASE,T0_OFF,false,integrity_duplicate
5f189c5e9942f603a48d19c4cd57a50e,81,BASE,T1_SILENT_CHECK,false,integrity_duplicate
5f189c5e9942f603a48d19c4cd57a50e,81,MASK_SENTINEL,T0_OFF,false,integrity_duplicate
5f189c5e9942f603a48d19c4cd57a50e,81,MASK_SENTINEL,T1_SILENT_CHECK,false,integrity_duplicate
5f189c5e9942f603a48d19c4cd57a50e,81,METADATA_TOKEN_MATCHED_TO_MASK,T0_OFF,false,integrity_duplicate
5f189c5e9942f603a48d19c4cd57a50e,81,METADATA_TOKEN_MATCHED_TO_MASK,T1_SILENT_CHECK,false,integrity_duplicate
546e6900e3eee837339c7ec052d7cf03,95,BASE,T0_OFF,true,primary
546e6900e3eee837339c7ec052d7cf03,95,BASE,T1_SILENT_CHECK,true,primary
546e6900e3eee837339c7ec052d7cf03,95,MASK_SENTINEL,T0_OFF,true,primary
546e6900e3eee837339c7ec052d7cf03,95,MASK_SENTINEL,T1_SILENT_CHECK,true,primary
546e6900e3eee837339c7ec052d7cf03,95,METADATA_TOKEN_MATCHED_TO_MASK,T0_OFF,true,primary
546e6900e3eee837339c7ec052d7cf03,95,METADATA_TOKEN_MATCHED_TO_MASK,T1_SILENT_CHECK,true,primary
5c5583f67d5307af134784c9d5508707,109,BASE,T0_OFF,true,primary
5c5583f67d5307af134784c9d5508707,109,BASE,T1_SILENT_CHECK,true,primary
5c5583f67d5307af134784c9d5508707,109,MASK_SENTINEL,T0_OFF,true,primary
5c5583f67d5307af134784c9d5508707,109,MASK_SENTINEL,T1_SILENT_CHECK,true,primary
5c5583f67d5307af134784c9d5508707,109,METADATA_TOKEN_MATCHED_TO_MASK,T0_OFF,true,primary
5c5583f67d5307af134784c9d5508707,109,METADATA_TOKEN_MATCHED_TO_MASK,T1_SILENT_CHECK,true,primary
5c5583f67d5307af134784c9d5508707,109,BASE,T0_OFF,true,integrity_duplicate
5c5583f67d5307af134784c9d5508707,109,BASE,T1_SILENT_CHECK,true,integrity_duplicate
5c5583f67d5307af134784c9d5508707,109,MASK_SENTINEL,T0_OFF,true,integrity_duplicate
5c5583f67d5307af134784c9d5508707,109,MASK_SENTINEL,T1_SILENT_CHECK,true,integrity_duplicate
5c5583f67d5307af134784c9d5508707,109,METADATA_TOKEN_MATCHED_TO_MASK,T0_OFF,true,integrity_duplicate
5c5583f67d5307af134784c9d5508707,109,METADATA_TOKEN_MATCHED_TO_MASK,T1_SILENT_CHECK,true,integrity_duplicate
89e261effe995378f1daa27fae848fa3,153,BASE,T0_OFF,true,primary
89e261effe995378f1daa27fae848fa3,153,BASE,T1_SILENT_CHECK,true,primary
89e261effe995378f1daa27fae848fa3,153,MASK_SENTINEL,T0_OFF,true,primary
89e261effe995378f1daa27fae848fa3,153,MASK_SENTINEL,T1_SILENT_CHECK,true,primary
89e261effe995378f1daa27fae848fa3,153,METADATA_TOKEN_MATCHED_TO_MASK,T0_OFF,true,primary
89e261effe995378f1daa27fae848fa3,153,METADATA_TOKEN_MATCHED_TO_MASK,T1_SILENT_CHECK,true,primary
7157c82ed179e2a59da28c80125e218f,253,BASE,T0_OFF,true,primary
7157c82ed179e2a59da28c80125e218f,253,BASE,T1_SILENT_CHECK,false,primary
7157c82ed179e2a59da28c80125e218f,253,MASK_SENTINEL,T0_OFF,false,primary
7157c82ed179e2a59da28c80125e218f,253,MASK_SENTINEL,T1_SILENT_CHECK,false,primary
7157c82ed179e2a59da28c80125e218f,253,METADATA_TOKEN_MATCHED_TO_MASK,T0_OFF,false,primary
7157c82ed179e2a59da28c80125e218f,253,METADATA_TOKEN_MATCHED_TO_MASK,T1_SILENT_CHECK,false,primary
af93577486654debed820e504404a2be,197,BASE,T0_OFF,true,primary
af93577486654debed820e504404a2be,197,BASE,T1_SILENT_CHECK,false,primary
af93577486654debed820e504404a2be,197,MASK_SENTINEL,T0_OFF,true,primary
af93577486654debed820e504404a2be,197,MASK_SENTINEL,T1_SILENT_CHECK,false,primary
af93577486654debed820e504404a2be,197,METADATA_TOKEN_MATCHED_TO_MASK,T0_OFF,true,primary
af93577486654debed820e504404a2be,197,METADATA_TOKEN_MATCHED_TO_MASK,T1_SILENT_CHECK,false,primary
af93577486654debed820e504404a2be,197,BASE,T0_OFF,true,integrity_duplicate
af93577486654debed820e504404a2be,197,BASE,T1_SILENT_CHECK,false,integrity_duplicate
af93577486654debed820e504404a2be,197,MASK_SENTINEL,T0_OFF,true,integrity_duplicate
af93577486654debed820e504404a2be,197,MASK_SENTINEL,T1_SILENT_CHECK,false,integrity_duplicate
af93577486654debed820e504404a2be,197,METADATA_TOKEN_MATCHED_TO_MASK,T0_OFF,true,integrity_duplicate
af93577486654debed820e504404a2be,197,METADATA_TOKEN_MATCHED_TO_MASK,T1_SILENT_CHECK,false,integrity_duplicate
433b10000536931e72e5775615e3ed20,83,BASE,T0_OFF,true,primary
433b10000536931e72e5775615e3ed20,83,BASE,T1_SILENT_CHECK,true,primary
433b10000536931e72e5775615e3ed20,83,MASK_SENTINEL,T0_OFF,true,primary
433b10000536931e72e5775615e3ed20,83,MASK_SENTINEL,T1_SILENT_CHECK,true,primary
433b10000536931e72e5775615e3ed20,83,METADATA_TOKEN_MATCHED_TO_MASK,T0_OFF,true,primary
433b10000536931e72e5775615e3ed20,83,METADATA_TOKEN_MATCHED_TO_MASK,T1_SILENT_CHECK,true,primary
bbefebe0885e1619c8632704b043a513,215,BASE,T0_OFF,true,primary
bbefebe0885e1619c8632704b043a513,215,BASE,T1_SILENT_CHECK,false,primary
bbefebe0885e1619c8632704b043a513,215,MASK_SENTINEL,T0_OFF,true,primary
bbefebe0885e1619c8632704b043a513,215,MASK_SENTINEL,T1_SILENT_CHECK,false,primary
bbefebe0885e1619c8632704b043a513,215,METADATA_TOKEN_MATCHED_TO_MASK,T0_OFF,true,primary
bbefebe0885e1619c8632704b043a513,215,METADATA_TOKEN_MATCHED_TO_MASK,T1_SILENT_CHECK,false,primary
2d333ba89b9028163389324be1237ff2,119,BASE,T0_OFF,true,primary
2d333ba89b9028163389324be1237ff2,119,BASE,T1_SILENT_CHECK,false,primary
2d333ba89b9028163389324be1237ff2,119,MASK_SENTINEL,T0_OFF,true,primary
2d333ba89b9028163389324be1237ff2,119,MASK_SENTINEL,T1_SILENT_CHECK,false,primary
2d333ba89b9028163389324be1237ff2,119,METADATA_TOKEN_MATCHED_TO_MASK,T0_OFF,true,primary
2d333ba89b9028163389324be1237ff2,119,METADATA_TOKEN_MATCHED_TO_MASK,T1_SILENT_CHECK,true,primary
e796813ab7289b64dc6e8888045463bf,280,BASE,T0_OFF,false,primary
e796813ab7289b64dc6e8888045463bf,280,BASE,T1_SILENT_CHECK,false,primary
e796813ab7289b64dc6e8888045463bf,280,MASK_SENTINEL,T0_OFF,false,primary
e796813ab7289b64dc6e8888045463bf,280,MASK_SENTINEL,T1_SILENT_CHECK,false,primary
e796813ab7289b64dc6e8888045463bf,280,METADATA_TOKEN_MATCHED_TO_MASK,T0_OFF,false,primary
e796813ab7289b64dc6e8888045463bf,280,METADATA_TOKEN_MATCHED_TO_MASK,T1_SILENT_CHECK,false,primary
3cf65d859cc193e57a397ac39992e756,61,BASE,T0_OFF,false,primary
3cf65d859cc193e57a397ac39992e756,61,BASE,T1_SILENT_CHECK,false,primary
3cf65d859cc193e57a397ac39992e756,61,MASK_SENTINEL,T0_OFF,false,primary
3cf65d859cc193e57a397ac39992e756,61,MASK_SENTINEL,T1_SILENT_CHECK,false,primary
3cf65d859cc193e57a397ac39992e756,61,METADATA_TOKEN_MATCHED_TO_MASK,T0_OFF,false,primary
3cf65d859cc193e57a397ac39992e756,61,METADATA_TOKEN_MATCHED_TO_MASK,T1_SILENT_CHECK,false,primary
3cf65d859cc193e57a397ac39992e756,61,BASE,T0_OFF,false,integrity_duplicate
3cf65d859cc193e57a397ac39992e756,61,BASE,T1_SILENT_CHECK,false,integrity_duplicate
3cf65d859cc193e57a397ac39992e756,61,MASK_SENTINEL,T0_OFF,false,integrity_duplicate
3cf65d859cc193e57a397ac39992e756,61,MASK_SENTINEL,T1_SILENT_CHECK,false,integrity_duplicate
3cf65d859cc193e57a397ac39992e756,61,METADATA_TOKEN_MATCHED_TO_MASK,T0_OFF,false,integrity_duplicate
3cf65d859cc193e57a397ac39992e756,61,METADATA_TOKEN_MATCHED_TO_MASK,T1_SILENT_CHECK,false,integrity_duplicate
57396c908e1c13889ec75d21bf112e40,104,BASE,T0_OFF,true,primary
57396c908e1c13889ec75d21bf112e40,104,BASE,T1_SILENT_CHECK,true,primary
57396c908e1c13889ec75d21bf112e40,104,MASK_SENTINEL,T0_OFF,true,primary
57396c908e1c13889ec75d21bf112e40,104,MASK_SENTINEL,T1_SILENT_CHECK,true,primary
57396c908e1c13889ec75d21bf112e40,104,METADATA_TOKEN_MATCHED_TO_MASK,T0_OFF,true,primary
57396c908e1c13889ec75d21bf112e40,104,METADATA_TOKEN_MATCHED_TO_MASK,T1_SILENT_CHECK,true,primary
57396c908e1c13889ec75d21bf112e40,104,BASE,T0_OFF,true,integrity_duplicate
57396c908e1c13889ec75d21bf112e40,104,BASE,T1_SILENT_CHECK,true,integrity_duplicate
57396c908e1c13889ec75d21bf112e40,104,MASK_SENTINEL,T0_OFF,true,integrity_duplicate
57396c908e1c13889ec75d21bf112e40,104,MASK_SENTINEL,T1_SILENT_CHECK,true,integrity_duplicate
57396c908e1c13889ec75d21bf112e40,104,METADATA_TOKEN_MATCHED_TO_MASK,T0_OFF,true,integrity_duplicate
57396c908e1c13889ec75d21bf112e40,104,METADATA_TOKEN_MATCHED_TO_MASK,T1_SILENT_CHECK,true,integrity_duplicate
f559a32c25c60e341b4686a7a99942ca,290,BASE,T0_OFF,false,primary
f559a32c25c60e341b4686a7a99942ca,290,BASE,T1_SILENT_CHECK,false,primary
f559a32c25c60e341b4686a7a99942ca,290,MASK_SENTINEL,T0_OFF,false,primary
f559a32c25c60e341b4686a7a99942ca,290,MASK_SENTINEL,T1_SILENT_CHECK,false,primary
f559a32c25c60e341b4686a7a99942ca,290,METADATA_TOKEN_MATCHED_TO_MASK,T0_OFF,false,primary
f559a32c25c60e341b4686a7a99942ca,290,METADATA_TOKEN_MATCHED_TO_MASK,T1_SILENT_CHECK,false,primary
4fb4506089e2221fa25c2e89f5d7854c,75,BASE,T0_OFF,false,primary
4fb4506089e2221fa25c2e89f5d7854c,75,BASE,T1_SILENT_CHECK,false,primary
4fb4506089e2221fa25c2e89f5d7854c,75,MASK_SENTINEL,T0_OFF,false,primary
4fb4506089e2221fa25c2e89f5d7854c,75,MASK_SENTINEL,T1_SILENT_CHECK,false,primary
4fb4506089e2221fa25c2e89f5d7854c,75,METADATA_TOKEN_MATCHED_TO_MASK,T0_OFF,false,primary
4fb4506089e2221fa25c2e89f5d7854c,75,METADATA_TOKEN_MATCHED_TO_MASK,T1_SILENT_CHECK,false,primary
43119b9f7e6485dc126eaa8c4d59d792,82,BASE,T0_OFF,true,primary
43119b9f7e6485dc126eaa8c4d59d792,82,BASE,T1_SILENT_CHECK,true,primary
43119b9f7e6485dc126eaa8c4d59d792,82,MASK_SENTINEL,T0_OFF,true,primary
43119b9f7e6485dc126eaa8c4d59d792,82,MASK_SENTINEL,T1_SILENT_CHECK,true,primary
43119b9f7e6485dc126eaa8c4d59d792,82,METADATA_TOKEN_MATCHED_TO_MASK,T0_OFF,true,primary
43119b9f7e6485dc126eaa8c4d59d792,82,METADATA_TOKEN_MATCHED_TO_MASK,T1_SILENT_CHECK,true,primary
35064b8fd23f857075828431023ba8cf,132,BASE,T0_OFF,true,primary
35064b8fd23f857075828431023ba8cf,132,BASE,T1_SILENT_CHECK,true,primary
35064b8fd23f857075828431023ba8cf,132,MASK_SENTINEL,T0_OFF,false,primary
35064b8fd23f857075828431023ba8cf,132,MASK_SENTINEL,T1_SILENT_CHECK,true,primary
35064b8fd23f857075828431023ba8cf,132,METADATA_TOKEN_MATCHED_TO_MASK,T0_OFF,false,primary
35064b8fd23f857075828431023ba8cf,132,METADATA_TOKEN_MATCHED_TO_MASK,T1_SILENT_CHECK,true,primary
fd25fd4136b6d5ee4dbe3bc40c74665f,289,BASE,T0_OFF,true,primary
fd25fd4136b6d5ee4dbe3bc40c74665f,289,BASE,T1_SILENT_CHECK,true,primary
fd25fd4136b6d5ee4dbe3bc40c74665f,289,MASK_SENTINEL,T0_OFF,true,primary
fd25fd4136b6d5ee4dbe3bc40c74665f,289,MASK_SENTINEL,T1_SILENT_CHECK,true,primary
fd25fd4136b6d5ee4dbe3bc40c74665f,289,METADATA_TOKEN_MATCHED_TO_MASK,T0_OFF,true,primary
fd25fd4136b6d5ee4dbe3bc40c74665f,289,METADATA_TOKEN_MATCHED_TO_MASK,T1_SILENT_CHECK,true,primary
9f70e7281f5fa4f1458a11c25de6026f,165,BASE,T0_OFF,false,primary
9f70e7281f5fa4f1458a11c25de6026f,165,BASE,T1_SILENT_CHECK,false,primary
9f70e7281f5fa4f1458a11c25de6026f,165,MASK_SENTINEL,T0_OFF,false,primary
9f70e7281f5fa4f1458a11c25de6026f,165,MASK_SENTINEL,T1_SILENT_CHECK,false,primary
9f70e7281f5fa4f1458a11c25de6026f,165,METADATA_TOKEN_MATCHED_TO_MASK,T0_OFF,false,primary
9f70e7281f5fa4f1458a11c25de6026f,165,METADATA_TOKEN_MATCHED_TO_MASK,T1_SILENT_CHECK,false,primary
9f70e7281f5fa4f1458a11c25de6026f,165,BASE,T0_OFF,false,integrity_duplicate
9f70e7281f5fa4f1458a11c25de6026f,165,BASE,T1_SILENT_CHECK,false,integrity_duplicate
9f70e7281f5fa4f1458a11c25de6026f,165,MASK_SENTINEL,T0_OFF,false,integrity_duplicate
9f70e7281f5fa4f1458a11c25de6026f,165,MASK_SENTINEL,T1_SILENT_CHECK,false,integrity_duplicate
9f70e7281f5fa4f1458a11c25de6026f,165,METADATA_TOKEN_MATCHED_TO_MASK,T0_OFF,false,integrity_duplicate
9f70e7281f5fa4f1458a11c25de6026f,165,METADATA_TOKEN_MATCHED_TO_MASK,T1_SILENT_CHECK,false,integrity_duplicate
97f1b072339d86f30c876a08f62fcf95,139,BASE,T0_OFF,true,primary
97f1b072339d86f30c876a08f62fcf95,139,BASE,T1_SILENT_CHECK,false,primary
97f1b072339d86f30c876a08f62fcf95,139,MASK_SENTINEL,T0_OFF,true,primary
97f1b072339d86f30c876a08f62fcf95,139,MASK_SENTINEL,T1_SILENT_CHECK,false,primary
97f1b072339d86f30c876a08f62fcf95,139,METADATA_TOKEN_MATCHED_TO_MASK,T0_OFF,true,primary
97f1b072339d86f30c876a08f62fcf95,139,METADATA_TOKEN_MATCHED_TO_MASK,T1_SILENT_CHECK,false,primary
2e300a153d00c1f83285b28e511b27b8,51,BASE,T0_OFF,false,primary
2e300a153d00c1f83285b28e511b27b8,51,BASE,T1_SILENT_CHECK,false,primary
2e300a153d00c1f83285b28e511b27b8,51,MASK_SENTINEL,T0_OFF,false,primary
2e300a153d00c1f83285b28e511b27b8,51,MASK_SENTINEL,T1_SILENT_CHECK,false,primary
2e300a153d00c1f83285b28e511b27b8,51,METADATA_TOKEN_MATCHED_TO_MASK,T0_OFF,false,primary
2e300a153d00c1f83285b28e511b27b8,51,METADATA_TOKEN_MATCHED_TO_MASK,T1_SILENT_CHECK,false,primary
2e300a153d00c1f83285b28e511b27b8,51,BASE,T0_OFF,false,integrity_duplicate
2e300a153d00c1f83285b28e511b27b8,51,BASE,T1_SILENT_CHECK,false,integrity_duplicate
2e300a153d00c1f83285b28e511b27b8,51,MASK_SENTINEL,T0_OFF,false,integrity_duplicate
2e300a153d00c1f83285b28e511b27b8,51,MASK_SENTINEL,T1_SILENT_CHECK,false,integrity_duplicate
2e300a153d00c1f83285b28e511b27b8,51,METADATA_TOKEN_MATCHED_TO_MASK,T0_OFF,false,integrity_duplicate
2e300a153d00c1f83285b28e511b27b8,51,METADATA_TOKEN_MATCHED_TO_MASK,T1_SILENT_CHECK,false,integrity_duplicate
9a22909da703099796976171056258ac,183,BASE,T0_OFF,true,primary
9a22909da703099796976171056258ac,183,BASE,T1_SILENT_CHECK,true,primary
9a22909da703099796976171056258ac,183,MASK_SENTINEL,T0_OFF,true,primary
9a22909da703099796976171056258ac,183,MASK_SENTINEL,T1_SILENT_CHECK,true,primary
9a22909da703099796976171056258ac,183,METADATA_TOKEN_MATCHED_TO_MASK,T0_OFF,true,primary
9a22909da703099796976171056258ac,183,METADATA_TOKEN_MATCHED_TO_MASK,T1_SILENT_CHECK,true,primary
48cba07a28a081c55ea064459f98d4d0,72,BASE,T0_OFF,false,primary
48cba07a28a081c55ea064459f98d4d0,72,BASE,T1_SILENT_CHECK,false,primary
48cba07a28a081c55ea064459f98d4d0,72,MASK_SENTINEL,T0_OFF,false,primary
48cba07a28a081c55ea064459f98d4d0,72,MASK_SENTINEL,T1_SILENT_CHECK,false,primary
48cba07a28a081c55ea064459f98d4d0,72,METADATA_TOKEN_MATCHED_TO_MASK,T0_OFF,false,primary
48cba07a28a081c55ea064459f98d4d0,72,METADATA_TOKEN_MATCHED_TO_MASK,T1_SILENT_CHECK,false,primary
af58e8624961d32fee7fb59628387f85,247,BASE,T0_OFF,false,primary
af58e8624961d32fee7fb59628387f85,247,BASE,T1_SILENT_CHECK,true,primary
af58e8624961d32fee7fb59628387f85,247,MASK_SENTINEL,T0_OFF,false,primary
af58e8624961d32fee7fb59628387f85,247,MASK_SENTINEL,T1_SILENT_CHECK,false,primary
af58e8624961d32fee7fb59628387f85,247,METADATA_TOKEN_MATCHED_TO_MASK,T0_OFF,false,primary
af58e8624961d32fee7fb59628387f85,247,METADATA_TOKEN_MATCHED_TO_MASK,T1_SILENT_CHECK,false,primary
b3a27905c23d10611ea0bb2e7130f9f4,203,BASE,T0_OFF,false,primary
b3a27905c23d10611ea0bb2e7130f9f4,203,BASE,T1_SILENT_CHECK,false,primary
b3a27905c23d10611ea0bb2e7130f9f4,203,MASK_SENTINEL,T0_OFF,false,primary
b3a27905c23d10611ea0bb2e7130f9f4,203,MASK_SENTINEL,T1_SILENT_CHECK,false,primary
b3a27905c23d10611ea0bb2e7130f9f4,203,METADATA_TOKEN_MATCHED_TO_MASK,T0_OFF,false,primary
b3a27905c23d10611ea0bb2e7130f9f4,203,METADATA_TOKEN_MATCHED_TO_MASK,T1_SILENT_CHECK,false,primary
9dfb687e13699d444adf359c5332e84d,184,BASE,T0_OFF,true,primary
9dfb687e13699d444adf359c5332e84d,184,BASE,T1_SILENT_CHECK,true,primary
9dfb687e13699d444adf359c5332e84d,184,MASK_SENTINEL,T0_OFF,true,primary
9dfb687e13699d444adf359c5332e84d,184,MASK_SENTINEL,T1_SILENT_CHECK,true,primary
9dfb687e13699d444adf359c5332e84d,184,METADATA_TOKEN_MATCHED_TO_MASK,T0_OFF,true,primary
9dfb687e13699d444adf359c5332e84d,184,METADATA_TOKEN_MATCHED_TO_MASK,T1_SILENT_CHECK,true,primary
e4c1d6df1a50a13293c339f9a443719a,239,BASE,T0_OFF,true,primary
e4c1d6df1a50a13293c339f9a443719a,239,BASE,T1_SILENT_CHECK,true,primary
e4c1d6df1a50a13293c339f9a443719a,239,MASK_SENTINEL,T0_OFF,true,primary
e4c1d6df1a50a13293c339f9a443719a,239,MASK_SENTINEL,T1_SILENT_CHECK,true,primary
e4c1d6df1a50a13293c339f9a443719a,239,METADATA_TOKEN_MATCHED_TO_MASK,T0_OFF,true,primary
e4c1d6df1a50a13293c339f9a443719a,239,METADATA_TOKEN_MATCHED_TO_MASK,T1_SILENT_CHECK,true,primary
38d09667081e5f89772dc477fb23d817,58,BASE,T0_OFF,false,primary
38d09667081e5f89772dc477fb23d817,58,BASE,T1_SILENT_CHECK,false,primary
38d09667081e5f89772dc477fb23d817,58,MASK_SENTINEL,T0_OFF,false,primary
38d09667081e5f89772dc477fb23d817,58,MASK_SENTINEL,T1_SILENT_CHECK,false,primary
38d09667081e5f89772dc477fb23d817,58,METADATA_TOKEN_MATCHED_TO_MASK,T0_OFF,false,primary
38d09667081e5f89772dc477fb23d817,58,METADATA_TOKEN_MATCHED_TO_MASK,T1_SILENT_CHECK,false,primary
cde1bbe848cfa66eb75aa6a439fe1aa4,265,BASE,T0_OFF,false,primary
cde1bbe848cfa66eb75aa6a439fe1aa4,265,BASE,T1_SILENT_CHECK,false,primary
cde1bbe848cfa66eb75aa6a439fe1aa4,265,MASK_SENTINEL,T0_OFF,false,primary
cde1bbe848cfa66eb75aa6a439fe1aa4,265,MASK_SENTINEL,T1_SILENT_CHECK,false,primary
cde1bbe848cfa66eb75aa6a439fe1aa4,265,METADATA_TOKEN_MATCHED_TO_MASK,T0_OFF,false,primary
cde1bbe848cfa66eb75aa6a439fe1aa4,265,METADATA_TOKEN_MATCHED_TO_MASK,T1_SILENT_CHECK,false,primary
c67015821be772242e3b08c8ec36a294,214,BASE,T0_OFF,true,primary
c67015821be772242e3b08c8ec36a294,214,BASE,T1_SILENT_CHECK,true,primary
c67015821be772242e3b08c8ec36a294,214,MASK_SENTINEL,T0_OFF,true,primary
c67015821be772242e3b08c8ec36a294,214,MASK_SENTINEL,T1_SILENT_CHECK,true,primary
c67015821be772242e3b08c8ec36a294,214,METADATA_TOKEN_MATCHED_TO_MASK,T0_OFF,true,primary
c67015821be772242e3b08c8ec36a294,214,METADATA_TOKEN_MATCHED_TO_MASK,T1_SILENT_CHECK,true,primary
1efea1138c7ae2b0e749993c8870b163,37,BASE,T0_OFF,true,primary
1efea1138c7ae2b0e749993c8870b163,37,BASE,T1_SILENT_CHECK,true,primary
1efea1138c7ae2b0e749993c8870b163,37,MASK_SENTINEL,T0_OFF,true,primary
1efea1138c7ae2b0e749993c8870b163,37,MASK_SENTINEL,T1_SILENT_CHECK,true,primary
1efea1138c7ae2b0e749993c8870b163,37,METADATA_TOKEN_MATCHED_TO_MASK,T0_OFF,true,primary
1efea1138c7ae2b0e749993c8870b163,37,METADATA_TOKEN_MATCHED_TO_MASK,T1_SILENT_CHECK,true,primary
5505963f57c0d6716aadaad97496dada,98,BASE,T0_OFF,true,primary
5505963f57c0d6716aadaad97496dada,98,BASE,T1_SILENT_CHECK,true,primary
5505963f57c0d6716aadaad97496dada,98,MASK_SENTINEL,T0_OFF,true,primary
5505963f57c0d6716aadaad97496dada,98,MASK_SENTINEL,T1_SILENT_CHECK,true,primary
5505963f57c0d6716aadaad97496dada,98,METADATA_TOKEN_MATCHED_TO_MASK,T0_OFF,true,primary
5505963f57c0d6716aadaad97496dada,98,METADATA_TOKEN_MATCHED_TO_MASK,T1_SILENT_CHECK,true,primary
5505963f57c0d6716aadaad97496dada,98,BASE,T0_OFF,true,integrity_duplicate
5505963f57c0d6716aadaad97496dada,98,BASE,T1_SILENT_CHECK,true,integrity_duplicate
5505963f57c0d6716aadaad97496dada,98,MASK_SENTINEL,T0_OFF,true,integrity_duplicate
5505963f57c0d6716aadaad97496dada,98,MASK_SENTINEL,T1_SILENT_CHECK,true,integrity_duplicate
5505963f57c0d6716aadaad97496dada,98,METADATA_TOKEN_MATCHED_TO_MASK,T0_OFF,true,integrity_duplicate
5505963f57c0d6716aadaad97496dada,98,METADATA_TOKEN_MATCHED_TO_MASK,T1_SILENT_CHECK,true,integrity_duplicate
baf2d517c8c1a8419ab71d0f075beb2d,201,BASE,T0_OFF,true,primary
baf2d517c8c1a8419ab71d0f075beb2d,201,BASE,T1_SILENT_CHECK,true,primary
baf2d517c8c1a8419ab71d0f075beb2d,201,MASK_SENTINEL,T0_OFF,true,primary
baf2d517c8c1a8419ab71d0f075beb2d,201,MASK_SENTINEL,T1_SILENT_CHECK,true,primary
baf2d517c8c1a8419ab71d0f075beb2d,201,METADATA_TOKEN_MATCHED_TO_MASK,T0_OFF,true,primary
baf2d517c8c1a8419ab71d0f075beb2d,201,METADATA_TOKEN_MATCHED_TO_MASK,T1_SILENT_CHECK,true,primary
e503e1394e3fdd810f6febe3563b06cd,276,BASE,T0_OFF,false,primary
e503e1394e3fdd810f6febe3563b06cd,276,BASE,T1_SILENT_CHECK,false,primary
e503e1394e3fdd810f6febe3563b06cd,276,MASK_SENTINEL,T0_OFF,false,primary
e503e1394e3fdd810f6febe3563b06cd,276,MASK_SENTINEL,T1_SILENT_CHECK,false,primary
e503e1394e3fdd810f6febe3563b06cd,276,METADATA_TOKEN_MATCHED_TO_MASK,T0_OFF,false,primary
e503e1394e3fdd810f6febe3563b06cd,276,METADATA_TOKEN_MATCHED_TO_MASK,T1_SILENT_CHECK,false,primary
aad6285f7e9e86c6e446c5aaedd17ea6,211,BASE,T0_OFF,true,primary
aad6285f7e9e86c6e446c5aaedd17ea6,211,BASE,T1_SILENT_CHECK,false,primary
aad6285f7e9e86c6e446c5aaedd17ea6,211,MASK_SENTINEL,T0_OFF,false,primary
aad6285f7e9e86c6e446c5aaedd17ea6,211,MASK_SENTINEL,T1_SILENT_CHECK,false,primary
aad6285f7e9e86c6e446c5aaedd17ea6,211,METADATA_TOKEN_MATCHED_TO_MASK,T0_OFF,true,primary
aad6285f7e9e86c6e446c5aaedd17ea6,211,METADATA_TOKEN_MATCHED_TO_MASK,T1_SILENT_CHECK,false,primary
aad6285f7e9e86c6e446c5aaedd17ea6,211,BASE,T0_OFF,true,integrity_duplicate
aad6285f7e9e86c6e446c5aaedd17ea6,211,BASE,T1_SILENT_CHECK,false,integrity_duplicate
aad6285f7e9e86c6e446c5aaedd17ea6,211,MASK_SENTINEL,T0_OFF,false,integrity_duplicate
aad6285f7e9e86c6e446c5aaedd17ea6,211,MASK_SENTINEL,T1_SILENT_CHECK,false,integrity_duplicate
aad6285f7e9e86c6e446c5aaedd17ea6,211,METADATA_TOKEN_MATCHED_TO_MASK,T0_OFF,true,integrity_duplicate
aad6285f7e9e86c6e446c5aaedd17ea6,211,METADATA_TOKEN_MATCHED_TO_MASK,T1_SILENT_CHECK,false,integrity_duplicate
067000eaf5c83ea2f2c586eb517c559d,5,BASE,T0_OFF,false,primary
067000eaf5c83ea2f2c586eb517c559d,5,BASE,T1_SILENT_CHECK,false,primary
067000eaf5c83ea2f2c586eb517c559d,5,MASK_SENTINEL,T0_OFF,false,primary
067000eaf5c83ea2f2c586eb517c559d,5,MASK_SENTINEL,T1_SILENT_CHECK,false,primary
067000eaf5c83ea2f2c586eb517c559d,5,METADATA_TOKEN_MATCHED_TO_MASK,T0_OFF,false,primary
067000eaf5c83ea2f2c586eb517c559d,5,METADATA_TOKEN_MATCHED_TO_MASK,T1_SILENT_CHECK,false,primary
ddfc6630d27f2c805b9ae55d0a6cbc0e,237,BASE,T0_OFF,true,primary
ddfc6630d27f2c805b9ae55d0a6cbc0e,237,BASE,T1_SILENT_CHECK,true,primary
ddfc6630d27f2c805b9ae55d0a6cbc0e,237,MASK_SENTINEL,T0_OFF,true,primary
ddfc6630d27f2c805b9ae55d0a6cbc0e,237,MASK_SENTINEL,T1_SILENT_CHECK,true,primary
ddfc6630d27f2c805b9ae55d0a6cbc0e,237,METADATA_TOKEN_MATCHED_TO_MASK,T0_OFF,true,primary
ddfc6630d27f2c805b9ae55d0a6cbc0e,237,METADATA_TOKEN_MATCHED_TO_MASK,T1_SILENT_CHECK,true,primary
ddfc6630d27f2c805b9ae55d0a6cbc0e,237,BASE,T0_OFF,true,integrity_duplicate
ddfc6630d27f2c805b9ae55d0a6cbc0e,237,BASE,T1_SILENT_CHECK,true,integrity_duplicate
ddfc6630d27f2c805b9ae55d0a6cbc0e,237,MASK_SENTINEL,T0_OFF,true,integrity_duplicate
ddfc6630d27f2c805b9ae55d0a6cbc0e,237,MASK_SENTINEL,T1_SILENT_CHECK,true,integrity_duplicate
ddfc6630d27f2c805b9ae55d0a6cbc0e,237,METADATA_TOKEN_MATCHED_TO_MASK,T0_OFF,true,integrity_duplicate
ddfc6630d27f2c805b9ae55d0a6cbc0e,237,METADATA_TOKEN_MATCHED_TO_MASK,T1_SILENT_CHECK,true,integrity_duplicate
78fc6eb34f891957467619694ee13b10,141,BASE,T0_OFF,false,primary
78fc6eb34f891957467619694ee13b10,141,BASE,T1_SILENT_CHECK,false,primary
78fc6eb34f891957467619694ee13b10,141,MASK_SENTINEL,T0_OFF,false,primary
78fc6eb34f891957467619694ee13b10,141,MASK_SENTINEL,T1_SILENT_CHECK,false,primary
78fc6eb34f891957467619694ee13b10,141,METADATA_TOKEN_MATCHED_TO_MASK,T0_OFF,false,primary
78fc6eb34f891957467619694ee13b10,141,METADATA_TOKEN_MATCHED_TO_MASK,T1_SILENT_CHECK,false,primary
78fc6eb34f891957467619694ee13b10,141,BASE,T0_OFF,false,integrity_duplicate
78fc6eb34f891957467619694ee13b10,141,BASE,T1_SILENT_CHECK,false,integrity_duplicate
78fc6eb34f891957467619694ee13b10,141,MASK_SENTINEL,T0_OFF,false,integrity_duplicate
78fc6eb34f891957467619694ee13b10,141,MASK_SENTINEL,T1_SILENT_CHECK,false,integrity_duplicate
78fc6eb34f891957467619694ee13b10,141,METADATA_TOKEN_MATCHED_TO_MASK,T0_OFF,false,integrity_duplicate
78fc6eb34f891957467619694ee13b10,141,METADATA_TOKEN_MATCHED_TO_MASK,T1_SILENT_CHECK,false,integrity_duplicate
15d5081d12243f78cabe89aaec69d92a,25,BASE,T0_OFF,true,primary
15d5081d12243f78cabe89aaec69d92a,25,BASE,T1_SILENT_CHECK,true,primary
15d5081d12243f78cabe89aaec69d92a,25,MASK_SENTINEL,T0_OFF,true,primary
15d5081d12243f78cabe89aaec69d92a,25,MASK_SENTINEL,T1_SILENT_CHECK,true,primary
15d5081d12243f78cabe89aaec69d92a,25,METADATA_TOKEN_MATCHED_TO_MASK,T0_OFF,true,primary
15d5081d12243f78cabe89aaec69d92a,25,METADATA_TOKEN_MATCHED_TO_MASK,T1_SILENT_CHECK,true,primary
dabea90a8c6ef7c82ba454c4d3b34b3a,236,BASE,T0_OFF,true,primary
dabea90a8c6ef7c82ba454c4d3b34b3a,236,BASE,T1_SILENT_CHECK,true,primary
dabea90a8c6ef7c82ba454c4d3b34b3a,236,MASK_SENTINEL,T0_OFF,true,primary
dabea90a8c6ef7c82ba454c4d3b34b3a,236,MASK_SENTINEL,T1_SILENT_CHECK,true,primary
dabea90a8c6ef7c82ba454c4d3b34b3a,236,METADATA_TOKEN_MATCHED_TO_MASK,T0_OFF,true,primary
dabea90a8c6ef7c82ba454c4d3b34b3a,236,METADATA_TOKEN_MATCHED_TO_MASK,T1_SILENT_CHECK,true,primary
dabea90a8c6ef7c82ba454c4d3b34b3a,236,BASE,T0_OFF,true,integrity_duplicate
dabea90a8c6ef7c82ba454c4d3b34b3a,236,BASE,T1_SILENT_CHECK,true,integrity_duplicate
dabea90a8c6ef7c82ba454c4d3b34b3a,236,MASK_SENTINEL,T0_OFF,true,integrity_duplicate
dabea90a8c6ef7c82ba454c4d3b34b3a,236,MASK_SENTINEL,T1_SILENT_CHECK,true,integrity_duplicate
dabea90a8c6ef7c82ba454c4d3b34b3a,236,METADATA_TOKEN_MATCHED_TO_MASK,T0_OFF,true,integrity_duplicate
dabea90a8c6ef7c82ba454c4d3b34b3a,236,METADATA_TOKEN_MATCHED_TO_MASK,T1_SILENT_CHECK,true,integrity_duplicate
617260b5f0ac7f6d1bdca49721fd90fa,86,BASE,T0_OFF,false,primary
617260b5f0ac7f6d1bdca49721fd90fa,86,BASE,T1_SILENT_CHECK,false,primary
617260b5f0ac7f6d1bdca49721fd90fa,86,MASK_SENTINEL,T0_OFF,false,primary
617260b5f0ac7f6d1bdca49721fd90fa,86,MASK_SENTINEL,T1_SILENT_CHECK,false,primary
617260b5f0ac7f6d1bdca49721fd90fa,86,METADATA_TOKEN_MATCHED_TO_MASK,T0_OFF,false,primary
617260b5f0ac7f6d1bdca49721fd90fa,86,METADATA_TOKEN_MATCHED_TO_MASK,T1_SILENT_CHECK,false,primary
617260b5f0ac7f6d1bdca49721fd90fa,86,BASE,T0_OFF,false,integrity_duplicate
617260b5f0ac7f6d1bdca49721fd90fa,86,BASE,T1_SILENT_CHECK,false,integrity_duplicate
617260b5f0ac7f6d1bdca49721fd90fa,86,MASK_SENTINEL,T0_OFF,false,integrity_duplicate
617260b5f0ac7f6d1bdca49721fd90fa,86,MASK_SENTINEL,T1_SILENT_CHECK,false,integrity_duplicate
617260b5f0ac7f6d1bdca49721fd90fa,86,METADATA_TOKEN_MATCHED_TO_MASK,T0_OFF,false,integrity_duplicate
617260b5f0ac7f6d1bdca49721fd90fa,86,METADATA_TOKEN_MATCHED_TO_MASK,T1_SILENT_CHECK,false,integrity_duplicate
c410a2848491d30f544879d60ad32360,232,BASE,T0_OFF,false,primary
c410a2848491d30f544879d60ad32360,232,BASE,T1_SILENT_CHECK,false,primary
c410a2848491d30f544879d60ad32360,232,MASK_SENTINEL,T0_OFF,false,primary
c410a2848491d30f544879d60ad32360,232,MASK_SENTINEL,T1_SILENT_CHECK,false,primary
c410a2848491d30f544879d60ad32360,232,METADATA_TOKEN_MATCHED_TO_MASK,T0_OFF,false,primary
c410a2848491d30f544879d60ad32360,232,METADATA_TOKEN_MATCHED_TO_MASK,T1_SILENT_CHECK,false,primary
36b79e44ae825b19dc4caaa793f77f30,55,BASE,T0_OFF,false,primary
36b79e44ae825b19dc4caaa793f77f30,55,BASE,T1_SILENT_CHECK,false,primary
36b79e44ae825b19dc4caaa793f77f30,55,MASK_SENTINEL,T0_OFF,false,primary
36b79e44ae825b19dc4caaa793f77f30,55,MASK_SENTINEL,T1_SILENT_CHECK,false,primary
36b79e44ae825b19dc4caaa793f77f30,55,METADATA_TOKEN_MATCHED_TO_MASK,T0_OFF,false,primary
36b79e44ae825b19dc4caaa793f77f30,55,METADATA_TOKEN_MATCHED_TO_MASK,T1_SILENT_CHECK,false,primary
36b79e44ae825b19dc4caaa793f77f30,55,BASE,T0_OFF,false,integrity_duplicate
36b79e44ae825b19dc4caaa793f77f30,55,BASE,T1_SILENT_CHECK,false,integrity_duplicate
36b79e44ae825b19dc4caaa793f77f30,55,MASK_SENTINEL,T0_OFF,false,integrity_duplicate
36b79e44ae825b19dc4caaa793f77f30,55,MASK_SENTINEL,T1_SILENT_CHECK,false,integrity_duplicate
36b79e44ae825b19dc4caaa793f77f30,55,METADATA_TOKEN_MATCHED_TO_MASK,T0_OFF,false,integrity_duplicate
36b79e44ae825b19dc4caaa793f77f30,55,METADATA_TOKEN_MATCHED_TO_MASK,T1_SILENT_CHECK,false,integrity_duplicate
06b49ac1585c3d3462ec0407843b9a49,156,BASE,T0_OFF,true,primary
06b49ac1585c3d3462ec0407843b9a49,156,BASE,T1_SILENT_CHECK,true,primary
06b49ac1585c3d3462ec0407843b9a49,156,MASK_SENTINEL,T0_OFF,true,primary
06b49ac1585c3d3462ec0407843b9a49,156,MASK_SENTINEL,T1_SILENT_CHECK,false,primary
06b49ac1585c3d3462ec0407843b9a49,156,METADATA_TOKEN_MATCHED_TO_MASK,T0_OFF,true,primary
06b49ac1585c3d3462ec0407843b9a49,156,METADATA_TOKEN_MATCHED_TO_MASK,T1_SILENT_CHECK,false,primary
a5ebb519348f2b445be1f783a43e5a6c,174,BASE,T0_OFF,true,primary
a5ebb519348f2b445be1f783a43e5a6c,174,BASE,T1_SILENT_CHECK,true,primary
a5ebb519348f2b445be1f783a43e5a6c,174,MASK_SENTINEL,T0_OFF,true,primary
a5ebb519348f2b445be1f783a43e5a6c,174,MASK_SENTINEL,T1_SILENT_CHECK,false,primary
a5ebb519348f2b445be1f783a43e5a6c,174,METADATA_TOKEN_MATCHED_TO_MASK,T0_OFF,true,primary
a5ebb519348f2b445be1f783a43e5a6c,174,METADATA_TOKEN_MATCHED_TO_MASK,T1_SILENT_CHECK,false,primary
a5ebb519348f2b445be1f783a43e5a6c,174,BASE,T0_OFF,true,integrity_duplicate
a5ebb519348f2b445be1f783a43e5a6c,174,BASE,T1_SILENT_CHECK,true,integrity_duplicate
a5ebb519348f2b445be1f783a43e5a6c,174,MASK_SENTINEL,T0_OFF,true,integrity_duplicate
a5ebb519348f2b445be1f783a43e5a6c,174,MASK_SENTINEL,T1_SILENT_CHECK,false,integrity_duplicate
a5ebb519348f2b445be1f783a43e5a6c,174,METADATA_TOKEN_MATCHED_TO_MASK,T0_OFF,true,integrity_duplicate
a5ebb519348f2b445be1f783a43e5a6c,174,METADATA_TOKEN_MATCHED_TO_MASK,T1_SILENT_CHECK,false,integrity_duplicate
42390cd831800bff7b1d1e7544a94798,116,BASE,T0_OFF,true,primary
42390cd831800bff7b1d1e7544a94798,116,BASE,T1_SILENT_CHECK,false,primary
42390cd831800bff7b1d1e7544a94798,116,MASK_SENTINEL,T0_OFF,true,primary
42390cd831800bff7b1d1e7544a94798,116,MASK_SENTINEL,T1_SILENT_CHECK,false,primary
42390cd831800bff7b1d1e7544a94798,116,METADATA_TOKEN_MATCHED_TO_MASK,T0_OFF,true,primary
42390cd831800bff7b1d1e7544a94798,116,METADATA_TOKEN_MATCHED_TO_MASK,T1_SILENT_CHECK,false,primary
29916b944576d8f31a80cca6e21edeea,50,BASE,T0_OFF,false,primary
29916b944576d8f31a80cca6e21edeea,50,BASE,T1_SILENT_CHECK,false,primary
29916b944576d8f31a80cca6e21edeea,50,MASK_SENTINEL,T0_OFF,false,primary
29916b944576d8f31a80cca6e21edeea,50,MASK_SENTINEL,T1_SILENT_CHECK,false,primary
29916b944576d8f31a80cca6e21edeea,50,METADATA_TOKEN_MATCHED_TO_MASK,T0_OFF,false,primary
29916b944576d8f31a80cca6e21edeea,50,METADATA_TOKEN_MATCHED_TO_MASK,T1_SILENT_CHECK,false,primary
c2dc58054acddf8a577151a5baf809e4,260,BASE,T0_OFF,false,primary
c2dc58054acddf8a577151a5baf809e4,260,BASE,T1_SILENT_CHECK,false,primary
c2dc58054acddf8a577151a5baf809e4,260,MASK_SENTINEL,T0_OFF,true,primary
c2dc58054acddf8a577151a5baf809e4,260,MASK_SENTINEL,T1_SILENT_CHECK,false,primary
c2dc58054acddf8a577151a5baf809e4,260,METADATA_TOKEN_MATCHED_TO_MASK,T0_OFF,false,primary
c2dc58054acddf8a577151a5baf809e4,260,METADATA_TOKEN_MATCHED_TO_MASK,T1_SILENT_CHECK,false,primary
6751cda88b3fcb29eecc1932a828854a,96,BASE,T0_OFF,false,primary
6751cda88b3fcb29eecc1932a828854a,96,BASE,T1_SILENT_CHECK,false,primary
6751cda88b3fcb29eecc1932a828854a,96,MASK_SENTINEL,T0_OFF,false,primary
6751cda88b3fcb29eecc1932a828854a,96,MASK_SENTINEL,T1_SILENT_CHECK,false,primary
6751cda88b3fcb29eecc1932a828854a,96,METADATA_TOKEN_MATCHED_TO_MASK,T0_OFF,false,primary
6751cda88b3fcb29eecc1932a828854a,96,METADATA_TOKEN_MATCHED_TO_MASK,T1_SILENT_CHECK,false,primary
23af430540f8c52226bfafa926714303,39,BASE,T0_OFF,true,primary
23af430540f8c52226bfafa926714303,39,BASE,T1_SILENT_CHECK,true,primary
23af430540f8c52226bfafa926714303,39,MASK_SENTINEL,T0_OFF,true,primary
23af430540f8c52226bfafa926714303,39,MASK_SENTINEL,T1_SILENT_CHECK,true,primary
23af430540f8c52226bfafa926714303,39,METADATA_TOKEN_MATCHED_TO_MASK,T0_OFF,true,primary
23af430540f8c52226bfafa926714303,39,METADATA_TOKEN_MATCHED_TO_MASK,T1_SILENT_CHECK,true,primary
96f7ed1ca8d5267e9e83933a2ac9d5bd,241,BASE,T0_OFF,false,primary
96f7ed1ca8d5267e9e83933a2ac9d5bd,241,BASE,T1_SILENT_CHECK,false,primary
96f7ed1ca8d5267e9e83933a2ac9d5bd,241,MASK_SENTINEL,T0_OFF,true,primary
96f7ed1ca8d5267e9e83933a2ac9d5bd,241,MASK_SENTINEL,T1_SILENT_CHECK,false,primary
96f7ed1ca8d5267e9e83933a2ac9d5bd,241,METADATA_TOKEN_MATCHED_TO_MASK,T0_OFF,true,primary
96f7ed1ca8d5267e9e83933a2ac9d5bd,241,METADATA_TOKEN_MATCHED_TO_MASK,T1_SILENT_CHECK,false,primary
afd21f1217c0029db685aa67a8ddab9d,193,BASE,T0_OFF,true,primary
afd21f1217c0029db685aa67a8ddab9d,193,BASE,T1_SILENT_CHECK,true,primary
afd21f1217c0029db685aa67a8ddab9d,193,MASK_SENTINEL,T0_OFF,true,primary
afd21f1217c0029db685aa67a8ddab9d,193,MASK_SENTINEL,T1_SILENT_CHECK,true,primary
afd21f1217c0029db685aa67a8ddab9d,193,METADATA_TOKEN_MATCHED_TO_MASK,T0_OFF,true,primary
afd21f1217c0029db685aa67a8ddab9d,193,METADATA_TOKEN_MATCHED_TO_MASK,T1_SILENT_CHECK,true,primary
7c8f04205a4200fa91b8a298e28bed4f,144,BASE,T0_OFF,false,primary
7c8f04205a4200fa91b8a298e28bed4f,144,BASE,T1_SILENT_CHECK,false,primary
7c8f04205a4200fa91b8a298e28bed4f,144,MASK_SENTINEL,T0_OFF,false,primary
7c8f04205a4200fa91b8a298e28bed4f,144,MASK_SENTINEL,T1_SILENT_CHECK,false,primary
7c8f04205a4200fa91b8a298e28bed4f,144,METADATA_TOKEN_MATCHED_TO_MASK,T0_OFF,false,primary
7c8f04205a4200fa91b8a298e28bed4f,144,METADATA_TOKEN_MATCHED_TO_MASK,T1_SILENT_CHECK,false,primary
e88445de29031ca933d8c0c702b37635,246,BASE,T0_OFF,true,primary
e88445de29031ca933d8c0c702b37635,246,BASE,T1_SILENT_CHECK,true,primary
e88445de29031ca933d8c0c702b37635,246,MASK_SENTINEL,T0_OFF,true,primary
e88445de29031ca933d8c0c702b37635,246,MASK_SENTINEL,T1_SILENT_CHECK,true,primary
e88445de29031ca933d8c0c702b37635,246,METADATA_TOKEN_MATCHED_TO_MASK,T0_OFF,true,primary
e88445de29031ca933d8c0c702b37635,246,METADATA_TOKEN_MATCHED_TO_MASK,T1_SILENT_CHECK,true,primary
48cd03f081ceb07e8336fa2d41068a1e,150,BASE,T0_OFF,true,primary
48cd03f081ceb07e8336fa2d41068a1e,150,BASE,T1_SILENT_CHECK,false,primary
48cd03f081ceb07e8336fa2d41068a1e,150,MASK_SENTINEL,T0_OFF,true,primary
48cd03f081ceb07e8336fa2d41068a1e,150,MASK_SENTINEL,T1_SILENT_CHECK,true,primary
48cd03f081ceb07e8336fa2d41068a1e,150,METADATA_TOKEN_MATCHED_TO_MASK,T0_OFF,true,primary
48cd03f081ceb07e8336fa2d41068a1e,150,METADATA_TOKEN_MATCHED_TO_MASK,T1_SILENT_CHECK,true,primary
3d8043bd68b7b658cfdb745f93fc8e49,64,BASE,T0_OFF,false,primary
3d8043bd68b7b658cfdb745f93fc8e49,64,BASE,T1_SILENT_CHECK,false,primary
3d8043bd68b7b658cfdb745f93fc8e49,64,MASK_SENTINEL,T0_OFF,false,primary
3d8043bd68b7b658cfdb745f93fc8e49,64,MASK_SENTINEL,T1_SILENT_CHECK,false,primary
3d8043bd68b7b658cfdb745f93fc8e49,64,METADATA_TOKEN_MATCHED_TO_MASK,T0_OFF,false,primary
3d8043bd68b7b658cfdb745f93fc8e49,64,METADATA_TOKEN_MATCHED_TO_MASK,T1_SILENT_CHECK,false,primary
f94f6076e8ab08eea830b3a6bb5275d2,294,BASE,T0_OFF,false,primary
f94f6076e8ab08eea830b3a6bb5275d2,294,BASE,T1_SILENT_CHECK,false,primary
f94f6076e8ab08eea830b3a6bb5275d2,294,MASK_SENTINEL,T0_OFF,false,primary
f94f6076e8ab08eea830b3a6bb5275d2,294,MASK_SENTINEL,T1_SILENT_CHECK,false,primary
f94f6076e8ab08eea830b3a6bb5275d2,294,METADATA_TOKEN_MATCHED_TO_MASK,T0_OFF,false,primary
f94f6076e8ab08eea830b3a6bb5275d2,294,METADATA_TOKEN_MATCHED_TO_MASK,T1_SILENT_CHECK,false,primary
3211c1087da8dc08906589be6171e44d,53,BASE,T0_OFF,false,primary
3211c1087da8dc08906589be6171e44d,53,BASE,T1_SILENT_CHECK,false,primary
3211c1087da8dc08906589be6171e44d,53,MASK_SENTINEL,T0_OFF,false,primary
3211c1087da8dc08906589be6171e44d,53,MASK_SENTINEL,T1_SILENT_CHECK,false,primary
3211c1087da8dc08906589be6171e44d,53,METADATA_TOKEN_MATCHED_TO_MASK,T0_OFF,false,primary
3211c1087da8dc08906589be6171e44d,53,METADATA_TOKEN_MATCHED_TO_MASK,T1_SILENT_CHECK,false,primary
6a6f4383ed5acd1c356bea1617a70df0,213,BASE,T0_OFF,false,primary
6a6f4383ed5acd1c356bea1617a70df0,213,BASE,T1_SILENT_CHECK,false,primary
6a6f4383ed5acd1c356bea1617a70df0,213,MASK_SENTINEL,T0_OFF,true,primary
6a6f4383ed5acd1c356bea1617a70df0,213,MASK_SENTINEL,T1_SILENT_CHECK,false,primary
6a6f4383ed5acd1c356bea1617a70df0,213,METADATA_TOKEN_MATCHED_TO_MASK,T0_OFF,true,primary
6a6f4383ed5acd1c356bea1617a70df0,213,METADATA_TOKEN_MATCHED_TO_MASK,T1_SILENT_CHECK,false,primary
6a6f4383ed5acd1c356bea1617a70df0,213,BASE,T0_OFF,false,integrity_duplicate
6a6f4383ed5acd1c356bea1617a70df0,213,BASE,T1_SILENT_CHECK,false,integrity_duplicate
6a6f4383ed5acd1c356bea1617a70df0,213,MASK_SENTINEL,T0_OFF,true,integrity_duplicate
6a6f4383ed5acd1c356bea1617a70df0,213,MASK_SENTINEL,T1_SILENT_CHECK,false,integrity_duplicate
6a6f4383ed5acd1c356bea1617a70df0,213,METADATA_TOKEN_MATCHED_TO_MASK,T0_OFF,true,integrity_duplicate
6a6f4383ed5acd1c356bea1617a70df0,213,METADATA_TOKEN_MATCHED_TO_MASK,T1_SILENT_CHECK,false,integrity_duplicate
03f9e82fd45e2371cfbe99934332476d,186,BASE,T0_OFF,false,primary
03f9e82fd45e2371cfbe99934332476d,186,BASE,T1_SILENT_CHECK,false,primary
03f9e82fd45e2371cfbe99934332476d,186,MASK_SENTINEL,T0_OFF,false,primary
03f9e82fd45e2371cfbe99934332476d,186,MASK_SENTINEL,T1_SILENT_CHECK,false,primary
03f9e82fd45e2371cfbe99934332476d,186,METADATA_TOKEN_MATCHED_TO_MASK,T0_OFF,false,primary
03f9e82fd45e2371cfbe99934332476d,186,METADATA_TOKEN_MATCHED_TO_MASK,T1_SILENT_CHECK,true,primary
a95f4478be665b5225c9a694452b0c44,162,BASE,T0_OFF,true,primary
a95f4478be665b5225c9a694452b0c44,162,BASE,T1_SILENT_CHECK,false,primary
a95f4478be665b5225c9a694452b0c44,162,MASK_SENTINEL,T0_OFF,true,primary
a95f4478be665b5225c9a694452b0c44,162,MASK_SENTINEL,T1_SILENT_CHECK,false,primary
a95f4478be665b5225c9a694452b0c44,162,METADATA_TOKEN_MATCHED_TO_MASK,T0_OFF,true,primary
a95f4478be665b5225c9a694452b0c44,162,METADATA_TOKEN_MATCHED_TO_MASK,T1_SILENT_CHECK,false,primary
f0d598aa36aa81444b7ac632bad9b601,278,BASE,T0_OFF,true,primary
f0d598aa36aa81444b7ac632bad9b601,278,BASE,T1_SILENT_CHECK,false,primary
f0d598aa36aa81444b7ac632bad9b601,278,MASK_SENTINEL,T0_OFF,true,primary
f0d598aa36aa81444b7ac632bad9b601,278,MASK_SENTINEL,T1_SILENT_CHECK,false,primary
f0d598aa36aa81444b7ac632bad9b601,278,METADATA_TOKEN_MATCHED_TO_MASK,T0_OFF,true,primary
f0d598aa36aa81444b7ac632bad9b601,278,METADATA_TOKEN_MATCHED_TO_MASK,T1_SILENT_CHECK,false,primary
dfbaf6f9939a69c90db4e6bde7793230,273,BASE,T0_OFF,false,primary
dfbaf6f9939a69c90db4e6bde7793230,273,BASE,T1_SILENT_CHECK,false,primary
dfbaf6f9939a69c90db4e6bde7793230,273,MASK_SENTINEL,T0_OFF,false,primary
dfbaf6f9939a69c90db4e6bde7793230,273,MASK_SENTINEL,T1_SILENT_CHECK,false,primary
dfbaf6f9939a69c90db4e6bde7793230,273,METADATA_TOKEN_MATCHED_TO_MASK,T0_OFF,false,primary
dfbaf6f9939a69c90db4e6bde7793230,273,METADATA_TOKEN_MATCHED_TO_MASK,T1_SILENT_CHECK,false,primary
372885937e26038a7a5d5341529a417c,56,BASE,T0_OFF,false,primary
372885937e26038a7a5d5341529a417c,56,BASE,T1_SILENT_CHECK,false,primary
372885937e26038a7a5d5341529a417c,56,MASK_SENTINEL,T0_OFF,false,primary
372885937e26038a7a5d5341529a417c,56,MASK_SENTINEL,T1_SILENT_CHECK,false,primary
372885937e26038a7a5d5341529a417c,56,METADATA_TOKEN_MATCHED_TO_MASK,T0_OFF,false,primary
372885937e26038a7a5d5341529a417c,56,METADATA_TOKEN_MATCHED_TO_MASK,T1_SILENT_CHECK,false,primary
f3b9e58578e6e9c4dd92aee714cee89a,287,BASE,T0_OFF,false,primary
f3b9e58578e6e9c4dd92aee714cee89a,287,BASE,T1_SILENT_CHECK,false,primary
f3b9e58578e6e9c4dd92aee714cee89a,287,MASK_SENTINEL,T0_OFF,false,primary
f3b9e58578e6e9c4dd92aee714cee89a,287,MASK_SENTINEL,T1_SILENT_CHECK,false,primary
f3b9e58578e6e9c4dd92aee714cee89a,287,METADATA_TOKEN_MATCHED_TO_MASK,T0_OFF,false,primary
f3b9e58578e6e9c4dd92aee714cee89a,287,METADATA_TOKEN_MATCHED_TO_MASK,T1_SILENT_CHECK,false,primary
6d2cda9f13a3575ab938a1f98da3bbf9,99,BASE,T0_OFF,false,primary
6d2cda9f13a3575ab938a1f98da3bbf9,99,BASE,T1_SILENT_CHECK,false,primary
6d2cda9f13a3575ab938a1f98da3bbf9,99,MASK_SENTINEL,T0_OFF,false,primary
6d2cda9f13a3575ab938a1f98da3bbf9,99,MASK_SENTINEL,T1_SILENT_CHECK,false,primary
6d2cda9f13a3575ab938a1f98da3bbf9,99,METADATA_TOKEN_MATCHED_TO_MASK,T0_OFF,false,primary
6d2cda9f13a3575ab938a1f98da3bbf9,99,METADATA_TOKEN_MATCHED_TO_MASK,T1_SILENT_CHECK,false,primary
6d2cda9f13a3575ab938a1f98da3bbf9,99,BASE,T0_OFF,false,integrity_duplicate
6d2cda9f13a3575ab938a1f98da3bbf9,99,BASE,T1_SILENT_CHECK,false,integrity_duplicate
6d2cda9f13a3575ab938a1f98da3bbf9,99,MASK_SENTINEL,T0_OFF,false,integrity_duplicate
6d2cda9f13a3575ab938a1f98da3bbf9,99,MASK_SENTINEL,T1_SILENT_CHECK,false,integrity_duplicate
6d2cda9f13a3575ab938a1f98da3bbf9,99,METADATA_TOKEN_MATCHED_TO_MASK,T0_OFF,false,integrity_duplicate
6d2cda9f13a3575ab938a1f98da3bbf9,99,METADATA_TOKEN_MATCHED_TO_MASK,T1_SILENT_CHECK,false,integrity_duplicate
7213d3cd1dd2158feeca3d8c4432ddb0,130,BASE,T0_OFF,true,primary
7213d3cd1dd2158feeca3d8c4432ddb0,130,BASE,T1_SILENT_CHECK,true,primary
7213d3cd1dd2158feeca3d8c4432ddb0,130,MASK_SENTINEL,T0_OFF,true,primary
7213d3cd1dd2158feeca3d8c4432ddb0,130,MASK_SENTINEL,T1_SILENT_CHECK,true,primary
7213d3cd1dd2158feeca3d8c4432ddb0,130,METADATA_TOKEN_MATCHED_TO_MASK,T0_OFF,true,primary
7213d3cd1dd2158feeca3d8c4432ddb0,130,METADATA_TOKEN_MATCHED_TO_MASK,T1_SILENT_CHECK,true,primary
a1bff8e0c6885c8ad3e830662fc31c95,166,BASE,T0_OFF,false,primary
a1bff8e0c6885c8ad3e830662fc31c95,166,BASE,T1_SILENT_CHECK,false,primary
a1bff8e0c6885c8ad3e830662fc31c95,166,MASK_SENTINEL,T0_OFF,false,primary
a1bff8e0c6885c8ad3e830662fc31c95,166,MASK_SENTINEL,T1_SILENT_CHECK,false,primary
a1bff8e0c6885c8ad3e830662fc31c95,166,METADATA_TOKEN_MATCHED_TO_MASK,T0_OFF,false,primary
a1bff8e0c6885c8ad3e830662fc31c95,166,METADATA_TOKEN_MATCHED_TO_MASK,T1_SILENT_CHECK,false,primary
bac778b98ac4d25c4efdc8be6fc7f283,220,BASE,T0_OFF,false,primary
bac778b98ac4d25c4efdc8be6fc7f283,220,BASE,T1_SILENT_CHECK,false,primary
bac778b98ac4d25c4efdc8be6fc7f283,220,MASK_SENTINEL,T0_OFF,false,primary
bac778b98ac4d25c4efdc8be6fc7f283,220,MASK_SENTINEL,T1_SILENT_CHECK,false,primary
bac778b98ac4d25c4efdc8be6fc7f283,220,METADATA_TOKEN_MATCHED_TO_MASK,T0_OFF,false,primary
bac778b98ac4d25c4efdc8be6fc7f283,220,METADATA_TOKEN_MATCHED_TO_MASK,T1_SILENT_CHECK,false,primary
af51d1de722c45833fa3181fbf720bc3,188,BASE,T0_OFF,false,primary
af51d1de722c45833fa3181fbf720bc3,188,BASE,T1_SILENT_CHECK,false,primary
af51d1de722c45833fa3181fbf720bc3,188,MASK_SENTINEL,T0_OFF,false,primary
af51d1de722c45833fa3181fbf720bc3,188,MASK_SENTINEL,T1_SILENT_CHECK,false,primary
af51d1de722c45833fa3181fbf720bc3,188,METADATA_TOKEN_MATCHED_TO_MASK,T0_OFF,false,primary
af51d1de722c45833fa3181fbf720bc3,188,METADATA_TOKEN_MATCHED_TO_MASK,T1_SILENT_CHECK,false,primary
bea255dadd8a8b16a59cf0a2e359c7e1,226,BASE,T0_OFF,false,primary
bea255dadd8a8b16a59cf0a2e359c7e1,226,BASE,T1_SILENT_CHECK,false,primary
bea255dadd8a8b16a59cf0a2e359c7e1,226,MASK_SENTINEL,T0_OFF,false,primary
bea255dadd8a8b16a59cf0a2e359c7e1,226,MASK_SENTINEL,T1_SILENT_CHECK,false,primary
bea255dadd8a8b16a59cf0a2e359c7e1,226,METADATA_TOKEN_MATCHED_TO_MASK,T0_OFF,false,primary
bea255dadd8a8b16a59cf0a2e359c7e1,226,METADATA_TOKEN_MATCHED_TO_MASK,T1_SILENT_CHECK,false,primary
bcd62bf06ead520da71529f72aec5a45,221,BASE,T0_OFF,false,primary
bcd62bf06ead520da71529f72aec5a45,221,BASE,T1_SILENT_CHECK,false,primary
bcd62bf06ead520da71529f72aec5a45,221,MASK_SENTINEL,T0_OFF,false,primary
bcd62bf06ead520da71529f72aec5a45,221,MASK_SENTINEL,T1_SILENT_CHECK,false,primary
bcd62bf06ead520da71529f72aec5a45,221,METADATA_TOKEN_MATCHED_TO_MASK,T0_OFF,false,primary
bcd62bf06ead520da71529f72aec5a45,221,METADATA_TOKEN_MATCHED_TO_MASK,T1_SILENT_CHECK,false,primary
bcd62bf06ead520da71529f72aec5a45,221,BASE,T0_OFF,false,integrity_duplicate
bcd62bf06ead520da71529f72aec5a45,221,BASE,T1_SILENT_CHECK,false,integrity_duplicate
bcd62bf06ead520da71529f72aec5a45,221,MASK_SENTINEL,T0_OFF,false,integrity_duplicate
bcd62bf06ead520da71529f72aec5a45,221,MASK_SENTINEL,T1_SILENT_CHECK,false,integrity_duplicate
bcd62bf06ead520da71529f72aec5a45,221,METADATA_TOKEN_MATCHED_TO_MASK,T0_OFF,false,integrity_duplicate
bcd62bf06ead520da71529f72aec5a45,221,METADATA_TOKEN_MATCHED_TO_MASK,T1_SILENT_CHECK,false,integrity_duplicate
9e8abbb862aded560ca1c86f87c94675,189,BASE,T0_OFF,true,primary
9e8abbb862aded560ca1c86f87c94675,189,BASE,T1_SILENT_CHECK,true,primary
9e8abbb862aded560ca1c86f87c94675,189,MASK_SENTINEL,T0_OFF,false,primary
9e8abbb862aded560ca1c86f87c94675,189,MASK_SENTINEL,T1_SILENT_CHECK,true,primary
9e8abbb862aded560ca1c86f87c94675,189,METADATA_TOKEN_MATCHED_TO_MASK,T0_OFF,false,primary
9e8abbb862aded560ca1c86f87c94675,189,METADATA_TOKEN_MATCHED_TO_MASK,T1_SILENT_CHECK,false,primary
0c008414b99ebcc4804f71de98f50def,8,BASE,T0_OFF,false,primary
0c008414b99ebcc4804f71de98f50def,8,BASE,T1_SILENT_CHECK,false,primary
0c008414b99ebcc4804f71de98f50def,8,MASK_SENTINEL,T0_OFF,false,primary
0c008414b99ebcc4804f71de98f50def,8,MASK_SENTINEL,T1_SILENT_CHECK,false,primary
0c008414b99ebcc4804f71de98f50def,8,METADATA_TOKEN_MATCHED_TO_MASK,T0_OFF,false,primary
0c008414b99ebcc4804f71de98f50def,8,METADATA_TOKEN_MATCHED_TO_MASK,T1_SILENT_CHECK,false,primary
3aaf646ee6be99c34c7e1b02ac22f0e4,60,BASE,T0_OFF,false,primary
3aaf646ee6be99c34c7e1b02ac22f0e4,60,BASE,T1_SILENT_CHECK,false,primary
3aaf646ee6be99c34c7e1b02ac22f0e4,60,MASK_SENTINEL,T0_OFF,false,primary
3aaf646ee6be99c34c7e1b02ac22f0e4,60,MASK_SENTINEL,T1_SILENT_CHECK,false,primary
3aaf646ee6be99c34c7e1b02ac22f0e4,60,METADATA_TOKEN_MATCHED_TO_MASK,T0_OFF,false,primary
3aaf646ee6be99c34c7e1b02ac22f0e4,60,METADATA_TOKEN_MATCHED_TO_MASK,T1_SILENT_CHECK,false,primary
af83c6fe0feab4f67dd02b933ae399dc,270,BASE,T0_OFF,true,primary
af83c6fe0feab4f67dd02b933ae399dc,270,BASE,T1_SILENT_CHECK,true,primary
af83c6fe0feab4f67dd02b933ae399dc,270,MASK_SENTINEL,T0_OFF,false,primary
af83c6fe0feab4f67dd02b933ae399dc,270,MASK_SENTINEL,T1_SILENT_CHECK,true,primary
af83c6fe0feab4f67dd02b933ae399dc,270,METADATA_TOKEN_MATCHED_TO_MASK,T0_OFF,false,primary
af83c6fe0feab4f67dd02b933ae399dc,270,METADATA_TOKEN_MATCHED_TO_MASK,T1_SILENT_CHECK,true,primary
65fa4f6a5876670269ae842ee6f1f3a2,121,BASE,T0_OFF,true,primary
65fa4f6a5876670269ae842ee6f1f3a2,121,BASE,T1_SILENT_CHECK,true,primary
65fa4f6a5876670269ae842ee6f1f3a2,121,MASK_SENTINEL,T0_OFF,true,primary
65fa4f6a5876670269ae842ee6f1f3a2,121,MASK_SENTINEL,T1_SILENT_CHECK,true,primary
65fa4f6a5876670269ae842ee6f1f3a2,121,METADATA_TOKEN_MATCHED_TO_MASK,T0_OFF,true,primary
65fa4f6a5876670269ae842ee6f1f3a2,121,METADATA_TOKEN_MATCHED_TO_MASK,T1_SILENT_CHECK,true,primary
65fa4f6a5876670269ae842ee6f1f3a2,121,BASE,T0_OFF,true,integrity_duplicate
65fa4f6a5876670269ae842ee6f1f3a2,121,BASE,T1_SILENT_CHECK,true,integrity_duplicate
65fa4f6a5876670269ae842ee6f1f3a2,121,MASK_SENTINEL,T0_OFF,true,integrity_duplicate
65fa4f6a5876670269ae842ee6f1f3a2,121,MASK_SENTINEL,T1_SILENT_CHECK,true,integrity_duplicate
65fa4f6a5876670269ae842ee6f1f3a2,121,METADATA_TOKEN_MATCHED_TO_MASK,T0_OFF,true,integrity_duplicate
65fa4f6a5876670269ae842ee6f1f3a2,121,METADATA_TOKEN_MATCHED_TO_MASK,T1_SILENT_CHECK,true,integrity_duplicate
c8e8d900351f203187be4f531811c976,216,BASE,T0_OFF,true,primary
c8e8d900351f203187be4f531811c976,216,BASE,T1_SILENT_CHECK,true,primary
c8e8d900351f203187be4f531811c976,216,MASK_SENTINEL,T0_OFF,true,primary
c8e8d900351f203187be4f531811c976,216,MASK_SENTINEL,T1_SILENT_CHECK,true,primary
c8e8d900351f203187be4f531811c976,216,METADATA_TOKEN_MATCHED_TO_MASK,T0_OFF,true,primary
c8e8d900351f203187be4f531811c976,216,METADATA_TOKEN_MATCHED_TO_MASK,T1_SILENT_CHECK,true,primary
ca0456f6f56860885d1c4a7210b3f4c3,87,BASE,T0_OFF,true,primary
ca0456f6f56860885d1c4a7210b3f4c3,87,BASE,T1_SILENT_CHECK,true,primary
ca0456f6f56860885d1c4a7210b3f4c3,87,MASK_SENTINEL,T0_OFF,false,primary
ca0456f6f56860885d1c4a7210b3f4c3,87,MASK_SENTINEL,T1_SILENT_CHECK,false,primary
ca0456f6f56860885d1c4a7210b3f4c3,87,METADATA_TOKEN_MATCHED_TO_MASK,T0_OFF,true,primary
ca0456f6f56860885d1c4a7210b3f4c3,87,METADATA_TOKEN_MATCHED_TO_MASK,T1_SILENT_CHECK,true,primary
2ee1d6d936e58d3062e55f9efe55227e,59,BASE,T0_OFF,true,primary
2ee1d6d936e58d3062e55f9efe55227e,59,BASE,T1_SILENT_CHECK,false,primary
2ee1d6d936e58d3062e55f9efe55227e,59,MASK_SENTINEL,T0_OFF,true,primary
2ee1d6d936e58d3062e55f9efe55227e,59,MASK_SENTINEL,T1_SILENT_CHECK,false,primary
2ee1d6d936e58d3062e55f9efe55227e,59,METADATA_TOKEN_MATCHED_TO_MASK,T0_OFF,true,primary
2ee1d6d936e58d3062e55f9efe55227e,59,METADATA_TOKEN_MATCHED_TO_MASK,T1_SILENT_CHECK,false,primary
f71a80f7c83249e787b956ab69668e75,258,BASE,T0_OFF,true,primary
f71a80f7c83249e787b956ab69668e75,258,BASE,T1_SILENT_CHECK,true,primary
f71a80f7c83249e787b956ab69668e75,258,MASK_SENTINEL,T0_OFF,true,primary
f71a80f7c83249e787b956ab69668e75,258,MASK_SENTINEL,T1_SILENT_CHECK,true,primary
f71a80f7c83249e787b956ab69668e75,258,METADATA_TOKEN_MATCHED_TO_MASK,T0_OFF,true,primary
f71a80f7c83249e787b956ab69668e75,258,METADATA_TOKEN_MATCHED_TO_MASK,T1_SILENT_CHECK,true,primary
c9ac1ae6198eb5f50dd146e568a11cfe,261,BASE,T0_OFF,false,primary
c9ac1ae6198eb5f50dd146e568a11cfe,261,BASE,T1_SILENT_CHECK,false,primary
c9ac1ae6198eb5f50dd146e568a11cfe,261,MASK_SENTINEL,T0_OFF,false,primary
c9ac1ae6198eb5f50dd146e568a11cfe,261,MASK_SENTINEL,T1_SILENT_CHECK,false,primary
c9ac1ae6198eb5f50dd146e568a11cfe,261,METADATA_TOKEN_MATCHED_TO_MASK,T0_OFF,false,primary
c9ac1ae6198eb5f50dd146e568a11cfe,261,METADATA_TOKEN_MATCHED_TO_MASK,T1_SILENT_CHECK,false,primary
c9ac1ae6198eb5f50dd146e568a11cfe,261,BASE,T0_OFF,false,integrity_duplicate
c9ac1ae6198eb5f50dd146e568a11cfe,261,BASE,T1_SILENT_CHECK,false,integrity_duplicate
c9ac1ae6198eb5f50dd146e568a11cfe,261,MASK_SENTINEL,T0_OFF,false,integrity_duplicate
c9ac1ae6198eb5f50dd146e568a11cfe,261,MASK_SENTINEL,T1_SILENT_CHECK,false,integrity_duplicate
c9ac1ae6198eb5f50dd146e568a11cfe,261,METADATA_TOKEN_MATCHED_TO_MASK,T0_OFF,false,integrity_duplicate
c9ac1ae6198eb5f50dd146e568a11cfe,261,METADATA_TOKEN_MATCHED_TO_MASK,T1_SILENT_CHECK,false,integrity_duplicate
f03c8ed30d6a79454090f1af18fb400c,286,BASE,T0_OFF,false,primary
f03c8ed30d6a79454090f1af18fb400c,286,BASE,T1_SILENT_CHECK,false,primary
f03c8ed30d6a79454090f1af18fb400c,286,MASK_SENTINEL,T0_OFF,false,primary
f03c8ed30d6a79454090f1af18fb400c,286,MASK_SENTINEL,T1_SILENT_CHECK,false,primary
f03c8ed30d6a79454090f1af18fb400c,286,METADATA_TOKEN_MATCHED_TO_MASK,T0_OFF,false,primary
f03c8ed30d6a79454090f1af18fb400c,286,METADATA_TOKEN_MATCHED_TO_MASK,T1_SILENT_CHECK,false,primary
c9507c83b176391fe0571aa46681c0a8,229,BASE,T0_OFF,true,primary
c9507c83b176391fe0571aa46681c0a8,229,BASE,T1_SILENT_CHECK,false,primary
c9507c83b176391fe0571aa46681c0a8,229,MASK_SENTINEL,T0_OFF,true,primary
c9507c83b176391fe0571aa46681c0a8,229,MASK_SENTINEL,T1_SILENT_CHECK,false,primary
c9507c83b176391fe0571aa46681c0a8,229,METADATA_TOKEN_MATCHED_TO_MASK,T0_OFF,true,primary
c9507c83b176391fe0571aa46681c0a8,229,METADATA_TOKEN_MATCHED_TO_MASK,T1_SILENT_CHECK,false,primary
75e4e67bc1bf454ece60b0fc92f82b3e,263,BASE,T0_OFF,true,primary
75e4e67bc1bf454ece60b0fc92f82b3e,263,BASE,T1_SILENT_CHECK,true,primary
75e4e67bc1bf454ece60b0fc92f82b3e,263,MASK_SENTINEL,T0_OFF,false,primary
75e4e67bc1bf454ece60b0fc92f82b3e,263,MASK_SENTINEL,T1_SILENT_CHECK,true,primary
75e4e67bc1bf454ece60b0fc92f82b3e,263,METADATA_TOKEN_MATCHED_TO_MASK,T0_OFF,false,primary
75e4e67bc1bf454ece60b0fc92f82b3e,263,METADATA_TOKEN_MATCHED_TO_MASK,T1_SILENT_CHECK,true,primary
c5c8c5377167a238c1212c146398f4d7,240,BASE,T0_OFF,false,primary
c5c8c5377167a238c1212c146398f4d7,240,BASE,T1_SILENT_CHECK,false,primary
c5c8c5377167a238c1212c146398f4d7,240,MASK_SENTINEL,T0_OFF,false,primary
c5c8c5377167a238c1212c146398f4d7,240,MASK_SENTINEL,T1_SILENT_CHECK,false,primary
c5c8c5377167a238c1212c146398f4d7,240,METADATA_TOKEN_MATCHED_TO_MASK,T0_OFF,false,primary
c5c8c5377167a238c1212c146398f4d7,240,METADATA_TOKEN_MATCHED_TO_MASK,T1_SILENT_CHECK,false,primary
4d0f7ea4e5991173050b57872c98724a,90,BASE,T0_OFF,true,primary
4d0f7ea4e5991173050b57872c98724a,90,BASE,T1_SILENT_CHECK,true,primary
4d0f7ea4e5991173050b57872c98724a,90,MASK_SENTINEL,T0_OFF,true,primary
4d0f7ea4e5991173050b57872c98724a,90,MASK_SENTINEL,T1_SILENT_CHECK,true,primary
4d0f7ea4e5991173050b57872c98724a,90,METADATA_TOKEN_MATCHED_TO_MASK,T0_OFF,true,primary
4d0f7ea4e5991173050b57872c98724a,90,METADATA_TOKEN_MATCHED_TO_MASK,T1_SILENT_CHECK,true,primary
4d0f7ea4e5991173050b57872c98724a,90,BASE,T0_OFF,true,integrity_duplicate
4d0f7ea4e5991173050b57872c98724a,90,BASE,T1_SILENT_CHECK,true,integrity_duplicate
4d0f7ea4e5991173050b57872c98724a,90,MASK_SENTINEL,T0_OFF,true,integrity_duplicate
4d0f7ea4e5991173050b57872c98724a,90,MASK_SENTINEL,T1_SILENT_CHECK,true,integrity_duplicate
4d0f7ea4e5991173050b57872c98724a,90,METADATA_TOKEN_MATCHED_TO_MASK,T0_OFF,true,integrity_duplicate
4d0f7ea4e5991173050b57872c98724a,90,METADATA_TOKEN_MATCHED_TO_MASK,T1_SILENT_CHECK,true,integrity_duplicate
4b31d2fef9015cdb5f424a053e12dfd9,74,BASE,T0_OFF,false,primary
4b31d2fef9015cdb5f424a053e12dfd9,74,BASE,T1_SILENT_CHECK,false,primary
4b31d2fef9015cdb5f424a053e12dfd9,74,MASK_SENTINEL,T0_OFF,false,primary
4b31d2fef9015cdb5f424a053e12dfd9,74,MASK_SENTINEL,T1_SILENT_CHECK,false,primary
4b31d2fef9015cdb5f424a053e12dfd9,74,METADATA_TOKEN_MATCHED_TO_MASK,T0_OFF,false,primary
4b31d2fef9015cdb5f424a053e12dfd9,74,METADATA_TOKEN_MATCHED_TO_MASK,T1_SILENT_CHECK,false,primary
e9681475668aeb6511dfb557ecad17b0,251,BASE,T0_OFF,true,primary
e9681475668aeb6511dfb557ecad17b0,251,BASE,T1_SILENT_CHECK,true,primary
e9681475668aeb6511dfb557ecad17b0,251,MASK_SENTINEL,T0_OFF,true,primary
e9681475668aeb6511dfb557ecad17b0,251,MASK_SENTINEL,T1_SILENT_CHECK,true,primary
e9681475668aeb6511dfb557ecad17b0,251,METADATA_TOKEN_MATCHED_TO_MASK,T0_OFF,true,primary
e9681475668aeb6511dfb557ecad17b0,251,METADATA_TOKEN_MATCHED_TO_MASK,T1_SILENT_CHECK,true,primary
e9681475668aeb6511dfb557ecad17b0,251,BASE,T0_OFF,true,integrity_duplicate
e9681475668aeb6511dfb557ecad17b0,251,BASE,T1_SILENT_CHECK,true,integrity_duplicate
e9681475668aeb6511dfb557ecad17b0,251,MASK_SENTINEL,T0_OFF,true,integrity_duplicate
e9681475668aeb6511dfb557ecad17b0,251,MASK_SENTINEL,T1_SILENT_CHECK,true,integrity_duplicate
e9681475668aeb6511dfb557ecad17b0,251,METADATA_TOKEN_MATCHED_TO_MASK,T0_OFF,true,integrity_duplicate
e9681475668aeb6511dfb557ecad17b0,251,METADATA_TOKEN_MATCHED_TO_MASK,T1_SILENT_CHECK,true,integrity_duplicate
1ed12e57f1950f90c64603d2db400b7e,33,BASE,T0_OFF,true,primary
1ed12e57f1950f90c64603d2db400b7e,33,BASE,T1_SILENT_CHECK,true,primary
1ed12e57f1950f90c64603d2db400b7e,33,MASK_SENTINEL,T0_OFF,true,primary
1ed12e57f1950f90c64603d2db400b7e,33,MASK_SENTINEL,T1_SILENT_CHECK,true,primary
1ed12e57f1950f90c64603d2db400b7e,33,METADATA_TOKEN_MATCHED_TO_MASK,T0_OFF,true,primary
1ed12e57f1950f90c64603d2db400b7e,33,METADATA_TOKEN_MATCHED_TO_MASK,T1_SILENT_CHECK,true,primary
b6c13d96c71ddc69a18b72bd6825c2d8,210,BASE,T0_OFF,false,primary
b6c13d96c71ddc69a18b72bd6825c2d8,210,BASE,T1_SILENT_CHECK,false,primary
b6c13d96c71ddc69a18b72bd6825c2d8,210,MASK_SENTINEL,T0_OFF,false,primary
b6c13d96c71ddc69a18b72bd6825c2d8,210,MASK_SENTINEL,T1_SILENT_CHECK,false,primary
b6c13d96c71ddc69a18b72bd6825c2d8,210,METADATA_TOKEN_MATCHED_TO_MASK,T0_OFF,false,primary
b6c13d96c71ddc69a18b72bd6825c2d8,210,METADATA_TOKEN_MATCHED_TO_MASK,T1_SILENT_CHECK,false,primary
0f373be7471056e0d773d109d16612ea,110,BASE,T0_OFF,true,primary
0f373be7471056e0d773d109d16612ea,110,BASE,T1_SILENT_CHECK,false,primary
0f373be7471056e0d773d109d16612ea,110,MASK_SENTINEL,T0_OFF,true,primary
0f373be7471056e0d773d109d16612ea,110,MASK_SENTINEL,T1_SILENT_CHECK,true,primary
0f373be7471056e0d773d109d16612ea,110,METADATA_TOKEN_MATCHED_TO_MASK,T0_OFF,true,primary
0f373be7471056e0d773d109d16612ea,110,METADATA_TOKEN_MATCHED_TO_MASK,T1_SILENT_CHECK,true,primary
60fb9457772c7cc94fb5741e201a113f,219,BASE,T0_OFF,true,primary
60fb9457772c7cc94fb5741e201a113f,219,BASE,T1_SILENT_CHECK,false,primary
60fb9457772c7cc94fb5741e201a113f,219,MASK_SENTINEL,T0_OFF,true,primary
60fb9457772c7cc94fb5741e201a113f,219,MASK_SENTINEL,T1_SILENT_CHECK,true,primary
60fb9457772c7cc94fb5741e201a113f,219,METADATA_TOKEN_MATCHED_TO_MASK,T0_OFF,true,primary
60fb9457772c7cc94fb5741e201a113f,219,METADATA_TOKEN_MATCHED_TO_MASK,T1_SILENT_CHECK,true,primary
9987dba7b8e38ab4b536cf96382151f6,161,BASE,T0_OFF,false,primary
9987dba7b8e38ab4b536cf96382151f6,161,BASE,T1_SILENT_CHECK,false,primary
9987dba7b8e38ab4b536cf96382151f6,161,MASK_SENTINEL,T0_OFF,false,primary
9987dba7b8e38ab4b536cf96382151f6,161,MASK_SENTINEL,T1_SILENT_CHECK,false,primary
9987dba7b8e38ab4b536cf96382151f6,161,METADATA_TOKEN_MATCHED_TO_MASK,T0_OFF,false,primary
9987dba7b8e38ab4b536cf96382151f6,161,METADATA_TOKEN_MATCHED_TO_MASK,T1_SILENT_CHECK,false,primary
9987dba7b8e38ab4b536cf96382151f6,161,BASE,T0_OFF,false,integrity_duplicate
9987dba7b8e38ab4b536cf96382151f6,161,BASE,T1_SILENT_CHECK,false,integrity_duplicate
9987dba7b8e38ab4b536cf96382151f6,161,MASK_SENTINEL,T0_OFF,false,integrity_duplicate
9987dba7b8e38ab4b536cf96382151f6,161,MASK_SENTINEL,T1_SILENT_CHECK,false,integrity_duplicate
9987dba7b8e38ab4b536cf96382151f6,161,METADATA_TOKEN_MATCHED_TO_MASK,T0_OFF,false,integrity_duplicate
9987dba7b8e38ab4b536cf96382151f6,161,METADATA_TOKEN_MATCHED_TO_MASK,T1_SILENT_CHECK,false,integrity_duplicate
27e3930cc189e674c29f6cedf3cbd7f0,54,BASE,T0_OFF,true,primary
27e3930cc189e674c29f6cedf3cbd7f0,54,BASE,T1_SILENT_CHECK,true,primary
27e3930cc189e674c29f6cedf3cbd7f0,54,MASK_SENTINEL,T0_OFF,true,primary
27e3930cc189e674c29f6cedf3cbd7f0,54,MASK_SENTINEL,T1_SILENT_CHECK,true,primary
27e3930cc189e674c29f6cedf3cbd7f0,54,METADATA_TOKEN_MATCHED_TO_MASK,T0_OFF,true,primary
27e3930cc189e674c29f6cedf3cbd7f0,54,METADATA_TOKEN_MATCHED_TO_MASK,T1_SILENT_CHECK,true,primary
226723a0f1d8186194fe81aee2425919,267,BASE,T0_OFF,false,primary
226723a0f1d8186194fe81aee2425919,267,BASE,T1_SILENT_CHECK,false,primary
226723a0f1d8186194fe81aee2425919,267,MASK_SENTINEL,T0_OFF,false,primary
226723a0f1d8186194fe81aee2425919,267,MASK_SENTINEL,T1_SILENT_CHECK,true,primary
226723a0f1d8186194fe81aee2425919,267,METADATA_TOKEN_MATCHED_TO_MASK,T0_OFF,false,primary
226723a0f1d8186194fe81aee2425919,267,METADATA_TOKEN_MATCHED_TO_MASK,T1_SILENT_CHECK,false,primary
85d939f191fb448c6019479ba93ad91c,159,BASE,T0_OFF,false,primary
85d939f191fb448c6019479ba93ad91c,159,BASE,T1_SILENT_CHECK,false,primary
85d939f191fb448c6019479ba93ad91c,159,MASK_SENTINEL,T0_OFF,true,primary
85d939f191fb448c6019479ba93ad91c,159,MASK_SENTINEL,T1_SILENT_CHECK,false,primary
85d939f191fb448c6019479ba93ad91c,159,METADATA_TOKEN_MATCHED_TO_MASK,T0_OFF,false,primary
85d939f191fb448c6019479ba93ad91c,159,METADATA_TOKEN_MATCHED_TO_MASK,T1_SILENT_CHECK,false,primary
02eabf6b34c334efa058f1f86a846d75,29,BASE,T0_OFF,true,primary
02eabf6b34c334efa058f1f86a846d75,29,BASE,T1_SILENT_CHECK,true,primary
02eabf6b34c334efa058f1f86a846d75,29,MASK_SENTINEL,T0_OFF,true,primary
02eabf6b34c334efa058f1f86a846d75,29,MASK_SENTINEL,T1_SILENT_CHECK,false,primary
02eabf6b34c334efa058f1f86a846d75,29,METADATA_TOKEN_MATCHED_TO_MASK,T0_OFF,true,primary
02eabf6b34c334efa058f1f86a846d75,29,METADATA_TOKEN_MATCHED_TO_MASK,T1_SILENT_CHECK,false,primary
c092811d38616ad049ee1760111c8742,207,BASE,T0_OFF,true,primary
c092811d38616ad049ee1760111c8742,207,BASE,T1_SILENT_CHECK,true,primary
c092811d38616ad049ee1760111c8742,207,MASK_SENTINEL,T0_OFF,false,primary
c092811d38616ad049ee1760111c8742,207,MASK_SENTINEL,T1_SILENT_CHECK,true,primary
c092811d38616ad049ee1760111c8742,207,METADATA_TOKEN_MATCHED_TO_MASK,T0_OFF,false,primary
c092811d38616ad049ee1760111c8742,207,METADATA_TOKEN_MATCHED_TO_MASK,T1_SILENT_CHECK,false,primary
7978f2c939b0c3d78ec72e6f696308ce,142,BASE,T0_OFF,false,primary
7978f2c939b0c3d78ec72e6f696308ce,142,BASE,T1_SILENT_CHECK,false,primary
7978f2c939b0c3d78ec72e6f696308ce,142,MASK_SENTINEL,T0_OFF,false,primary
7978f2c939b0c3d78ec72e6f696308ce,142,MASK_SENTINEL,T1_SILENT_CHECK,false,primary
7978f2c939b0c3d78ec72e6f696308ce,142,METADATA_TOKEN_MATCHED_TO_MASK,T0_OFF,false,primary
7978f2c939b0c3d78ec72e6f696308ce,142,METADATA_TOKEN_MATCHED_TO_MASK,T1_SILENT_CHECK,false,primary
7978f2c939b0c3d78ec72e6f696308ce,142,BASE,T0_OFF,false,integrity_duplicate
7978f2c939b0c3d78ec72e6f696308ce,142,BASE,T1_SILENT_CHECK,false,integrity_duplicate
7978f2c939b0c3d78ec72e6f696308ce,142,MASK_SENTINEL,T0_OFF,false,integrity_duplicate
7978f2c939b0c3d78ec72e6f696308ce,142,MASK_SENTINEL,T1_SILENT_CHECK,false,integrity_duplicate
7978f2c939b0c3d78ec72e6f696308ce,142,METADATA_TOKEN_MATCHED_TO_MASK,T0_OFF,false,integrity_duplicate
7978f2c939b0c3d78ec72e6f696308ce,142,METADATA_TOKEN_MATCHED_TO_MASK,T1_SILENT_CHECK,false,integrity_duplicate
6e818e3e4344afcf181caf5cf36fbe6a,103,BASE,T0_OFF,false,primary
6e818e3e4344afcf181caf5cf36fbe6a,103,BASE,T1_SILENT_CHECK,false,primary
6e818e3e4344afcf181caf5cf36fbe6a,103,MASK_SENTINEL,T0_OFF,false,primary
6e818e3e4344afcf181caf5cf36fbe6a,103,MASK_SENTINEL,T1_SILENT_CHECK,false,primary
6e818e3e4344afcf181caf5cf36fbe6a,103,METADATA_TOKEN_MATCHED_TO_MASK,T0_OFF,false,primary
6e818e3e4344afcf181caf5cf36fbe6a,103,METADATA_TOKEN_MATCHED_TO_MASK,T1_SILENT_CHECK,false,primary
75b66809247c6139830d2967574441a9,125,BASE,T0_OFF,false,primary
75b66809247c6139830d2967574441a9,125,BASE,T1_SILENT_CHECK,false,primary
75b66809247c6139830d2967574441a9,125,MASK_SENTINEL,T0_OFF,false,primary
75b66809247c6139830d2967574441a9,125,MASK_SENTINEL,T1_SILENT_CHECK,false,primary
75b66809247c6139830d2967574441a9,125,METADATA_TOKEN_MATCHED_TO_MASK,T0_OFF,false,primary
75b66809247c6139830d2967574441a9,125,METADATA_TOKEN_MATCHED_TO_MASK,T1_SILENT_CHECK,false,primary
93274c157d718c24e3e9ea6875d189e9,244,BASE,T0_OFF,true,primary
93274c157d718c24e3e9ea6875d189e9,244,BASE,T1_SILENT_CHECK,false,primary
93274c157d718c24e3e9ea6875d189e9,244,MASK_SENTINEL,T0_OFF,true,primary
93274c157d718c24e3e9ea6875d189e9,244,MASK_SENTINEL,T1_SILENT_CHECK,true,primary
93274c157d718c24e3e9ea6875d189e9,244,METADATA_TOKEN_MATCHED_TO_MASK,T0_OFF,true,primary
93274c157d718c24e3e9ea6875d189e9,244,METADATA_TOKEN_MATCHED_TO_MASK,T1_SILENT_CHECK,false,primary
19de0312b25ae84b72b69fb695a5ef67,38,BASE,T0_OFF,false,primary
19de0312b25ae84b72b69fb695a5ef67,38,BASE,T1_SILENT_CHECK,false,primary
19de0312b25ae84b72b69fb695a5ef67,38,MASK_SENTINEL,T0_OFF,false,primary
19de0312b25ae84b72b69fb695a5ef67,38,MASK_SENTINEL,T1_SILENT_CHECK,false,primary
19de0312b25ae84b72b69fb695a5ef67,38,METADATA_TOKEN_MATCHED_TO_MASK,T0_OFF,false,primary
19de0312b25ae84b72b69fb695a5ef67,38,METADATA_TOKEN_MATCHED_TO_MASK,T1_SILENT_CHECK,false,primary
0d736ac318cba484fbb0c6c0f58cbadb,15,BASE,T0_OFF,false,primary
0d736ac318cba484fbb0c6c0f58cbadb,15,BASE,T1_SILENT_CHECK,false,primary
0d736ac318cba484fbb0c6c0f58cbadb,15,MASK_SENTINEL,T0_OFF,false,primary
0d736ac318cba484fbb0c6c0f58cbadb,15,MASK_SENTINEL,T1_SILENT_CHECK,false,primary
0d736ac318cba484fbb0c6c0f58cbadb,15,METADATA_TOKEN_MATCHED_TO_MASK,T0_OFF,false,primary
0d736ac318cba484fbb0c6c0f58cbadb,15,METADATA_TOKEN_MATCHED_TO_MASK,T1_SILENT_CHECK,false,primary
f6be771b7a40a3db1ba3241435ae893b,256,BASE,T0_OFF,true,primary
f6be771b7a40a3db1ba3241435ae893b,256,BASE,T1_SILENT_CHECK,true,primary
f6be771b7a40a3db1ba3241435ae893b,256,MASK_SENTINEL,T0_OFF,true,primary
f6be771b7a40a3db1ba3241435ae893b,256,MASK_SENTINEL,T1_SILENT_CHECK,true,primary
f6be771b7a40a3db1ba3241435ae893b,256,METADATA_TOKEN_MATCHED_TO_MASK,T0_OFF,true,primary
f6be771b7a40a3db1ba3241435ae893b,256,METADATA_TOKEN_MATCHED_TO_MASK,T1_SILENT_CHECK,true,primary
f6be771b7a40a3db1ba3241435ae893b,256,BASE,T0_OFF,true,integrity_duplicate
f6be771b7a40a3db1ba3241435ae893b,256,BASE,T1_SILENT_CHECK,true,integrity_duplicate
f6be771b7a40a3db1ba3241435ae893b,256,MASK_SENTINEL,T0_OFF,true,integrity_duplicate
f6be771b7a40a3db1ba3241435ae893b,256,MASK_SENTINEL,T1_SILENT_CHECK,true,integrity_duplicate
f6be771b7a40a3db1ba3241435ae893b,256,METADATA_TOKEN_MATCHED_TO_MASK,T0_OFF,true,integrity_duplicate
f6be771b7a40a3db1ba3241435ae893b,256,METADATA_TOKEN_MATCHED_TO_MASK,T1_SILENT_CHECK,true,integrity_duplicate
fe5228ce2e8f120b973c0eacd8737817,296,BASE,T0_OFF,true,primary
fe5228ce2e8f120b973c0eacd8737817,296,BASE,T1_SILENT_CHECK,false,primary
fe5228ce2e8f120b973c0eacd8737817,296,MASK_SENTINEL,T0_OFF,true,primary
fe5228ce2e8f120b973c0eacd8737817,296,MASK_SENTINEL,T1_SILENT_CHECK,false,primary
fe5228ce2e8f120b973c0eacd8737817,296,METADATA_TOKEN_MATCHED_TO_MASK,T0_OFF,true,primary
fe5228ce2e8f120b973c0eacd8737817,296,METADATA_TOKEN_MATCHED_TO_MASK,T1_SILENT_CHECK,false,primary
fe5228ce2e8f120b973c0eacd8737817,296,BASE,T0_OFF,true,integrity_duplicate
fe5228ce2e8f120b973c0eacd8737817,296,BASE,T1_SILENT_CHECK,false,integrity_duplicate
fe5228ce2e8f120b973c0eacd8737817,296,MASK_SENTINEL,T0_OFF,true,integrity_duplicate
fe5228ce2e8f120b973c0eacd8737817,296,MASK_SENTINEL,T1_SILENT_CHECK,false,integrity_duplicate
fe5228ce2e8f120b973c0eacd8737817,296,METADATA_TOKEN_MATCHED_TO_MASK,T0_OFF,true,integrity_duplicate
fe5228ce2e8f120b973c0eacd8737817,296,METADATA_TOKEN_MATCHED_TO_MASK,T1_SILENT_CHECK,false,integrity_duplicate
62f19a46d40540b0b23ac13f9347c2e3,113,BASE,T0_OFF,true,primary
62f19a46d40540b0b23ac13f9347c2e3,113,BASE,T1_SILENT_CHECK,true,primary
62f19a46d40540b0b23ac13f9347c2e3,113,MASK_SENTINEL,T0_OFF,true,primary
62f19a46d40540b0b23ac13f9347c2e3,113,MASK_SENTINEL,T1_SILENT_CHECK,true,primary
62f19a46d40540b0b23ac13f9347c2e3,113,METADATA_TOKEN_MATCHED_TO_MASK,T0_OFF,true,primary
62f19a46d40540b0b23ac13f9347c2e3,113,METADATA_TOKEN_MATCHED_TO_MASK,T1_SILENT_CHECK,true,primary
9bb4025b71aa5b20df1a28abd18a3796,163,BASE,T0_OFF,false,primary
9bb4025b71aa5b20df1a28abd18a3796,163,BASE,T1_SILENT_CHECK,false,primary
9bb4025b71aa5b20df1a28abd18a3796,163,MASK_SENTINEL,T0_OFF,false,primary
9bb4025b71aa5b20df1a28abd18a3796,163,MASK_SENTINEL,T1_SILENT_CHECK,false,primary
9bb4025b71aa5b20df1a28abd18a3796,163,METADATA_TOKEN_MATCHED_TO_MASK,T0_OFF,false,primary
9bb4025b71aa5b20df1a28abd18a3796,163,METADATA_TOKEN_MATCHED_TO_MASK,T1_SILENT_CHECK,false,primary
18c2bbdf0b5a6b6187db0545dce6c519,26,BASE,T0_OFF,true,primary
18c2bbdf0b5a6b6187db0545dce6c519,26,BASE,T1_SILENT_CHECK,true,primary
18c2bbdf0b5a6b6187db0545dce6c519,26,MASK_SENTINEL,T0_OFF,true,primary
18c2bbdf0b5a6b6187db0545dce6c519,26,MASK_SENTINEL,T1_SILENT_CHECK,true,primary
18c2bbdf0b5a6b6187db0545dce6c519,26,METADATA_TOKEN_MATCHED_TO_MASK,T0_OFF,true,primary
18c2bbdf0b5a6b6187db0545dce6c519,26,METADATA_TOKEN_MATCHED_TO_MASK,T1_SILENT_CHECK,true,primary
e0370cb784bd0b6b03d0b7c35b05cbdc,238,BASE,T0_OFF,true,primary
e0370cb784bd0b6b03d0b7c35b05cbdc,238,BASE,T1_SILENT_CHECK,true,primary
e0370cb784bd0b6b03d0b7c35b05cbdc,238,MASK_SENTINEL,T0_OFF,true,primary
e0370cb784bd0b6b03d0b7c35b05cbdc,238,MASK_SENTINEL,T1_SILENT_CHECK,true,primary
e0370cb784bd0b6b03d0b7c35b05cbdc,238,METADATA_TOKEN_MATCHED_TO_MASK,T0_OFF,true,primary
e0370cb784bd0b6b03d0b7c35b05cbdc,238,METADATA_TOKEN_MATCHED_TO_MASK,T1_SILENT_CHECK,true,primary
0d1295c23cd719b4f98d5af3c969e637,14,BASE,T0_OFF,false,primary
0d1295c23cd719b4f98d5af3c969e637,14,BASE,T1_SILENT_CHECK,false,primary
0d1295c23cd719b4f98d5af3c969e637,14,MASK_SENTINEL,T0_OFF,false,primary
0d1295c23cd719b4f98d5af3c969e637,14,MASK_SENTINEL,T1_SILENT_CHECK,false,primary
0d1295c23cd719b4f98d5af3c969e637,14,METADATA_TOKEN_MATCHED_TO_MASK,T0_OFF,false,primary
0d1295c23cd719b4f98d5af3c969e637,14,METADATA_TOKEN_MATCHED_TO_MASK,T1_SILENT_CHECK,false,primary
e27bbcd9745c1528d666b7868fdfc1ef,275,BASE,T0_OFF,false,primary
e27bbcd9745c1528d666b7868fdfc1ef,275,BASE,T1_SILENT_CHECK,false,primary
e27bbcd9745c1528d666b7868fdfc1ef,275,MASK_SENTINEL,T0_OFF,false,primary
e27bbcd9745c1528d666b7868fdfc1ef,275,MASK_SENTINEL,T1_SILENT_CHECK,false,primary
e27bbcd9745c1528d666b7868fdfc1ef,275,METADATA_TOKEN_MATCHED_TO_MASK,T0_OFF,false,primary
e27bbcd9745c1528d666b7868fdfc1ef,275,METADATA_TOKEN_MATCHED_TO_MASK,T1_SILENT_CHECK,true,primary
ba54e335c8945ac660ca807f4960b2e3,194,BASE,T0_OFF,true,primary
ba54e335c8945ac660ca807f4960b2e3,194,BASE,T1_SILENT_CHECK,true,primary
ba54e335c8945ac660ca807f4960b2e3,194,MASK_SENTINEL,T0_OFF,true,primary
ba54e335c8945ac660ca807f4960b2e3,194,MASK_SENTINEL,T1_SILENT_CHECK,true,primary
ba54e335c8945ac660ca807f4960b2e3,194,METADATA_TOKEN_MATCHED_TO_MASK,T0_OFF,true,primary
ba54e335c8945ac660ca807f4960b2e3,194,METADATA_TOKEN_MATCHED_TO_MASK,T1_SILENT_CHECK,true,primary
ff251f3a84b6d0544dab97ecaab2e0bb,298,BASE,T0_OFF,false,primary
ff251f3a84b6d0544dab97ecaab2e0bb,298,BASE,T1_SILENT_CHECK,false,primary
ff251f3a84b6d0544dab97ecaab2e0bb,298,MASK_SENTINEL,T0_OFF,false,primary
ff251f3a84b6d0544dab97ecaab2e0bb,298,MASK_SENTINEL,T1_SILENT_CHECK,false,primary
ff251f3a84b6d0544dab97ecaab2e0bb,298,METADATA_TOKEN_MATCHED_TO_MASK,T0_OFF,false,primary
ff251f3a84b6d0544dab97ecaab2e0bb,298,METADATA_TOKEN_MATCHED_TO_MASK,T1_SILENT_CHECK,false,primary
f59d809d38fc9cd829540119e9d06931,291,BASE,T0_OFF,false,primary
f59d809d38fc9cd829540119e9d06931,291,BASE,T1_SILENT_CHECK,false,primary
f59d809d38fc9cd829540119e9d06931,291,MASK_SENTINEL,T0_OFF,false,primary
f59d809d38fc9cd829540119e9d06931,291,MASK_SENTINEL,T1_SILENT_CHECK,false,primary
f59d809d38fc9cd829540119e9d06931,291,METADATA_TOKEN_MATCHED_TO_MASK,T0_OFF,false,primary
f59d809d38fc9cd829540119e9d06931,291,METADATA_TOKEN_MATCHED_TO_MASK,T1_SILENT_CHECK,false,primary
c3c29f8a294fe29f4b8075438127a230,208,BASE,T0_OFF,true,primary
c3c29f8a294fe29f4b8075438127a230,208,BASE,T1_SILENT_CHECK,true,primary
c3c29f8a294fe29f4b8075438127a230,208,MASK_SENTINEL,T0_OFF,true,primary
c3c29f8a294fe29f4b8075438127a230,208,MASK_SENTINEL,T1_SILENT_CHECK,true,primary
c3c29f8a294fe29f4b8075438127a230,208,METADATA_TOKEN_MATCHED_TO_MASK,T0_OFF,true,primary
c3c29f8a294fe29f4b8075438127a230,208,METADATA_TOKEN_MATCHED_TO_MASK,T1_SILENT_CHECK,true,primary
0ea69985691a617a7bb7658a982f5899,18,BASE,T0_OFF,false,primary
0ea69985691a617a7bb7658a982f5899,18,BASE,T1_SILENT_CHECK,false,primary
0ea69985691a617a7bb7658a982f5899,18,MASK_SENTINEL,T0_OFF,false,primary
0ea69985691a617a7bb7658a982f5899,18,MASK_SENTINEL,T1_SILENT_CHECK,false,primary
0ea69985691a617a7bb7658a982f5899,18,METADATA_TOKEN_MATCHED_TO_MASK,T0_OFF,false,primary
0ea69985691a617a7bb7658a982f5899,18,METADATA_TOKEN_MATCHED_TO_MASK,T1_SILENT_CHECK,false,primary
6de6b9df71de9b4662081b2ced53f082,101,BASE,T0_OFF,false,primary
6de6b9df71de9b4662081b2ced53f082,101,BASE,T1_SILENT_CHECK,false,primary
6de6b9df71de9b4662081b2ced53f082,101,MASK_SENTINEL,T0_OFF,false,primary
6de6b9df71de9b4662081b2ced53f082,101,MASK_SENTINEL,T1_SILENT_CHECK,false,primary
6de6b9df71de9b4662081b2ced53f082,101,METADATA_TOKEN_MATCHED_TO_MASK,T0_OFF,false,primary
6de6b9df71de9b4662081b2ced53f082,101,METADATA_TOKEN_MATCHED_TO_MASK,T1_SILENT_CHECK,false,primary
f2ee05127a24cad4318c44c5cdd038ac,259,BASE,T0_OFF,true,primary
f2ee05127a24cad4318c44c5cdd038ac,259,BASE,T1_SILENT_CHECK,true,primary
f2ee05127a24cad4318c44c5cdd038ac,259,MASK_SENTINEL,T0_OFF,true,primary
f2ee05127a24cad4318c44c5cdd038ac,259,MASK_SENTINEL,T1_SILENT_CHECK,false,primary
f2ee05127a24cad4318c44c5cdd038ac,259,METADATA_TOKEN_MATCHED_TO_MASK,T0_OFF,true,primary
f2ee05127a24cad4318c44c5cdd038ac,259,METADATA_TOKEN_MATCHED_TO_MASK,T1_SILENT_CHECK,true,primary
2761238f8c9ba7bc80e3f12ce2a2adb3,52,BASE,T0_OFF,true,primary
2761238f8c9ba7bc80e3f12ce2a2adb3,52,BASE,T1_SILENT_CHECK,false,primary
2761238f8c9ba7bc80e3f12ce2a2adb3,52,MASK_SENTINEL,T0_OFF,false,primary
2761238f8c9ba7bc80e3f12ce2a2adb3,52,MASK_SENTINEL,T1_SILENT_CHECK,false,primary
2761238f8c9ba7bc80e3f12ce2a2adb3,52,METADATA_TOKEN_MATCHED_TO_MASK,T0_OFF,false,primary
2761238f8c9ba7bc80e3f12ce2a2adb3,52,METADATA_TOKEN_MATCHED_TO_MASK,T1_SILENT_CHECK,false,primary
a033cd47572406e269e2f8dc2db4489e,185,BASE,T0_OFF,true,primary
a033cd47572406e269e2f8dc2db4489e,185,BASE,T1_SILENT_CHECK,true,primary
a033cd47572406e269e2f8dc2db4489e,185,MASK_SENTINEL,T0_OFF,true,primary
a033cd47572406e269e2f8dc2db4489e,185,MASK_SENTINEL,T1_SILENT_CHECK,true,primary
a033cd47572406e269e2f8dc2db4489e,185,METADATA_TOKEN_MATCHED_TO_MASK,T0_OFF,true,primary
a033cd47572406e269e2f8dc2db4489e,185,METADATA_TOKEN_MATCHED_TO_MASK,T1_SILENT_CHECK,true,primary
a033cd47572406e269e2f8dc2db4489e,185,BASE,T0_OFF,true,integrity_duplicate
a033cd47572406e269e2f8dc2db4489e,185,BASE,T1_SILENT_CHECK,true,integrity_duplicate
a033cd47572406e269e2f8dc2db4489e,185,MASK_SENTINEL,T0_OFF,true,integrity_duplicate
a033cd47572406e269e2f8dc2db4489e,185,MASK_SENTINEL,T1_SILENT_CHECK,true,integrity_duplicate
a033cd47572406e269e2f8dc2db4489e,185,METADATA_TOKEN_MATCHED_TO_MASK,T0_OFF,true,integrity_duplicate
a033cd47572406e269e2f8dc2db4489e,185,METADATA_TOKEN_MATCHED_TO_MASK,T1_SILENT_CHECK,true,integrity_duplicate
0f8a3173728dcdff0d49a09cbfe7bd91,170,BASE,T0_OFF,true,primary
0f8a3173728dcdff0d49a09cbfe7bd91,170,BASE,T1_SILENT_CHECK,true,primary
0f8a3173728dcdff0d49a09cbfe7bd91,170,MASK_SENTINEL,T0_OFF,true,primary
0f8a3173728dcdff0d49a09cbfe7bd91,170,MASK_SENTINEL,T1_SILENT_CHECK,false,primary
0f8a3173728dcdff0d49a09cbfe7bd91,170,METADATA_TOKEN_MATCHED_TO_MASK,T0_OFF,true,primary
0f8a3173728dcdff0d49a09cbfe7bd91,170,METADATA_TOKEN_MATCHED_TO_MASK,T1_SILENT_CHECK,false,primary
09b53560e5e4da686ab220c08f8b886f,6,BASE,T0_OFF,false,primary
09b53560e5e4da686ab220c08f8b886f,6,BASE,T1_SILENT_CHECK,false,primary
09b53560e5e4da686ab220c08f8b886f,6,MASK_SENTINEL,T0_OFF,false,primary
09b53560e5e4da686ab220c08f8b886f,6,MASK_SENTINEL,T1_SILENT_CHECK,false,primary
09b53560e5e4da686ab220c08f8b886f,6,METADATA_TOKEN_MATCHED_TO_MASK,T0_OFF,false,primary
09b53560e5e4da686ab220c08f8b886f,6,METADATA_TOKEN_MATCHED_TO_MASK,T1_SILENT_CHECK,false,primary
5222b13c905ea5ee892c948c90eed8b1,93,BASE,T0_OFF,true,primary
5222b13c905ea5ee892c948c90eed8b1,93,BASE,T1_SILENT_CHECK,true,primary
5222b13c905ea5ee892c948c90eed8b1,93,MASK_SENTINEL,T0_OFF,true,primary
5222b13c905ea5ee892c948c90eed8b1,93,MASK_SENTINEL,T1_SILENT_CHECK,true,primary
5222b13c905ea5ee892c948c90eed8b1,93,METADATA_TOKEN_MATCHED_TO_MASK,T0_OFF,true,primary
5222b13c905ea5ee892c948c90eed8b1,93,METADATA_TOKEN_MATCHED_TO_MASK,T1_SILENT_CHECK,true,primary
b376d4ab08053488ac3087f111b6a77c,199,BASE,T0_OFF,false,primary
b376d4ab08053488ac3087f111b6a77c,199,BASE,T1_SILENT_CHECK,false,primary
b376d4ab08053488ac3087f111b6a77c,199,MASK_SENTINEL,T0_OFF,false,primary
b376d4ab08053488ac3087f111b6a77c,199,MASK_SENTINEL,T1_SILENT_CHECK,false,primary
b376d4ab08053488ac3087f111b6a77c,199,METADATA_TOKEN_MATCHED_TO_MASK,T0_OFF,false,primary
b376d4ab08053488ac3087f111b6a77c,199,METADATA_TOKEN_MATCHED_TO_MASK,T1_SILENT_CHECK,false,primary
b376d4ab08053488ac3087f111b6a77c,199,BASE,T0_OFF,false,integrity_duplicate
b376d4ab08053488ac3087f111b6a77c,199,BASE,T1_SILENT_CHECK,false,integrity_duplicate
b376d4ab08053488ac3087f111b6a77c,199,MASK_SENTINEL,T0_OFF,false,integrity_duplicate
b376d4ab08053488ac3087f111b6a77c,199,MASK_SENTINEL,T1_SILENT_CHECK,false,integrity_duplicate
b376d4ab08053488ac3087f111b6a77c,199,METADATA_TOKEN_MATCHED_TO_MASK,T0_OFF,false,integrity_duplicate
b376d4ab08053488ac3087f111b6a77c,199,METADATA_TOKEN_MATCHED_TO_MASK,T1_SILENT_CHECK,false,integrity_duplicate
8bf075684e5ec985f88acb93540d2e1e,171,BASE,T0_OFF,true,primary
8bf075684e5ec985f88acb93540d2e1e,171,BASE,T1_SILENT_CHECK,true,primary
8bf075684e5ec985f88acb93540d2e1e,171,MASK_SENTINEL,T0_OFF,true,primary
8bf075684e5ec985f88acb93540d2e1e,171,MASK_SENTINEL,T1_SILENT_CHECK,true,primary
8bf075684e5ec985f88acb93540d2e1e,171,METADATA_TOKEN_MATCHED_TO_MASK,T0_OFF,true,primary
8bf075684e5ec985f88acb93540d2e1e,171,METADATA_TOKEN_MATCHED_TO_MASK,T1_SILENT_CHECK,true,primary
01907424962a5b12c845ef7a45ddcd8a,1,BASE,T0_OFF,false,primary
01907424962a5b12c845ef7a45ddcd8a,1,BASE,T1_SILENT_CHECK,false,primary
01907424962a5b12c845ef7a45ddcd8a,1,MASK_SENTINEL,T0_OFF,false,primary
01907424962a5b12c845ef7a45ddcd8a,1,MASK_SENTINEL,T1_SILENT_CHECK,false,primary
01907424962a5b12c845ef7a45ddcd8a,1,METADATA_TOKEN_MATCHED_TO_MASK,T0_OFF,false,primary
01907424962a5b12c845ef7a45ddcd8a,1,METADATA_TOKEN_MATCHED_TO_MASK,T1_SILENT_CHECK,false,primary
0e7d911629d858c801674ee88770827b,24,BASE,T0_OFF,true,primary
0e7d911629d858c801674ee88770827b,24,BASE,T1_SILENT_CHECK,true,primary
0e7d911629d858c801674ee88770827b,24,MASK_SENTINEL,T0_OFF,true,primary
0e7d911629d858c801674ee88770827b,24,MASK_SENTINEL,T1_SILENT_CHECK,true,primary
0e7d911629d858c801674ee88770827b,24,METADATA_TOKEN_MATCHED_TO_MASK,T0_OFF,true,primary
0e7d911629d858c801674ee88770827b,24,METADATA_TOKEN_MATCHED_TO_MASK,T1_SILENT_CHECK,true,primary
2c61ab7a53c399d1f8f8e7fdb2da149f,42,BASE,T0_OFF,true,primary
2c61ab7a53c399d1f8f8e7fdb2da149f,42,BASE,T1_SILENT_CHECK,false,primary
2c61ab7a53c399d1f8f8e7fdb2da149f,42,MASK_SENTINEL,T0_OFF,true,primary
2c61ab7a53c399d1f8f8e7fdb2da149f,42,MASK_SENTINEL,T1_SILENT_CHECK,false,primary
2c61ab7a53c399d1f8f8e7fdb2da149f,42,METADATA_TOKEN_MATCHED_TO_MASK,T0_OFF,true,primary
2c61ab7a53c399d1f8f8e7fdb2da149f,42,METADATA_TOKEN_MATCHED_TO_MASK,T1_SILENT_CHECK,false,primary
89070b0b5fe44f6824b296d8c4fc19e3,149,BASE,T0_OFF,false,primary
89070b0b5fe44f6824b296d8c4fc19e3,149,BASE,T1_SILENT_CHECK,false,primary
89070b0b5fe44f6824b296d8c4fc19e3,149,MASK_SENTINEL,T0_OFF,false,primary
89070b0b5fe44f6824b296d8c4fc19e3,149,MASK_SENTINEL,T1_SILENT_CHECK,false,primary
89070b0b5fe44f6824b296d8c4fc19e3,149,METADATA_TOKEN_MATCHED_TO_MASK,T0_OFF,false,primary
89070b0b5fe44f6824b296d8c4fc19e3,149,METADATA_TOKEN_MATCHED_TO_MASK,T1_SILENT_CHECK,false,primary
898239a068141599c9587d27c0493c1d,148,BASE,T0_OFF,true,primary
898239a068141599c9587d27c0493c1d,148,BASE,T1_SILENT_CHECK,true,primary
898239a068141599c9587d27c0493c1d,148,MASK_SENTINEL,T0_OFF,true,primary
898239a068141599c9587d27c0493c1d,148,MASK_SENTINEL,T1_SILENT_CHECK,true,primary
898239a068141599c9587d27c0493c1d,148,METADATA_TOKEN_MATCHED_TO_MASK,T0_OFF,true,primary
898239a068141599c9587d27c0493c1d,148,METADATA_TOKEN_MATCHED_TO_MASK,T1_SILENT_CHECK,true,primary
bfc94afa8ac528fd9b4fcb733ec19761,227,BASE,T0_OFF,false,primary
bfc94afa8ac528fd9b4fcb733ec19761,227,BASE,T1_SILENT_CHECK,false,primary
bfc94afa8ac528fd9b4fcb733ec19761,227,MASK_SENTINEL,T0_OFF,false,primary
bfc94afa8ac528fd9b4fcb733ec19761,227,MASK_SENTINEL,T1_SILENT_CHECK,false,primary
bfc94afa8ac528fd9b4fcb733ec19761,227,METADATA_TOKEN_MATCHED_TO_MASK,T0_OFF,false,primary
bfc94afa8ac528fd9b4fcb733ec19761,227,METADATA_TOKEN_MATCHED_TO_MASK,T1_SILENT_CHECK,false,primary
ba8da967b7146818fdde3ad0ee20bd93,217,BASE,T0_OFF,false,primary
ba8da967b7146818fdde3ad0ee20bd93,217,BASE,T1_SILENT_CHECK,false,primary
ba8da967b7146818fdde3ad0ee20bd93,217,MASK_SENTINEL,T0_OFF,false,primary
ba8da967b7146818fdde3ad0ee20bd93,217,MASK_SENTINEL,T1_SILENT_CHECK,false,primary
ba8da967b7146818fdde3ad0ee20bd93,217,METADATA_TOKEN_MATCHED_TO_MASK,T0_OFF,false,primary
ba8da967b7146818fdde3ad0ee20bd93,217,METADATA_TOKEN_MATCHED_TO_MASK,T1_SILENT_CHECK,false,primary
95e51f0cc3869fee8a88f1a55c1f4d68,160,BASE,T0_OFF,false,primary
95e51f0cc3869fee8a88f1a55c1f4d68,160,BASE,T1_SILENT_CHECK,false,primary
95e51f0cc3869fee8a88f1a55c1f4d68,160,MASK_SENTINEL,T0_OFF,false,primary
95e51f0cc3869fee8a88f1a55c1f4d68,160,MASK_SENTINEL,T1_SILENT_CHECK,false,primary
95e51f0cc3869fee8a88f1a55c1f4d68,160,METADATA_TOKEN_MATCHED_TO_MASK,T0_OFF,false,primary
95e51f0cc3869fee8a88f1a55c1f4d68,160,METADATA_TOKEN_MATCHED_TO_MASK,T1_SILENT_CHECK,false,primary
95e51f0cc3869fee8a88f1a55c1f4d68,160,BASE,T0_OFF,false,integrity_duplicate
95e51f0cc3869fee8a88f1a55c1f4d68,160,BASE,T1_SILENT_CHECK,false,integrity_duplicate
95e51f0cc3869fee8a88f1a55c1f4d68,160,MASK_SENTINEL,T0_OFF,false,integrity_duplicate
95e51f0cc3869fee8a88f1a55c1f4d68,160,MASK_SENTINEL,T1_SILENT_CHECK,false,integrity_duplicate
95e51f0cc3869fee8a88f1a55c1f4d68,160,METADATA_TOKEN_MATCHED_TO_MASK,T0_OFF,false,integrity_duplicate
95e51f0cc3869fee8a88f1a55c1f4d68,160,METADATA_TOKEN_MATCHED_TO_MASK,T1_SILENT_CHECK,false,integrity_duplicate
757a8b7a70fa0c6486d74779d552f816,118,BASE,T0_OFF,false,primary
757a8b7a70fa0c6486d74779d552f816,118,BASE,T1_SILENT_CHECK,false,primary
757a8b7a70fa0c6486d74779d552f816,118,MASK_SENTINEL,T0_OFF,false,primary
757a8b7a70fa0c6486d74779d552f816,118,MASK_SENTINEL,T1_SILENT_CHECK,false,primary
757a8b7a70fa0c6486d74779d552f816,118,METADATA_TOKEN_MATCHED_TO_MASK,T0_OFF,false,primary
757a8b7a70fa0c6486d74779d552f816,118,METADATA_TOKEN_MATCHED_TO_MASK,T1_SILENT_CHECK,false,primary
d61152c4d3dd97e03ecae1529c8a5e17,225,BASE,T0_OFF,true,primary
d61152c4d3dd97e03ecae1529c8a5e17,225,BASE,T1_SILENT_CHECK,true,primary
d61152c4d3dd97e03ecae1529c8a5e17,225,MASK_SENTINEL,T0_OFF,true,primary
d61152c4d3dd97e03ecae1529c8a5e17,225,MASK_SENTINEL,T1_SILENT_CHECK,true,primary
d61152c4d3dd97e03ecae1529c8a5e17,225,METADATA_TOKEN_MATCHED_TO_MASK,T0_OFF,true,primary
d61152c4d3dd97e03ecae1529c8a5e17,225,METADATA_TOKEN_MATCHED_TO_MASK,T1_SILENT_CHECK,true,primary
a75efaffcbb93b949777521ebf184d07,187,BASE,T0_OFF,true,primary
a75efaffcbb93b949777521ebf184d07,187,BASE,T1_SILENT_CHECK,true,primary
a75efaffcbb93b949777521ebf184d07,187,MASK_SENTINEL,T0_OFF,true,primary
a75efaffcbb93b949777521ebf184d07,187,MASK_SENTINEL,T1_SILENT_CHECK,true,primary
a75efaffcbb93b949777521ebf184d07,187,METADATA_TOKEN_MATCHED_TO_MASK,T0_OFF,true,primary
a75efaffcbb93b949777521ebf184d07,187,METADATA_TOKEN_MATCHED_TO_MASK,T1_SILENT_CHECK,true,primary
00fcd580f8d38b78cc358b7c0ed0a91d,9,BASE,T0_OFF,true,primary
00fcd580f8d38b78cc358b7c0ed0a91d,9,BASE,T1_SILENT_CHECK,true,primary
00fcd580f8d38b78cc358b7c0ed0a91d,9,MASK_SENTINEL,T0_OFF,true,primary
00fcd580f8d38b78cc358b7c0ed0a91d,9,MASK_SENTINEL,T1_SILENT_CHECK,true,primary
00fcd580f8d38b78cc358b7c0ed0a91d,9,METADATA_TOKEN_MATCHED_TO_MASK,T0_OFF,true,primary
00fcd580f8d38b78cc358b7c0ed0a91d,9,METADATA_TOKEN_MATCHED_TO_MASK,T1_SILENT_CHECK,true,primary
6580dd5426142236ce93471944de2905,120,BASE,T0_OFF,true,primary
6580dd5426142236ce93471944de2905,120,BASE,T1_SILENT_CHECK,false,primary
6580dd5426142236ce93471944de2905,120,MASK_SENTINEL,T0_OFF,true,primary
6580dd5426142236ce93471944de2905,120,MASK_SENTINEL,T1_SILENT_CHECK,false,primary
6580dd5426142236ce93471944de2905,120,METADATA_TOKEN_MATCHED_TO_MASK,T0_OFF,true,primary
6580dd5426142236ce93471944de2905,120,METADATA_TOKEN_MATCHED_TO_MASK,T1_SILENT_CHECK,false,primary
c5095f561d5e41a50b2f35878f67efcc,233,BASE,T0_OFF,false,primary
c5095f561d5e41a50b2f35878f67efcc,233,BASE,T1_SILENT_CHECK,false,primary
c5095f561d5e41a50b2f35878f67efcc,233,MASK_SENTINEL,T0_OFF,false,primary
c5095f561d5e41a50b2f35878f67efcc,233,MASK_SENTINEL,T1_SILENT_CHECK,false,primary
c5095f561d5e41a50b2f35878f67efcc,233,METADATA_TOKEN_MATCHED_TO_MASK,T0_OFF,false,primary
c5095f561d5e41a50b2f35878f67efcc,233,METADATA_TOKEN_MATCHED_TO_MASK,T1_SILENT_CHECK,false,primary
c5095f561d5e41a50b2f35878f67efcc,233,BASE,T0_OFF,false,integrity_duplicate
c5095f561d5e41a50b2f35878f67efcc,233,BASE,T1_SILENT_CHECK,false,integrity_duplicate
c5095f561d5e41a50b2f35878f67efcc,233,MASK_SENTINEL,T0_OFF,false,integrity_duplicate
c5095f561d5e41a50b2f35878f67efcc,233,MASK_SENTINEL,T1_SILENT_CHECK,false,integrity_duplicate
c5095f561d5e41a50b2f35878f67efcc,233,METADATA_TOKEN_MATCHED_TO_MASK,T0_OFF,false,integrity_duplicate
c5095f561d5e41a50b2f35878f67efcc,233,METADATA_TOKEN_MATCHED_TO_MASK,T1_SILENT_CHECK,false,integrity_duplicate
59fd51c14346d48b24e2b5cee96b3142,107,BASE,T0_OFF,true,primary
59fd51c14346d48b24e2b5cee96b3142,107,BASE,T1_SILENT_CHECK,true,primary
59fd51c14346d48b24e2b5cee96b3142,107,MASK_SENTINEL,T0_OFF,true,primary
59fd51c14346d48b24e2b5cee96b3142,107,MASK_SENTINEL,T1_SILENT_CHECK,true,primary
59fd51c14346d48b24e2b5cee96b3142,107,METADATA_TOKEN_MATCHED_TO_MASK,T0_OFF,true,primary
59fd51c14346d48b24e2b5cee96b3142,107,METADATA_TOKEN_MATCHED_TO_MASK,T1_SILENT_CHECK,true,primary
6acf00b0b5ae7c800769d618f2d38433,128,BASE,T0_OFF,true,primary
6acf00b0b5ae7c800769d618f2d38433,128,BASE,T1_SILENT_CHECK,true,primary
6acf00b0b5ae7c800769d618f2d38433,128,MASK_SENTINEL,T0_OFF,true,primary
6acf00b0b5ae7c800769d618f2d38433,128,MASK_SENTINEL,T1_SILENT_CHECK,true,primary
6acf00b0b5ae7c800769d618f2d38433,128,METADATA_TOKEN_MATCHED_TO_MASK,T0_OFF,true,primary
6acf00b0b5ae7c800769d618f2d38433,128,METADATA_TOKEN_MATCHED_TO_MASK,T1_SILENT_CHECK,true,primary
6095d9b1f1eeb027db6fb3ce65918d61,85,BASE,T0_OFF,false,primary
6095d9b1f1eeb027db6fb3ce65918d61,85,BASE,T1_SILENT_CHECK,false,primary
6095d9b1f1eeb027db6fb3ce65918d61,85,MASK_SENTINEL,T0_OFF,false,primary
6095d9b1f1eeb027db6fb3ce65918d61,85,MASK_SENTINEL,T1_SILENT_CHECK,false,primary
6095d9b1f1eeb027db6fb3ce65918d61,85,METADATA_TOKEN_MATCHED_TO_MASK,T0_OFF,false,primary
6095d9b1f1eeb027db6fb3ce65918d61,85,METADATA_TOKEN_MATCHED_TO_MASK,T1_SILENT_CHECK,false,primary
6095d9b1f1eeb027db6fb3ce65918d61,85,BASE,T0_OFF,false,integrity_duplicate
6095d9b1f1eeb027db6fb3ce65918d61,85,BASE,T1_SILENT_CHECK,false,integrity_duplicate
6095d9b1f1eeb027db6fb3ce65918d61,85,MASK_SENTINEL,T0_OFF,false,integrity_duplicate
6095d9b1f1eeb027db6fb3ce65918d61,85,MASK_SENTINEL,T1_SILENT_CHECK,false,integrity_duplicate
6095d9b1f1eeb027db6fb3ce65918d61,85,METADATA_TOKEN_MATCHED_TO_MASK,T0_OFF,false,integrity_duplicate
6095d9b1f1eeb027db6fb3ce65918d61,85,METADATA_TOKEN_MATCHED_TO_MASK,T1_SILENT_CHECK,false,integrity_duplicate
519655764e5eead3eb8b2ed9fef22a67,92,BASE,T0_OFF,true,primary
519655764e5eead3eb8b2ed9fef22a67,92,BASE,T1_SILENT_CHECK,true,primary
519655764e5eead3eb8b2ed9fef22a67,92,MASK_SENTINEL,T0_OFF,true,primary
519655764e5eead3eb8b2ed9fef22a67,92,MASK_SENTINEL,T1_SILENT_CHECK,true,primary
519655764e5eead3eb8b2ed9fef22a67,92,METADATA_TOKEN_MATCHED_TO_MASK,T0_OFF,true,primary
519655764e5eead3eb8b2ed9fef22a67,92,METADATA_TOKEN_MATCHED_TO_MASK,T1_SILENT_CHECK,true,primary
a539a22e8094f95861a2e50f27f24b83,224,BASE,T0_OFF,false,primary
a539a22e8094f95861a2e50f27f24b83,224,BASE,T1_SILENT_CHECK,false,primary
a539a22e8094f95861a2e50f27f24b83,224,MASK_SENTINEL,T0_OFF,false,primary
a539a22e8094f95861a2e50f27f24b83,224,MASK_SENTINEL,T1_SILENT_CHECK,false,primary
a539a22e8094f95861a2e50f27f24b83,224,METADATA_TOKEN_MATCHED_TO_MASK,T0_OFF,true,primary
a539a22e8094f95861a2e50f27f24b83,224,METADATA_TOKEN_MATCHED_TO_MASK,T1_SILENT_CHECK,false,primary
050c6a5862ed7fabd02759180c285aac,20,BASE,T0_OFF,true,primary
050c6a5862ed7fabd02759180c285aac,20,BASE,T1_SILENT_CHECK,true,primary
050c6a5862ed7fabd02759180c285aac,20,MASK_SENTINEL,T0_OFF,true,primary
050c6a5862ed7fabd02759180c285aac,20,MASK_SENTINEL,T1_SILENT_CHECK,true,primary
050c6a5862ed7fabd02759180c285aac,20,METADATA_TOKEN_MATCHED_TO_MASK,T0_OFF,true,primary
050c6a5862ed7fabd02759180c285aac,20,METADATA_TOKEN_MATCHED_TO_MASK,T1_SILENT_CHECK,true,primary
a816c141c8e2c219a06e7d8d1dfae405,157,BASE,T0_OFF,true,primary
a816c141c8e2c219a06e7d8d1dfae405,157,BASE,T1_SILENT_CHECK,false,primary
a816c141c8e2c219a06e7d8d1dfae405,157,MASK_SENTINEL,T0_OFF,true,primary
a816c141c8e2c219a06e7d8d1dfae405,157,MASK_SENTINEL,T1_SILENT_CHECK,false,primary
a816c141c8e2c219a06e7d8d1dfae405,157,METADATA_TOKEN_MATCHED_TO_MASK,T0_OFF,true,primary
a816c141c8e2c219a06e7d8d1dfae405,157,METADATA_TOKEN_MATCHED_TO_MASK,T1_SILENT_CHECK,false,primary
26515418198eb8d0e245616de4298711,46,BASE,T0_OFF,false,primary
26515418198eb8d0e245616de4298711,46,BASE,T1_SILENT_CHECK,false,primary
26515418198eb8d0e245616de4298711,46,MASK_SENTINEL,T0_OFF,false,primary
26515418198eb8d0e245616de4298711,46,MASK_SENTINEL,T1_SILENT_CHECK,false,primary
26515418198eb8d0e245616de4298711,46,METADATA_TOKEN_MATCHED_TO_MASK,T0_OFF,false,primary
26515418198eb8d0e245616de4298711,46,METADATA_TOKEN_MATCHED_TO_MASK,T1_SILENT_CHECK,false,primary
bc977734fae1fb1a03345679727963cd,206,BASE,T0_OFF,true,primary
bc977734fae1fb1a03345679727963cd,206,BASE,T1_SILENT_CHECK,true,primary
bc977734fae1fb1a03345679727963cd,206,MASK_SENTINEL,T0_OFF,true,primary
bc977734fae1fb1a03345679727963cd,206,MASK_SENTINEL,T1_SILENT_CHECK,true,primary
bc977734fae1fb1a03345679727963cd,206,METADATA_TOKEN_MATCHED_TO_MASK,T0_OFF,true,primary
bc977734fae1fb1a03345679727963cd,206,METADATA_TOKEN_MATCHED_TO_MASK,T1_SILENT_CHECK,true,primary
bc977734fae1fb1a03345679727963cd,206,BASE,T0_OFF,true,integrity_duplicate
bc977734fae1fb1a03345679727963cd,206,BASE,T1_SILENT_CHECK,true,integrity_duplicate
bc977734fae1fb1a03345679727963cd,206,MASK_SENTINEL,T0_OFF,true,integrity_duplicate
bc977734fae1fb1a03345679727963cd,206,MASK_SENTINEL,T1_SILENT_CHECK,true,integrity_duplicate
bc977734fae1fb1a03345679727963cd,206,METADATA_TOKEN_MATCHED_TO_MASK,T0_OFF,true,integrity_duplicate
bc977734fae1fb1a03345679727963cd,206,METADATA_TOKEN_MATCHED_TO_MASK,T1_SILENT_CHECK,true,integrity_duplicate
93035a07a147da3fd17fd2c3ffee2ced,122,BASE,T0_OFF,true,primary
93035a07a147da3fd17fd2c3ffee2ced,122,BASE,T1_SILENT_CHECK,false,primary
93035a07a147da3fd17fd2c3ffee2ced,122,MASK_SENTINEL,T0_OFF,true,primary
93035a07a147da3fd17fd2c3ffee2ced,122,MASK_SENTINEL,T1_SILENT_CHECK,false,primary
93035a07a147da3fd17fd2c3ffee2ced,122,METADATA_TOKEN_MATCHED_TO_MASK,T0_OFF,true,primary
93035a07a147da3fd17fd2c3ffee2ced,122,METADATA_TOKEN_MATCHED_TO_MASK,T1_SILENT_CHECK,true,primary
9e38ea2e7954c17b1baa82e7db974d4d,245,BASE,T0_OFF,true,primary
9e38ea2e7954c17b1baa82e7db974d4d,245,BASE,T1_SILENT_CHECK,false,primary
9e38ea2e7954c17b1baa82e7db974d4d,245,MASK_SENTINEL,T0_OFF,true,primary
9e38ea2e7954c17b1baa82e7db974d4d,245,MASK_SENTINEL,T1_SILENT_CHECK,false,primary
9e38ea2e7954c17b1baa82e7db974d4d,245,METADATA_TOKEN_MATCHED_TO_MASK,T0_OFF,true,primary
9e38ea2e7954c17b1baa82e7db974d4d,245,METADATA_TOKEN_MATCHED_TO_MASK,T1_SILENT_CHECK,true,primary
e514357d4f9f9473d63432c0bd821190,277,BASE,T0_OFF,false,primary
e514357d4f9f9473d63432c0bd821190,277,BASE,T1_SILENT_CHECK,false,primary
e514357d4f9f9473d63432c0bd821190,277,MASK_SENTINEL,T0_OFF,false,primary
e514357d4f9f9473d63432c0bd821190,277,MASK_SENTINEL,T1_SILENT_CHECK,false,primary
e514357d4f9f9473d63432c0bd821190,277,METADATA_TOKEN_MATCHED_TO_MASK,T0_OFF,false,primary
e514357d4f9f9473d63432c0bd821190,277,METADATA_TOKEN_MATCHED_TO_MASK,T1_SILENT_CHECK,false,primary
57fd276b07771495a111bc4f83f5047b,78,BASE,T0_OFF,false,primary
57fd276b07771495a111bc4f83f5047b,78,BASE,T1_SILENT_CHECK,false,primary
57fd276b07771495a111bc4f83f5047b,78,MASK_SENTINEL,T0_OFF,false,primary
57fd276b07771495a111bc4f83f5047b,78,MASK_SENTINEL,T1_SILENT_CHECK,false,primary
57fd276b07771495a111bc4f83f5047b,78,METADATA_TOKEN_MATCHED_TO_MASK,T0_OFF,false,primary
57fd276b07771495a111bc4f83f5047b,78,METADATA_TOKEN_MATCHED_TO_MASK,T1_SILENT_CHECK,false,primary
99e79dd57cb81704e11a21729cc3896a,182,BASE,T0_OFF,true,primary
99e79dd57cb81704e11a21729cc3896a,182,BASE,T1_SILENT_CHECK,true,primary
99e79dd57cb81704e11a21729cc3896a,182,MASK_SENTINEL,T0_OFF,true,primary
99e79dd57cb81704e11a21729cc3896a,182,MASK_SENTINEL,T1_SILENT_CHECK,true,primary
99e79dd57cb81704e11a21729cc3896a,182,METADATA_TOKEN_MATCHED_TO_MASK,T0_OFF,true,primary
99e79dd57cb81704e11a21729cc3896a,182,METADATA_TOKEN_MATCHED_TO_MASK,T1_SILENT_CHECK,true,primary
5fee1ea95b53a510918978b9b9676066,112,BASE,T0_OFF,true,primary
5fee1ea95b53a510918978b9b9676066,112,BASE,T1_SILENT_CHECK,true,primary
5fee1ea95b53a510918978b9b9676066,112,MASK_SENTINEL,T0_OFF,true,primary
5fee1ea95b53a510918978b9b9676066,112,MASK_SENTINEL,T1_SILENT_CHECK,true,primary
5fee1ea95b53a510918978b9b9676066,112,METADATA_TOKEN_MATCHED_TO_MASK,T0_OFF,true,primary
5fee1ea95b53a510918978b9b9676066,112,METADATA_TOKEN_MATCHED_TO_MASK,T1_SILENT_CHECK,true,primary
a05ddb02366c0f6240b0cb0fa670542c,152,BASE,T0_OFF,true,primary
a05ddb02366c0f6240b0cb0fa670542c,152,BASE,T1_SILENT_CHECK,false,primary
a05ddb02366c0f6240b0cb0fa670542c,152,MASK_SENTINEL,T0_OFF,true,primary
a05ddb02366c0f6240b0cb0fa670542c,152,MASK_SENTINEL,T1_SILENT_CHECK,false,primary
a05ddb02366c0f6240b0cb0fa670542c,152,METADATA_TOKEN_MATCHED_TO_MASK,T0_OFF,true,primary
a05ddb02366c0f6240b0cb0fa670542c,152,METADATA_TOKEN_MATCHED_TO_MASK,T1_SILENT_CHECK,false,primary
b5a98495381cae8efccb93d2684d4a16,209,BASE,T0_OFF,false,primary
b5a98495381cae8efccb93d2684d4a16,209,BASE,T1_SILENT_CHECK,false,primary
b5a98495381cae8efccb93d2684d4a16,209,MASK_SENTINEL,T0_OFF,false,primary
b5a98495381cae8efccb93d2684d4a16,209,MASK_SENTINEL,T1_SILENT_CHECK,false,primary
b5a98495381cae8efccb93d2684d4a16,209,METADATA_TOKEN_MATCHED_TO_MASK,T0_OFF,false,primary
b5a98495381cae8efccb93d2684d4a16,209,METADATA_TOKEN_MATCHED_TO_MASK,T1_SILENT_CHECK,false,primary
15c58724c45487e91f7c68c0b457a5e3,27,BASE,T0_OFF,false,primary
15c58724c45487e91f7c68c0b457a5e3,27,BASE,T1_SILENT_CHECK,false,primary
15c58724c45487e91f7c68c0b457a5e3,27,MASK_SENTINEL,T0_OFF,false,primary
15c58724c45487e91f7c68c0b457a5e3,27,MASK_SENTINEL,T1_SILENT_CHECK,false,primary
15c58724c45487e91f7c68c0b457a5e3,27,METADATA_TOKEN_MATCHED_TO_MASK,T0_OFF,false,primary
15c58724c45487e91f7c68c0b457a5e3,27,METADATA_TOKEN_MATCHED_TO_MASK,T1_SILENT_CHECK,false,primary
a81edbc37b5795dec5b84d98c53ce0d5,249,BASE,T0_OFF,true,primary
a81edbc37b5795dec5b84d98c53ce0d5,249,BASE,T1_SILENT_CHECK,false,primary
a81edbc37b5795dec5b84d98c53ce0d5,249,MASK_SENTINEL,T0_OFF,true,primary
a81edbc37b5795dec5b84d98c53ce0d5,249,MASK_SENTINEL,T1_SILENT_CHECK,true,primary
a81edbc37b5795dec5b84d98c53ce0d5,249,METADATA_TOKEN_MATCHED_TO_MASK,T0_OFF,true,primary
a81edbc37b5795dec5b84d98c53ce0d5,249,METADATA_TOKEN_MATCHED_TO_MASK,T1_SILENT_CHECK,true,primary
d822ebb57a475fb83f628b1177422100,231,BASE,T0_OFF,true,primary
d822ebb57a475fb83f628b1177422100,231,BASE,T1_SILENT_CHECK,true,primary
d822ebb57a475fb83f628b1177422100,231,MASK_SENTINEL,T0_OFF,true,primary
d822ebb57a475fb83f628b1177422100,231,MASK_SENTINEL,T1_SILENT_CHECK,true,primary
d822ebb57a475fb83f628b1177422100,231,METADATA_TOKEN_MATCHED_TO_MASK,T0_OFF,true,primary
d822ebb57a475fb83f628b1177422100,231,METADATA_TOKEN_MATCHED_TO_MASK,T1_SILENT_CHECK,true,primary
d822ebb57a475fb83f628b1177422100,231,BASE,T0_OFF,true,integrity_duplicate
d822ebb57a475fb83f628b1177422100,231,BASE,T1_SILENT_CHECK,true,integrity_duplicate
d822ebb57a475fb83f628b1177422100,231,MASK_SENTINEL,T0_OFF,true,integrity_duplicate
d822ebb57a475fb83f628b1177422100,231,MASK_SENTINEL,T1_SILENT_CHECK,true,integrity_duplicate
d822ebb57a475fb83f628b1177422100,231,METADATA_TOKEN_MATCHED_TO_MASK,T0_OFF,true,integrity_duplicate
d822ebb57a475fb83f628b1177422100,231,METADATA_TOKEN_MATCHED_TO_MASK,T1_SILENT_CHECK,true,integrity_duplicate
14044d89ecfef752bdc6ebea1bab1079,21,BASE,T0_OFF,false,primary
14044d89ecfef752bdc6ebea1bab1079,21,BASE,T1_SILENT_CHECK,false,primary
14044d89ecfef752bdc6ebea1bab1079,21,MASK_SENTINEL,T0_OFF,false,primary
14044d89ecfef752bdc6ebea1bab1079,21,MASK_SENTINEL,T1_SILENT_CHECK,false,primary
14044d89ecfef752bdc6ebea1bab1079,21,METADATA_TOKEN_MATCHED_TO_MASK,T0_OFF,false,primary
14044d89ecfef752bdc6ebea1bab1079,21,METADATA_TOKEN_MATCHED_TO_MASK,T1_SILENT_CHECK,false,primary
50af1a738b80b6ad9e2bd44c66894d08,10,BASE,T0_OFF,false,primary
50af1a738b80b6ad9e2bd44c66894d08,10,BASE,T1_SILENT_CHECK,true,primary
50af1a738b80b6ad9e2bd44c66894d08,10,MASK_SENTINEL,T0_OFF,false,primary
50af1a738b80b6ad9e2bd44c66894d08,10,MASK_SENTINEL,T1_SILENT_CHECK,true,primary
50af1a738b80b6ad9e2bd44c66894d08,10,METADATA_TOKEN_MATCHED_TO_MASK,T0_OFF,true,primary
50af1a738b80b6ad9e2bd44c66894d08,10,METADATA_TOKEN_MATCHED_TO_MASK,T1_SILENT_CHECK,true,primary
c638ff44111c9a1e16d994d177aea504,250,BASE,T0_OFF,false,primary
c638ff44111c9a1e16d994d177aea504,250,BASE,T1_SILENT_CHECK,false,primary
c638ff44111c9a1e16d994d177aea504,250,MASK_SENTINEL,T0_OFF,false,primary
c638ff44111c9a1e16d994d177aea504,250,MASK_SENTINEL,T1_SILENT_CHECK,false,primary
c638ff44111c9a1e16d994d177aea504,250,METADATA_TOKEN_MATCHED_TO_MASK,T0_OFF,false,primary
c638ff44111c9a1e16d994d177aea504,250,METADATA_TOKEN_MATCHED_TO_MASK,T1_SILENT_CHECK,false,primary
207d2e5d27c576f27b3af5caeaee7d4b,102,BASE,T0_OFF,true,primary
207d2e5d27c576f27b3af5caeaee7d4b,102,BASE,T1_SILENT_CHECK,true,primary
207d2e5d27c576f27b3af5caeaee7d4b,102,MASK_SENTINEL,T0_OFF,false,primary
207d2e5d27c576f27b3af5caeaee7d4b,102,MASK_SENTINEL,T1_SILENT_CHECK,true,primary
207d2e5d27c576f27b3af5caeaee7d4b,102,METADATA_TOKEN_MATCHED_TO_MASK,T0_OFF,false,primary
207d2e5d27c576f27b3af5caeaee7d4b,102,METADATA_TOKEN_MATCHED_TO_MASK,T1_SILENT_CHECK,true,primary
1bf996a8d13b1cbf4c313b44baf5d687,44,BASE,T0_OFF,false,primary
1bf996a8d13b1cbf4c313b44baf5d687,44,BASE,T1_SILENT_CHECK,false,primary
1bf996a8d13b1cbf4c313b44baf5d687,44,MASK_SENTINEL,T0_OFF,false,primary
1bf996a8d13b1cbf4c313b44baf5d687,44,MASK_SENTINEL,T1_SILENT_CHECK,false,primary
1bf996a8d13b1cbf4c313b44baf5d687,44,METADATA_TOKEN_MATCHED_TO_MASK,T0_OFF,false,primary
1bf996a8d13b1cbf4c313b44baf5d687,44,METADATA_TOKEN_MATCHED_TO_MASK,T1_SILENT_CHECK,false,primary
86d4f3f123a14bab88523343c8c436ed,146,BASE,T0_OFF,false,primary
86d4f3f123a14bab88523343c8c436ed,146,BASE,T1_SILENT_CHECK,false,primary
86d4f3f123a14bab88523343c8c436ed,146,MASK_SENTINEL,T0_OFF,false,primary
86d4f3f123a14bab88523343c8c436ed,146,MASK_SENTINEL,T1_SILENT_CHECK,false,primary
86d4f3f123a14bab88523343c8c436ed,146,METADATA_TOKEN_MATCHED_TO_MASK,T0_OFF,false,primary
86d4f3f123a14bab88523343c8c436ed,146,METADATA_TOKEN_MATCHED_TO_MASK,T1_SILENT_CHECK,false,primary
f69b15df458eb2d39a86413c62ea689e,285,BASE,T0_OFF,true,primary
f69b15df458eb2d39a86413c62ea689e,285,BASE,T1_SILENT_CHECK,false,primary
f69b15df458eb2d39a86413c62ea689e,285,MASK_SENTINEL,T0_OFF,true,primary
f69b15df458eb2d39a86413c62ea689e,285,MASK_SENTINEL,T1_SILENT_CHECK,false,primary
f69b15df458eb2d39a86413c62ea689e,285,METADATA_TOKEN_MATCHED_TO_MASK,T0_OFF,true,primary
f69b15df458eb2d39a86413c62ea689e,285,METADATA_TOKEN_MATCHED_TO_MASK,T1_SILENT_CHECK,false,primary
78bec1e05dbf16371e28ff82a91eaaca,126,BASE,T0_OFF,true,primary
78bec1e05dbf16371e28ff82a91eaaca,126,BASE,T1_SILENT_CHECK,false,primary
78bec1e05dbf16371e28ff82a91eaaca,126,MASK_SENTINEL,T0_OFF,true,primary
78bec1e05dbf16371e28ff82a91eaaca,126,MASK_SENTINEL,T1_SILENT_CHECK,false,primary
78bec1e05dbf16371e28ff82a91eaaca,126,METADATA_TOKEN_MATCHED_TO_MASK,T0_OFF,true,primary
78bec1e05dbf16371e28ff82a91eaaca,126,METADATA_TOKEN_MATCHED_TO_MASK,T1_SILENT_CHECK,false,primary
8ce4d9655f46dccc5f8f73c528adb73c,155,BASE,T0_OFF,false,primary
8ce4d9655f46dccc5f8f73c528adb73c,155,BASE,T1_SILENT_CHECK,false,primary
8ce4d9655f46dccc5f8f73c528adb73c,155,MASK_SENTINEL,T0_OFF,false,primary
8ce4d9655f46dccc5f8f73c528adb73c,155,MASK_SENTINEL,T1_SILENT_CHECK,false,primary
8ce4d9655f46dccc5f8f73c528adb73c,155,METADATA_TOKEN_MATCHED_TO_MASK,T0_OFF,false,primary
8ce4d9655f46dccc5f8f73c528adb73c,155,METADATA_TOKEN_MATCHED_TO_MASK,T1_SILENT_CHECK,false,primary
af72b3de54292268a5c4ba85f2742d81,191,BASE,T0_OFF,false,primary
af72b3de54292268a5c4ba85f2742d81,191,BASE,T1_SILENT_CHECK,false,primary
af72b3de54292268a5c4ba85f2742d81,191,MASK_SENTINEL,T0_OFF,false,primary
af72b3de54292268a5c4ba85f2742d81,191,MASK_SENTINEL,T1_SILENT_CHECK,false,primary
af72b3de54292268a5c4ba85f2742d81,191,METADATA_TOKEN_MATCHED_TO_MASK,T0_OFF,false,primary
af72b3de54292268a5c4ba85f2742d81,191,METADATA_TOKEN_MATCHED_TO_MASK,T1_SILENT_CHECK,false,primary
cfeb5cc9c1c51ea6185f3daaa41a123b,242,BASE,T0_OFF,true,primary
cfeb5cc9c1c51ea6185f3daaa41a123b,242,BASE,T1_SILENT_CHECK,false,primary
cfeb5cc9c1c51ea6185f3daaa41a123b,242,MASK_SENTINEL,T0_OFF,true,primary
cfeb5cc9c1c51ea6185f3daaa41a123b,242,MASK_SENTINEL,T1_SILENT_CHECK,false,primary
cfeb5cc9c1c51ea6185f3daaa41a123b,242,METADATA_TOKEN_MATCHED_TO_MASK,T0_OFF,true,primary
cfeb5cc9c1c51ea6185f3daaa41a123b,242,METADATA_TOKEN_MATCHED_TO_MASK,T1_SILENT_CHECK,false,primary
71487d4f8db8e16489be18ec939f3cf6,108,BASE,T0_OFF,false,primary
71487d4f8db8e16489be18ec939f3cf6,108,BASE,T1_SILENT_CHECK,false,primary
71487d4f8db8e16489be18ec939f3cf6,108,MASK_SENTINEL,T0_OFF,false,primary
71487d4f8db8e16489be18ec939f3cf6,108,MASK_SENTINEL,T1_SILENT_CHECK,false,primary
71487d4f8db8e16489be18ec939f3cf6,108,METADATA_TOKEN_MATCHED_TO_MASK,T0_OFF,false,primary
71487d4f8db8e16489be18ec939f3cf6,108,METADATA_TOKEN_MATCHED_TO_MASK,T1_SILENT_CHECK,false,primary
d411f6b7c7dee126bb3a4b3c8f6be3f1,34,BASE,T0_OFF,true,primary
d411f6b7c7dee126bb3a4b3c8f6be3f1,34,BASE,T1_SILENT_CHECK,true,primary
d411f6b7c7dee126bb3a4b3c8f6be3f1,34,MASK_SENTINEL,T0_OFF,false,primary
d411f6b7c7dee126bb3a4b3c8f6be3f1,34,MASK_SENTINEL,T1_SILENT_CHECK,true,primary
d411f6b7c7dee126bb3a4b3c8f6be3f1,34,METADATA_TOKEN_MATCHED_TO_MASK,T0_OFF,true,primary
d411f6b7c7dee126bb3a4b3c8f6be3f1,34,METADATA_TOKEN_MATCHED_TO_MASK,T1_SILENT_CHECK,true,primary
0af646b2324c20dd08da22ab2787e53c,7,BASE,T0_OFF,false,primary
0af646b2324c20dd08da22ab2787e53c,7,BASE,T1_SILENT_CHECK,false,primary
0af646b2324c20dd08da22ab2787e53c,7,MASK_SENTINEL,T0_OFF,false,primary
0af646b2324c20dd08da22ab2787e53c,7,MASK_SENTINEL,T1_SILENT_CHECK,false,primary
0af646b2324c20dd08da22ab2787e53c,7,METADATA_TOKEN_MATCHED_TO_MASK,T0_OFF,false,primary
0af646b2324c20dd08da22ab2787e53c,7,METADATA_TOKEN_MATCHED_TO_MASK,T1_SILENT_CHECK,false,primary
df44c1dcd66c2ee0d9e2700a7a9c15f0,252,BASE,T0_OFF,true,primary
df44c1dcd66c2ee0d9e2700a7a9c15f0,252,BASE,T1_SILENT_CHECK,false,primary
df44c1dcd66c2ee0d9e2700a7a9c15f0,252,MASK_SENTINEL,T0_OFF,true,primary
df44c1dcd66c2ee0d9e2700a7a9c15f0,252,MASK_SENTINEL,T1_SILENT_CHECK,false,primary
df44c1dcd66c2ee0d9e2700a7a9c15f0,252,METADATA_TOKEN_MATCHED_TO_MASK,T0_OFF,true,primary
df44c1dcd66c2ee0d9e2700a7a9c15f0,252,METADATA_TOKEN_MATCHED_TO_MASK,T1_SILENT_CHECK,false,primary
55e091de14d9620d78415db8ffc82e7f,94,BASE,T0_OFF,false,primary
55e091de14d9620d78415db8ffc82e7f,94,BASE,T1_SILENT_CHECK,false,primary
55e091de14d9620d78415db8ffc82e7f,94,MASK_SENTINEL,T0_OFF,true,primary
55e091de14d9620d78415db8ffc82e7f,94,MASK_SENTINEL,T1_SILENT_CHECK,false,primary
55e091de14d9620d78415db8ffc82e7f,94,METADATA_TOKEN_MATCHED_TO_MASK,T0_OFF,true,primary
55e091de14d9620d78415db8ffc82e7f,94,METADATA_TOKEN_MATCHED_TO_MASK,T1_SILENT_CHECK,false,primary
c5dc2778227d0f33385f74491a1cc40c,243,BASE,T0_OFF,false,primary
c5dc2778227d0f33385f74491a1cc40c,243,BASE,T1_SILENT_CHECK,false,primary
c5dc2778227d0f33385f74491a1cc40c,243,MASK_SENTINEL,T0_OFF,false,primary
c5dc2778227d0f33385f74491a1cc40c,243,MASK_SENTINEL,T1_SILENT_CHECK,false,primary
c5dc2778227d0f33385f74491a1cc40c,243,METADATA_TOKEN_MATCHED_TO_MASK,T0_OFF,false,primary
c5dc2778227d0f33385f74491a1cc40c,243,METADATA_TOKEN_MATCHED_TO_MASK,T1_SILENT_CHECK,false,primary
c5dc2778227d0f33385f74491a1cc40c,243,BASE,T0_OFF,false,integrity_duplicate
c5dc2778227d0f33385f74491a1cc40c,243,BASE,T1_SILENT_CHECK,false,integrity_duplicate
c5dc2778227d0f33385f74491a1cc40c,243,MASK_SENTINEL,T0_OFF,false,integrity_duplicate
c5dc2778227d0f33385f74491a1cc40c,243,MASK_SENTINEL,T1_SILENT_CHECK,false,integrity_duplicate
c5dc2778227d0f33385f74491a1cc40c,243,METADATA_TOKEN_MATCHED_TO_MASK,T0_OFF,false,integrity_duplicate
c5dc2778227d0f33385f74491a1cc40c,243,METADATA_TOKEN_MATCHED_TO_MASK,T1_SILENT_CHECK,false,integrity_duplicate
ade63aebb4a679e28db1d8ad9b9b78e0,281,BASE,T0_OFF,false,primary
ade63aebb4a679e28db1d8ad9b9b78e0,281,BASE,T1_SILENT_CHECK,false,primary
ade63aebb4a679e28db1d8ad9b9b78e0,281,MASK_SENTINEL,T0_OFF,true,primary
ade63aebb4a679e28db1d8ad9b9b78e0,281,MASK_SENTINEL,T1_SILENT_CHECK,false,primary
ade63aebb4a679e28db1d8ad9b9b78e0,281,METADATA_TOKEN_MATCHED_TO_MASK,T0_OFF,true,primary
ade63aebb4a679e28db1d8ad9b9b78e0,281,METADATA_TOKEN_MATCHED_TO_MASK,T1_SILENT_CHECK,false,primary
31a11f2991c4d5b072fcd047b6c02b8d,89,BASE,T0_OFF,true,primary
31a11f2991c4d5b072fcd047b6c02b8d,89,BASE,T1_SILENT_CHECK,false,primary
31a11f2991c4d5b072fcd047b6c02b8d,89,MASK_SENTINEL,T0_OFF,true,primary
31a11f2991c4d5b072fcd047b6c02b8d,89,MASK_SENTINEL,T1_SILENT_CHECK,false,primary
31a11f2991c4d5b072fcd047b6c02b8d,89,METADATA_TOKEN_MATCHED_TO_MASK,T0_OFF,true,primary
31a11f2991c4d5b072fcd047b6c02b8d,89,METADATA_TOKEN_MATCHED_TO_MASK,T1_SILENT_CHECK,false,primary
ad4992116be05c3af19efa351ff86c5c,175,BASE,T0_OFF,false,primary
ad4992116be05c3af19efa351ff86c5c,175,BASE,T1_SILENT_CHECK,false,primary
ad4992116be05c3af19efa351ff86c5c,175,MASK_SENTINEL,T0_OFF,false,primary
ad4992116be05c3af19efa351ff86c5c,175,MASK_SENTINEL,T1_SILENT_CHECK,false,primary
ad4992116be05c3af19efa351ff86c5c,175,METADATA_TOKEN_MATCHED_TO_MASK,T0_OFF,false,primary
ad4992116be05c3af19efa351ff86c5c,175,METADATA_TOKEN_MATCHED_TO_MASK,T1_SILENT_CHECK,false,primary
ad4992116be05c3af19efa351ff86c5c,175,BASE,T0_OFF,false,integrity_duplicate
ad4992116be05c3af19efa351ff86c5c,175,BASE,T1_SILENT_CHECK,false,integrity_duplicate
ad4992116be05c3af19efa351ff86c5c,175,MASK_SENTINEL,T0_OFF,false,integrity_duplicate
ad4992116be05c3af19efa351ff86c5c,175,MASK_SENTINEL,T1_SILENT_CHECK,false,integrity_duplicate
ad4992116be05c3af19efa351ff86c5c,175,METADATA_TOKEN_MATCHED_TO_MASK,T0_OFF,false,integrity_duplicate
ad4992116be05c3af19efa351ff86c5c,175,METADATA_TOKEN_MATCHED_TO_MASK,T1_SILENT_CHECK,false,integrity_duplicate
160ca013fa4b5aeb51d70d6accc116c3,28,BASE,T0_OFF,false,primary
160ca013fa4b5aeb51d70d6accc116c3,28,BASE,T1_SILENT_CHECK,false,primary
160ca013fa4b5aeb51d70d6accc116c3,28,MASK_SENTINEL,T0_OFF,false,primary
160ca013fa4b5aeb51d70d6accc116c3,28,MASK_SENTINEL,T1_SILENT_CHECK,false,primary
160ca013fa4b5aeb51d70d6accc116c3,28,METADATA_TOKEN_MATCHED_TO_MASK,T0_OFF,false,primary
160ca013fa4b5aeb51d70d6accc116c3,28,METADATA_TOKEN_MATCHED_TO_MASK,T1_SILENT_CHECK,false,primary
160ca013fa4b5aeb51d70d6accc116c3,28,BASE,T0_OFF,false,integrity_duplicate
160ca013fa4b5aeb51d70d6accc116c3,28,BASE,T1_SILENT_CHECK,false,integrity_duplicate
160ca013fa4b5aeb51d70d6accc116c3,28,MASK_SENTINEL,T0_OFF,false,integrity_duplicate
160ca013fa4b5aeb51d70d6accc116c3,28,MASK_SENTINEL,T1_SILENT_CHECK,false,integrity_duplicate
160ca013fa4b5aeb51d70d6accc116c3,28,METADATA_TOKEN_MATCHED_TO_MASK,T0_OFF,false,integrity_duplicate
160ca013fa4b5aeb51d70d6accc116c3,28,METADATA_TOKEN_MATCHED_TO_MASK,T1_SILENT_CHECK,false,integrity_duplicate
65150d267cafab616199b352aa25e83c,115,BASE,T0_OFF,true,primary
65150d267cafab616199b352aa25e83c,115,BASE,T1_SILENT_CHECK,true,primary
65150d267cafab616199b352aa25e83c,115,MASK_SENTINEL,T0_OFF,true,primary
65150d267cafab616199b352aa25e83c,115,MASK_SENTINEL,T1_SILENT_CHECK,true,primary
65150d267cafab616199b352aa25e83c,115,METADATA_TOKEN_MATCHED_TO_MASK,T0_OFF,true,primary
65150d267cafab616199b352aa25e83c,115,METADATA_TOKEN_MATCHED_TO_MASK,T1_SILENT_CHECK,true,primary
827b017d623859c4fb3dc073d76d40bf,145,BASE,T0_OFF,false,primary
827b017d623859c4fb3dc073d76d40bf,145,BASE,T1_SILENT_CHECK,false,primary
827b017d623859c4fb3dc073d76d40bf,145,MASK_SENTINEL,T0_OFF,false,primary
827b017d623859c4fb3dc073d76d40bf,145,MASK_SENTINEL,T1_SILENT_CHECK,false,primary
827b017d623859c4fb3dc073d76d40bf,145,METADATA_TOKEN_MATCHED_TO_MASK,T0_OFF,false,primary
827b017d623859c4fb3dc073d76d40bf,145,METADATA_TOKEN_MATCHED_TO_MASK,T1_SILENT_CHECK,false,primary
fad8e85929bae40deaebaf7d09bd5856,297,BASE,T0_OFF,false,primary
fad8e85929bae40deaebaf7d09bd5856,297,BASE,T1_SILENT_CHECK,false,primary
fad8e85929bae40deaebaf7d09bd5856,297,MASK_SENTINEL,T0_OFF,false,primary
fad8e85929bae40deaebaf7d09bd5856,297,MASK_SENTINEL,T1_SILENT_CHECK,false,primary
fad8e85929bae40deaebaf7d09bd5856,297,METADATA_TOKEN_MATCHED_TO_MASK,T0_OFF,false,primary
fad8e85929bae40deaebaf7d09bd5856,297,METADATA_TOKEN_MATCHED_TO_MASK,T1_SILENT_CHECK,false,primary
505ede8186ec746063e7081657a99ec5,212,BASE,T0_OFF,true,primary
505ede8186ec746063e7081657a99ec5,212,BASE,T1_SILENT_CHECK,false,primary
505ede8186ec746063e7081657a99ec5,212,MASK_SENTINEL,T0_OFF,true,primary
505ede8186ec746063e7081657a99ec5,212,MASK_SENTINEL,T1_SILENT_CHECK,true,primary
505ede8186ec746063e7081657a99ec5,212,METADATA_TOKEN_MATCHED_TO_MASK,T0_OFF,true,primary
505ede8186ec746063e7081657a99ec5,212,METADATA_TOKEN_MATCHED_TO_MASK,T1_SILENT_CHECK,true,primary
bc804af980f1b423ef6d3b89d432d6c2,205,BASE,T0_OFF,true,primary
bc804af980f1b423ef6d3b89d432d6c2,205,BASE,T1_SILENT_CHECK,true,primary
bc804af980f1b423ef6d3b89d432d6c2,205,MASK_SENTINEL,T0_OFF,true,primary
bc804af980f1b423ef6d3b89d432d6c2,205,MASK_SENTINEL,T1_SILENT_CHECK,true,primary
bc804af980f1b423ef6d3b89d432d6c2,205,METADATA_TOKEN_MATCHED_TO_MASK,T0_OFF,true,primary
bc804af980f1b423ef6d3b89d432d6c2,205,METADATA_TOKEN_MATCHED_TO_MASK,T1_SILENT_CHECK,true,primary
68bc75131715e4816167861d418fc84a,124,BASE,T0_OFF,true,primary
68bc75131715e4816167861d418fc84a,124,BASE,T1_SILENT_CHECK,true,primary
68bc75131715e4816167861d418fc84a,124,MASK_SENTINEL,T0_OFF,true,primary
68bc75131715e4816167861d418fc84a,124,MASK_SENTINEL,T1_SILENT_CHECK,true,primary
68bc75131715e4816167861d418fc84a,124,METADATA_TOKEN_MATCHED_TO_MASK,T0_OFF,true,primary
68bc75131715e4816167861d418fc84a,124,METADATA_TOKEN_MATCHED_TO_MASK,T1_SILENT_CHECK,true,primary
41f71fe890a3fbb5b706a7b987f56590,67,BASE,T0_OFF,false,primary
41f71fe890a3fbb5b706a7b987f56590,67,BASE,T1_SILENT_CHECK,false,primary
41f71fe890a3fbb5b706a7b987f56590,67,MASK_SENTINEL,T0_OFF,false,primary
41f71fe890a3fbb5b706a7b987f56590,67,MASK_SENTINEL,T1_SILENT_CHECK,false,primary
41f71fe890a3fbb5b706a7b987f56590,67,METADATA_TOKEN_MATCHED_TO_MASK,T0_OFF,false,primary
41f71fe890a3fbb5b706a7b987f56590,67,METADATA_TOKEN_MATCHED_TO_MASK,T1_SILENT_CHECK,false,primary
41f71fe890a3fbb5b706a7b987f56590,67,BASE,T0_OFF,false,integrity_duplicate
41f71fe890a3fbb5b706a7b987f56590,67,BASE,T1_SILENT_CHECK,false,integrity_duplicate
41f71fe890a3fbb5b706a7b987f56590,67,MASK_SENTINEL,T0_OFF,false,integrity_duplicate
41f71fe890a3fbb5b706a7b987f56590,67,MASK_SENTINEL,T1_SILENT_CHECK,false,integrity_duplicate
41f71fe890a3fbb5b706a7b987f56590,67,METADATA_TOKEN_MATCHED_TO_MASK,T0_OFF,false,integrity_duplicate
41f71fe890a3fbb5b706a7b987f56590,67,METADATA_TOKEN_MATCHED_TO_MASK,T1_SILENT_CHECK,false,integrity_duplicate
27066d8475eff43e8a4d8aeb8fc1a8b1,47,BASE,T0_OFF,false,primary
27066d8475eff43e8a4d8aeb8fc1a8b1,47,BASE,T1_SILENT_CHECK,false,primary
27066d8475eff43e8a4d8aeb8fc1a8b1,47,MASK_SENTINEL,T0_OFF,false,primary
27066d8475eff43e8a4d8aeb8fc1a8b1,47,MASK_SENTINEL,T1_SILENT_CHECK,false,primary
27066d8475eff43e8a4d8aeb8fc1a8b1,47,METADATA_TOKEN_MATCHED_TO_MASK,T0_OFF,false,primary
27066d8475eff43e8a4d8aeb8fc1a8b1,47,METADATA_TOKEN_MATCHED_TO_MASK,T1_SILENT_CHECK,false,primary
d0b7bd41d7c162b0d10619c6614f8101,248,BASE,T0_OFF,true,primary
d0b7bd41d7c162b0d10619c6614f8101,248,BASE,T1_SILENT_CHECK,false,primary
d0b7bd41d7c162b0d10619c6614f8101,248,MASK_SENTINEL,T0_OFF,true,primary
d0b7bd41d7c162b0d10619c6614f8101,248,MASK_SENTINEL,T1_SILENT_CHECK,false,primary
d0b7bd41d7c162b0d10619c6614f8101,248,METADATA_TOKEN_MATCHED_TO_MASK,T0_OFF,true,primary
d0b7bd41d7c162b0d10619c6614f8101,248,METADATA_TOKEN_MATCHED_TO_MASK,T1_SILENT_CHECK,false,primary
1e5db5b271028087f532a0bf1ae6df4d,100,BASE,T0_OFF,true,primary
1e5db5b271028087f532a0bf1ae6df4d,100,BASE,T1_SILENT_CHECK,false,primary
1e5db5b271028087f532a0bf1ae6df4d,100,MASK_SENTINEL,T0_OFF,true,primary
1e5db5b271028087f532a0bf1ae6df4d,100,MASK_SENTINEL,T1_SILENT_CHECK,false,primary
1e5db5b271028087f532a0bf1ae6df4d,100,METADATA_TOKEN_MATCHED_TO_MASK,T0_OFF,true,primary
1e5db5b271028087f532a0bf1ae6df4d,100,METADATA_TOKEN_MATCHED_TO_MASK,T1_SILENT_CHECK,true,primary
f755211545ac681d7779ab5f86497453,293,BASE,T0_OFF,false,primary
f755211545ac681d7779ab5f86497453,293,BASE,T1_SILENT_CHECK,false,primary
f755211545ac681d7779ab5f86497453,293,MASK_SENTINEL,T0_OFF,false,primary
f755211545ac681d7779ab5f86497453,293,MASK_SENTINEL,T1_SILENT_CHECK,false,primary
f755211545ac681d7779ab5f86497453,293,METADATA_TOKEN_MATCHED_TO_MASK,T0_OFF,false,primary
f755211545ac681d7779ab5f86497453,293,METADATA_TOKEN_MATCHED_TO_MASK,T1_SILENT_CHECK,false,primary
f755211545ac681d7779ab5f86497453,293,BASE,T0_OFF,false,integrity_duplicate
f755211545ac681d7779ab5f86497453,293,BASE,T1_SILENT_CHECK,false,integrity_duplicate
f755211545ac681d7779ab5f86497453,293,MASK_SENTINEL,T0_OFF,false,integrity_duplicate
f755211545ac681d7779ab5f86497453,293,MASK_SENTINEL,T1_SILENT_CHECK,false,integrity_duplicate
f755211545ac681d7779ab5f86497453,293,METADATA_TOKEN_MATCHED_TO_MASK,T0_OFF,false,integrity_duplicate
f755211545ac681d7779ab5f86497453,293,METADATA_TOKEN_MATCHED_TO_MASK,T1_SILENT_CHECK,false,integrity_duplicate
8769b17bfae879c87961020fd1984b18,133,BASE,T0_OFF,true,primary
8769b17bfae879c87961020fd1984b18,133,BASE,T1_SILENT_CHECK,false,primary
8769b17bfae879c87961020fd1984b18,133,MASK_SENTINEL,T0_OFF,true,primary
8769b17bfae879c87961020fd1984b18,133,MASK_SENTINEL,T1_SILENT_CHECK,false,primary
8769b17bfae879c87961020fd1984b18,133,METADATA_TOKEN_MATCHED_TO_MASK,T0_OFF,true,primary
8769b17bfae879c87961020fd1984b18,133,METADATA_TOKEN_MATCHED_TO_MASK,T1_SILENT_CHECK,false,primary
5fe581b7cd120db1249638543b55aec8,222,BASE,T0_OFF,true,primary
5fe581b7cd120db1249638543b55aec8,222,BASE,T1_SILENT_CHECK,true,primary
5fe581b7cd120db1249638543b55aec8,222,MASK_SENTINEL,T0_OFF,false,primary
5fe581b7cd120db1249638543b55aec8,222,MASK_SENTINEL,T1_SILENT_CHECK,true,primary
5fe581b7cd120db1249638543b55aec8,222,METADATA_TOKEN_MATCHED_TO_MASK,T0_OFF,false,primary
5fe581b7cd120db1249638543b55aec8,222,METADATA_TOKEN_MATCHED_TO_MASK,T1_SILENT_CHECK,true,primary
06b41e0d837f5dabdb555a93e428d8fc,22,BASE,T0_OFF,true,primary
06b41e0d837f5dabdb555a93e428d8fc,22,BASE,T1_SILENT_CHECK,true,primary
06b41e0d837f5dabdb555a93e428d8fc,22,MASK_SENTINEL,T0_OFF,true,primary
06b41e0d837f5dabdb555a93e428d8fc,22,MASK_SENTINEL,T1_SILENT_CHECK,true,primary
06b41e0d837f5dabdb555a93e428d8fc,22,METADATA_TOKEN_MATCHED_TO_MASK,T0_OFF,true,primary
06b41e0d837f5dabdb555a93e428d8fc,22,METADATA_TOKEN_MATCHED_TO_MASK,T1_SILENT_CHECK,true,primary
b2812be2a99178d11fa59a7a3a76154e,195,BASE,T0_OFF,false,primary
b2812be2a99178d11fa59a7a3a76154e,195,BASE,T1_SILENT_CHECK,false,primary
b2812be2a99178d11fa59a7a3a76154e,195,MASK_SENTINEL,T0_OFF,false,primary
b2812be2a99178d11fa59a7a3a76154e,195,MASK_SENTINEL,T1_SILENT_CHECK,false,primary
b2812be2a99178d11fa59a7a3a76154e,195,METADATA_TOKEN_MATCHED_TO_MASK,T0_OFF,false,primary
b2812be2a99178d11fa59a7a3a76154e,195,METADATA_TOKEN_MATCHED_TO_MASK,T1_SILENT_CHECK,false,primary
5da57447c69a13df78d29ed68b76af5e,80,BASE,T0_OFF,false,primary
5da57447c69a13df78d29ed68b76af5e,80,BASE,T1_SILENT_CHECK,false,primary
5da57447c69a13df78d29ed68b76af5e,80,MASK_SENTINEL,T0_OFF,false,primary
5da57447c69a13df78d29ed68b76af5e,80,MASK_SENTINEL,T1_SILENT_CHECK,false,primary
5da57447c69a13df78d29ed68b76af5e,80,METADATA_TOKEN_MATCHED_TO_MASK,T0_OFF,false,primary
5da57447c69a13df78d29ed68b76af5e,80,METADATA_TOKEN_MATCHED_TO_MASK,T1_SILENT_CHECK,false,primary
79c0d77df463633a1309f364ba4b376d,137,BASE,T0_OFF,true,primary
79c0d77df463633a1309f364ba4b376d,137,BASE,T1_SILENT_CHECK,true,primary
79c0d77df463633a1309f364ba4b376d,137,MASK_SENTINEL,T0_OFF,true,primary
79c0d77df463633a1309f364ba4b376d,137,MASK_SENTINEL,T1_SILENT_CHECK,true,primary
79c0d77df463633a1309f364ba4b376d,137,METADATA_TOKEN_MATCHED_TO_MASK,T0_OFF,true,primary
79c0d77df463633a1309f364ba4b376d,137,METADATA_TOKEN_MATCHED_TO_MASK,T1_SILENT_CHECK,true,primary
79c0d77df463633a1309f364ba4b376d,137,BASE,T0_OFF,true,integrity_duplicate
79c0d77df463633a1309f364ba4b376d,137,BASE,T1_SILENT_CHECK,true,integrity_duplicate
79c0d77df463633a1309f364ba4b376d,137,MASK_SENTINEL,T0_OFF,true,integrity_duplicate
79c0d77df463633a1309f364ba4b376d,137,MASK_SENTINEL,T1_SILENT_CHECK,true,integrity_duplicate
79c0d77df463633a1309f364ba4b376d,137,METADATA_TOKEN_MATCHED_TO_MASK,T0_OFF,true,integrity_duplicate
79c0d77df463633a1309f364ba4b376d,137,METADATA_TOKEN_MATCHED_TO_MASK,T1_SILENT_CHECK,true,integrity_duplicate
06b82f991c156785935d6587449a1ddc,23,BASE,T0_OFF,true,primary
06b82f991c156785935d6587449a1ddc,23,BASE,T1_SILENT_CHECK,true,primary
06b82f991c156785935d6587449a1ddc,23,MASK_SENTINEL,T0_OFF,true,primary
06b82f991c156785935d6587449a1ddc,23,MASK_SENTINEL,T1_SILENT_CHECK,true,primary
06b82f991c156785935d6587449a1ddc,23,METADATA_TOKEN_MATCHED_TO_MASK,T0_OFF,true,primary
06b82f991c156785935d6587449a1ddc,23,METADATA_TOKEN_MATCHED_TO_MASK,T1_SILENT_CHECK,true,primary
f0a03ef18a3f3a5fb5d3fdfc9f09f322,282,BASE,T0_OFF,false,primary
f0a03ef18a3f3a5fb5d3fdfc9f09f322,282,BASE,T1_SILENT_CHECK,false,primary
f0a03ef18a3f3a5fb5d3fdfc9f09f322,282,MASK_SENTINEL,T0_OFF,true,primary
f0a03ef18a3f3a5fb5d3fdfc9f09f322,282,MASK_SENTINEL,T1_SILENT_CHECK,false,primary
f0a03ef18a3f3a5fb5d3fdfc9f09f322,282,METADATA_TOKEN_MATCHED_TO_MASK,T0_OFF,true,primary
f0a03ef18a3f3a5fb5d3fdfc9f09f322,282,METADATA_TOKEN_MATCHED_TO_MASK,T1_SILENT_CHECK,false,primary
a4a645db7d1465f50edd81e4c01d5bf4,173,BASE,T0_OFF,false,primary
a4a645db7d1465f50edd81e4c01d5bf4,173,BASE,T1_SILENT_CHECK,false,primary
a4a645db7d1465f50edd81e4c01d5bf4,173,MASK_SENTINEL,T0_OFF,false,primary
a4a645db7d1465f50edd81e4c01d5bf4,173,MASK_SENTINEL,T1_SILENT_CHECK,false,primary
a4a645db7d1465f50edd81e4c01d5bf4,173,METADATA_TOKEN_MATCHED_TO_MASK,T0_OFF,false,primary
a4a645db7d1465f50edd81e4c01d5bf4,173,METADATA_TOKEN_MATCHED_TO_MASK,T1_SILENT_CHECK,false,primary
8df9425d9361974cf6bb6d2b8c81bcea,158,BASE,T0_OFF,false,primary
8df9425d9361974cf6bb6d2b8c81bcea,158,BASE,T1_SILENT_CHECK,false,primary
8df9425d9361974cf6bb6d2b8c81bcea,158,MASK_SENTINEL,T0_OFF,false,primary
8df9425d9361974cf6bb6d2b8c81bcea,158,MASK_SENTINEL,T1_SILENT_CHECK,false,primary
8df9425d9361974cf6bb6d2b8c81bcea,158,METADATA_TOKEN_MATCHED_TO_MASK,T0_OFF,false,primary
8df9425d9361974cf6bb6d2b8c81bcea,158,METADATA_TOKEN_MATCHED_TO_MASK,T1_SILENT_CHECK,false,primary
54ee56eb2ebc074d21b58131c61c6e71,76,BASE,T0_OFF,false,primary
54ee56eb2ebc074d21b58131c61c6e71,76,BASE,T1_SILENT_CHECK,false,primary
54ee56eb2ebc074d21b58131c61c6e71,76,MASK_SENTINEL,T0_OFF,false,primary
54ee56eb2ebc074d21b58131c61c6e71,76,MASK_SENTINEL,T1_SILENT_CHECK,false,primary
54ee56eb2ebc074d21b58131c61c6e71,76,METADATA_TOKEN_MATCHED_TO_MASK,T0_OFF,false,primary
54ee56eb2ebc074d21b58131c61c6e71,76,METADATA_TOKEN_MATCHED_TO_MASK,T1_SILENT_CHECK,false,primary
e6fa8c2929d3172b47d88bd413e19002,262,BASE,T0_OFF,true,primary
e6fa8c2929d3172b47d88bd413e19002,262,BASE,T1_SILENT_CHECK,false,primary
e6fa8c2929d3172b47d88bd413e19002,262,MASK_SENTINEL,T0_OFF,true,primary
e6fa8c2929d3172b47d88bd413e19002,262,MASK_SENTINEL,T1_SILENT_CHECK,true,primary
e6fa8c2929d3172b47d88bd413e19002,262,METADATA_TOKEN_MATCHED_TO_MASK,T0_OFF,true,primary
e6fa8c2929d3172b47d88bd413e19002,262,METADATA_TOKEN_MATCHED_TO_MASK,T1_SILENT_CHECK,true,primary
7210864550a727c706dfedf0046e49bd,36,BASE,T0_OFF,false,primary
7210864550a727c706dfedf0046e49bd,36,BASE,T1_SILENT_CHECK,false,primary
7210864550a727c706dfedf0046e49bd,36,MASK_SENTINEL,T0_OFF,false,primary
7210864550a727c706dfedf0046e49bd,36,MASK_SENTINEL,T1_SILENT_CHECK,false,primary
7210864550a727c706dfedf0046e49bd,36,METADATA_TOKEN_MATCHED_TO_MASK,T0_OFF,true,primary
7210864550a727c706dfedf0046e49bd,36,METADATA_TOKEN_MATCHED_TO_MASK,T1_SILENT_CHECK,false,primary
d39b616d46b7a0b7103beeb4485ae751,218,BASE,T0_OFF,true,primary
d39b616d46b7a0b7103beeb4485ae751,218,BASE,T1_SILENT_CHECK,true,primary
d39b616d46b7a0b7103beeb4485ae751,218,MASK_SENTINEL,T0_OFF,true,primary
d39b616d46b7a0b7103beeb4485ae751,218,MASK_SENTINEL,T1_SILENT_CHECK,false,primary
d39b616d46b7a0b7103beeb4485ae751,218,METADATA_TOKEN_MATCHED_TO_MASK,T0_OFF,true,primary
d39b616d46b7a0b7103beeb4485ae751,218,METADATA_TOKEN_MATCHED_TO_MASK,T1_SILENT_CHECK,false,primary
461238709786a0c72383c1aa864215eb,71,BASE,T0_OFF,false,primary
461238709786a0c72383c1aa864215eb,71,BASE,T1_SILENT_CHECK,false,primary
461238709786a0c72383c1aa864215eb,71,MASK_SENTINEL,T0_OFF,false,primary
461238709786a0c72383c1aa864215eb,71,MASK_SENTINEL,T1_SILENT_CHECK,false,primary
461238709786a0c72383c1aa864215eb,71,METADATA_TOKEN_MATCHED_TO_MASK,T0_OFF,false,primary
461238709786a0c72383c1aa864215eb,71,METADATA_TOKEN_MATCHED_TO_MASK,T1_SILENT_CHECK,false,primary
a94ac906d038f0508139f475dd560fc9,69,BASE,T0_OFF,false,primary
a94ac906d038f0508139f475dd560fc9,69,BASE,T1_SILENT_CHECK,true,primary
a94ac906d038f0508139f475dd560fc9,69,MASK_SENTINEL,T0_OFF,false,primary
a94ac906d038f0508139f475dd560fc9,69,MASK_SENTINEL,T1_SILENT_CHECK,true,primary
a94ac906d038f0508139f475dd560fc9,69,METADATA_TOKEN_MATCHED_TO_MASK,T0_OFF,false,primary
a94ac906d038f0508139f475dd560fc9,69,METADATA_TOKEN_MATCHED_TO_MASK,T1_SILENT_CHECK,true,primary
ef2e2245aa61fa6544b6a5266f15607f,254,BASE,T0_OFF,true,primary
ef2e2245aa61fa6544b6a5266f15607f,254,BASE,T1_SILENT_CHECK,true,primary
ef2e2245aa61fa6544b6a5266f15607f,254,MASK_SENTINEL,T0_OFF,true,primary
ef2e2245aa61fa6544b6a5266f15607f,254,MASK_SENTINEL,T1_SILENT_CHECK,true,primary
ef2e2245aa61fa6544b6a5266f15607f,254,METADATA_TOKEN_MATCHED_TO_MASK,T0_OFF,true,primary
ef2e2245aa61fa6544b6a5266f15607f,254,METADATA_TOKEN_MATCHED_TO_MASK,T1_SILENT_CHECK,true,primary
b56ef7179920f14d56d948e58a6559d0,204,BASE,T0_OFF,false,primary
b56ef7179920f14d56d948e58a6559d0,204,BASE,T1_SILENT_CHECK,false,primary
b56ef7179920f14d56d948e58a6559d0,204,MASK_SENTINEL,T0_OFF,false,primary
b56ef7179920f14d56d948e58a6559d0,204,MASK_SENTINEL,T1_SILENT_CHECK,false,primary
b56ef7179920f14d56d948e58a6559d0,204,METADATA_TOKEN_MATCHED_TO_MASK,T0_OFF,false,primary
b56ef7179920f14d56d948e58a6559d0,204,METADATA_TOKEN_MATCHED_TO_MASK,T1_SILENT_CHECK,false,primary
ad99188acc67bf055fabdbe4667cdd7a,178,BASE,T0_OFF,false,primary
ad99188acc67bf055fabdbe4667cdd7a,178,BASE,T1_SILENT_CHECK,false,primary
ad99188acc67bf055fabdbe4667cdd7a,178,MASK_SENTINEL,T0_OFF,false,primary
ad99188acc67bf055fabdbe4667cdd7a,178,MASK_SENTINEL,T1_SILENT_CHECK,false,primary
ad99188acc67bf055fabdbe4667cdd7a,178,METADATA_TOKEN_MATCHED_TO_MASK,T0_OFF,false,primary
ad99188acc67bf055fabdbe4667cdd7a,178,METADATA_TOKEN_MATCHED_TO_MASK,T1_SILENT_CHECK,false,primary
028b3da8d255fe001348231f7d8b0fbd,12,BASE,T0_OFF,true,primary
028b3da8d255fe001348231f7d8b0fbd,12,BASE,T1_SILENT_CHECK,true,primary
028b3da8d255fe001348231f7d8b0fbd,12,MASK_SENTINEL,T0_OFF,true,primary
028b3da8d255fe001348231f7d8b0fbd,12,MASK_SENTINEL,T1_SILENT_CHECK,true,primary
028b3da8d255fe001348231f7d8b0fbd,12,METADATA_TOKEN_MATCHED_TO_MASK,T0_OFF,true,primary
028b3da8d255fe001348231f7d8b0fbd,12,METADATA_TOKEN_MATCHED_TO_MASK,T1_SILENT_CHECK,true,primary
cca2d042fd397598589a81a58ae71bb8,264,BASE,T0_OFF,false,primary
cca2d042fd397598589a81a58ae71bb8,264,BASE,T1_SILENT_CHECK,false,primary
cca2d042fd397598589a81a58ae71bb8,264,MASK_SENTINEL,T0_OFF,false,primary
cca2d042fd397598589a81a58ae71bb8,264,MASK_SENTINEL,T1_SILENT_CHECK,false,primary
cca2d042fd397598589a81a58ae71bb8,264,METADATA_TOKEN_MATCHED_TO_MASK,T0_OFF,false,primary
cca2d042fd397598589a81a58ae71bb8,264,METADATA_TOKEN_MATCHED_TO_MASK,T1_SILENT_CHECK,false,primary
6ff45af31382f8fbe091d58766ad639f,129,BASE,T0_OFF,true,primary
6ff45af31382f8fbe091d58766ad639f,129,BASE,T1_SILENT_CHECK,true,primary
6ff45af31382f8fbe091d58766ad639f,129,MASK_SENTINEL,T0_OFF,true,primary
6ff45af31382f8fbe091d58766ad639f,129,MASK_SENTINEL,T1_SILENT_CHECK,true,primary
6ff45af31382f8fbe091d58766ad639f,129,METADATA_TOKEN_MATCHED_TO_MASK,T0_OFF,true,primary
6ff45af31382f8fbe091d58766ad639f,129,METADATA_TOKEN_MATCHED_TO_MASK,T1_SILENT_CHECK,true,primary
049681711a4948cfe55a1996a2d61f98,4,BASE,T0_OFF,false,primary
049681711a4948cfe55a1996a2d61f98,4,BASE,T1_SILENT_CHECK,false,primary
049681711a4948cfe55a1996a2d61f98,4,MASK_SENTINEL,T0_OFF,false,primary
049681711a4948cfe55a1996a2d61f98,4,MASK_SENTINEL,T1_SILENT_CHECK,false,primary
049681711a4948cfe55a1996a2d61f98,4,METADATA_TOKEN_MATCHED_TO_MASK,T0_OFF,false,primary
049681711a4948cfe55a1996a2d61f98,4,METADATA_TOKEN_MATCHED_TO_MASK,T1_SILENT_CHECK,false,primary
bd6ba7d79f416baeb16eef331cc57c4d,179,BASE,T0_OFF,true,primary
bd6ba7d79f416baeb16eef331cc57c4d,179,BASE,T1_SILENT_CHECK,true,primary
bd6ba7d79f416baeb16eef331cc57c4d,179,MASK_SENTINEL,T0_OFF,true,primary
bd6ba7d79f416baeb16eef331cc57c4d,179,MASK_SENTINEL,T1_SILENT_CHECK,false,primary
bd6ba7d79f416baeb16eef331cc57c4d,179,METADATA_TOKEN_MATCHED_TO_MASK,T0_OFF,true,primary
bd6ba7d79f416baeb16eef331cc57c4d,179,METADATA_TOKEN_MATCHED_TO_MASK,T1_SILENT_CHECK,false,primary
62a7e001a59764d8be1f901d759e39bd,190,BASE,T0_OFF,false,primary
62a7e001a59764d8be1f901d759e39bd,190,BASE,T1_SILENT_CHECK,false,primary
62a7e001a59764d8be1f901d759e39bd,190,MASK_SENTINEL,T0_OFF,true,primary
62a7e001a59764d8be1f901d759e39bd,190,MASK_SENTINEL,T1_SILENT_CHECK,false,primary
62a7e001a59764d8be1f901d759e39bd,190,METADATA_TOKEN_MATCHED_TO_MASK,T0_OFF,true,primary
62a7e001a59764d8be1f901d759e39bd,190,METADATA_TOKEN_MATCHED_TO_MASK,T1_SILENT_CHECK,false,primary
62a7e001a59764d8be1f901d759e39bd,190,BASE,T0_OFF,false,integrity_duplicate
62a7e001a59764d8be1f901d759e39bd,190,BASE,T1_SILENT_CHECK,false,integrity_duplicate
62a7e001a59764d8be1f901d759e39bd,190,MASK_SENTINEL,T0_OFF,true,integrity_duplicate
62a7e001a59764d8be1f901d759e39bd,190,MASK_SENTINEL,T1_SILENT_CHECK,false,integrity_duplicate
62a7e001a59764d8be1f901d759e39bd,190,METADATA_TOKEN_MATCHED_TO_MASK,T0_OFF,true,integrity_duplicate
62a7e001a59764d8be1f901d759e39bd,190,METADATA_TOKEN_MATCHED_TO_MASK,T1_SILENT_CHECK,false,integrity_duplicate
760155d3d8ec4184f35541531453cd60,200,BASE,T0_OFF,false,primary
760155d3d8ec4184f35541531453cd60,200,BASE,T1_SILENT_CHECK,false,primary
760155d3d8ec4184f35541531453cd60,200,MASK_SENTINEL,T0_OFF,true,primary
760155d3d8ec4184f35541531453cd60,200,MASK_SENTINEL,T1_SILENT_CHECK,true,primary
760155d3d8ec4184f35541531453cd60,200,METADATA_TOKEN_MATCHED_TO_MASK,T0_OFF,false,primary
760155d3d8ec4184f35541531453cd60,200,METADATA_TOKEN_MATCHED_TO_MASK,T1_SILENT_CHECK,true,primary
63c064f56345062ec003ba256f3badea,43,BASE,T0_OFF,false,primary
63c064f56345062ec003ba256f3badea,43,BASE,T1_SILENT_CHECK,true,primary
63c064f56345062ec003ba256f3badea,43,MASK_SENTINEL,T0_OFF,false,primary
63c064f56345062ec003ba256f3badea,43,MASK_SENTINEL,T1_SILENT_CHECK,true,primary
63c064f56345062ec003ba256f3badea,43,METADATA_TOKEN_MATCHED_TO_MASK,T0_OFF,false,primary
63c064f56345062ec003ba256f3badea,43,METADATA_TOKEN_MATCHED_TO_MASK,T1_SILENT_CHECK,true,primary
63c064f56345062ec003ba256f3badea,43,BASE,T0_OFF,false,integrity_duplicate
63c064f56345062ec003ba256f3badea,43,BASE,T1_SILENT_CHECK,true,integrity_duplicate
63c064f56345062ec003ba256f3badea,43,MASK_SENTINEL,T0_OFF,false,integrity_duplicate
63c064f56345062ec003ba256f3badea,43,MASK_SENTINEL,T1_SILENT_CHECK,true,integrity_duplicate
63c064f56345062ec003ba256f3badea,43,METADATA_TOKEN_MATCHED_TO_MASK,T0_OFF,false,integrity_duplicate
63c064f56345062ec003ba256f3badea,43,METADATA_TOKEN_MATCHED_TO_MASK,T1_SILENT_CHECK,true,integrity_duplicate
21fdbe1899ddb8474c91ec6c28262a1e,45,BASE,T0_OFF,false,primary
21fdbe1899ddb8474c91ec6c28262a1e,45,BASE,T1_SILENT_CHECK,false,primary
21fdbe1899ddb8474c91ec6c28262a1e,45,MASK_SENTINEL,T0_OFF,false,primary
21fdbe1899ddb8474c91ec6c28262a1e,45,MASK_SENTINEL,T1_SILENT_CHECK,false,primary
21fdbe1899ddb8474c91ec6c28262a1e,45,METADATA_TOKEN_MATCHED_TO_MASK,T0_OFF,false,primary
21fdbe1899ddb8474c91ec6c28262a1e,45,METADATA_TOKEN_MATCHED_TO_MASK,T1_SILENT_CHECK,false,primary
de7a02c72fbd748bf249a57f3b9c9f5d,272,BASE,T0_OFF,false,primary
de7a02c72fbd748bf249a57f3b9c9f5d,272,BASE,T1_SILENT_CHECK,false,primary
de7a02c72fbd748bf249a57f3b9c9f5d,272,MASK_SENTINEL,T0_OFF,false,primary
de7a02c72fbd748bf249a57f3b9c9f5d,272,MASK_SENTINEL,T1_SILENT_CHECK,false,primary
de7a02c72fbd748bf249a57f3b9c9f5d,272,METADATA_TOKEN_MATCHED_TO_MASK,T0_OFF,false,primary
de7a02c72fbd748bf249a57f3b9c9f5d,272,METADATA_TOKEN_MATCHED_TO_MASK,T1_SILENT_CHECK,false,primary
442a1cafc0c771477a3f1a58baba4c35,68,BASE,T0_OFF,false,primary
442a1cafc0c771477a3f1a58baba4c35,68,BASE,T1_SILENT_CHECK,false,primary
442a1cafc0c771477a3f1a58baba4c35,68,MASK_SENTINEL,T0_OFF,false,primary
442a1cafc0c771477a3f1a58baba4c35,68,MASK_SENTINEL,T1_SILENT_CHECK,false,primary
442a1cafc0c771477a3f1a58baba4c35,68,METADATA_TOKEN_MATCHED_TO_MASK,T0_OFF,false,primary
442a1cafc0c771477a3f1a58baba4c35,68,METADATA_TOKEN_MATCHED_TO_MASK,T1_SILENT_CHECK,false,primary
fdc245b7ae3f04b6c3008f7ec520c38c,299,BASE,T0_OFF,true,primary
fdc245b7ae3f04b6c3008f7ec520c38c,299,BASE,T1_SILENT_CHECK,true,primary
fdc245b7ae3f04b6c3008f7ec520c38c,299,MASK_SENTINEL,T0_OFF,false,primary
fdc245b7ae3f04b6c3008f7ec520c38c,299,MASK_SENTINEL,T1_SILENT_CHECK,true,primary
fdc245b7ae3f04b6c3008f7ec520c38c,299,METADATA_TOKEN_MATCHED_TO_MASK,T0_OFF,false,primary
fdc245b7ae3f04b6c3008f7ec520c38c,299,METADATA_TOKEN_MATCHED_TO_MASK,T1_SILENT_CHECK,true,primary
0b1979a74971161c4bb25ee9a7195fb7,35,BASE,T0_OFF,true,primary
0b1979a74971161c4bb25ee9a7195fb7,35,BASE,T1_SILENT_CHECK,false,primary
0b1979a74971161c4bb25ee9a7195fb7,35,MASK_SENTINEL,T0_OFF,false,primary
0b1979a74971161c4bb25ee9a7195fb7,35,MASK_SENTINEL,T1_SILENT_CHECK,false,primary
0b1979a74971161c4bb25ee9a7195fb7,35,METADATA_TOKEN_MATCHED_TO_MASK,T0_OFF,true,primary
0b1979a74971161c4bb25ee9a7195fb7,35,METADATA_TOKEN_MATCHED_TO_MASK,T1_SILENT_CHECK,false,primary
02ad5d0fc4a3072bd93e1792d286e4af,2,BASE,T0_OFF,false,primary
02ad5d0fc4a3072bd93e1792d286e4af,2,BASE,T1_SILENT_CHECK,false,primary
02ad5d0fc4a3072bd93e1792d286e4af,2,MASK_SENTINEL,T0_OFF,false,primary
02ad5d0fc4a3072bd93e1792d286e4af,2,MASK_SENTINEL,T1_SILENT_CHECK,false,primary
02ad5d0fc4a3072bd93e1792d286e4af,2,METADATA_TOKEN_MATCHED_TO_MASK,T0_OFF,false,primary
02ad5d0fc4a3072bd93e1792d286e4af,2,METADATA_TOKEN_MATCHED_TO_MASK,T1_SILENT_CHECK,false,primary
7b12c891ff61cac304d936b675fbadb8,140,BASE,T0_OFF,true,primary
7b12c891ff61cac304d936b675fbadb8,140,BASE,T1_SILENT_CHECK,true,primary
7b12c891ff61cac304d936b675fbadb8,140,MASK_SENTINEL,T0_OFF,true,primary
7b12c891ff61cac304d936b675fbadb8,140,MASK_SENTINEL,T1_SILENT_CHECK,true,primary
7b12c891ff61cac304d936b675fbadb8,140,METADATA_TOKEN_MATCHED_TO_MASK,T0_OFF,true,primary
7b12c891ff61cac304d936b675fbadb8,140,METADATA_TOKEN_MATCHED_TO_MASK,T1_SILENT_CHECK,true,primary
26104e4cd8e0ab7f40fe4f8bd6c1801f,11,BASE,T0_OFF,true,primary
26104e4cd8e0ab7f40fe4f8bd6c1801f,11,BASE,T1_SILENT_CHECK,false,primary
26104e4cd8e0ab7f40fe4f8bd6c1801f,11,MASK_SENTINEL,T0_OFF,true,primary
26104e4cd8e0ab7f40fe4f8bd6c1801f,11,MASK_SENTINEL,T1_SILENT_CHECK,false,primary
26104e4cd8e0ab7f40fe4f8bd6c1801f,11,METADATA_TOKEN_MATCHED_TO_MASK,T0_OFF,true,primary
26104e4cd8e0ab7f40fe4f8bd6c1801f,11,METADATA_TOKEN_MATCHED_TO_MASK,T1_SILENT_CHECK,false,primary
75d73cdeb0d8b73a713ed0867209d2c1,123,BASE,T0_OFF,true,primary
75d73cdeb0d8b73a713ed0867209d2c1,123,BASE,T1_SILENT_CHECK,false,primary
75d73cdeb0d8b73a713ed0867209d2c1,123,MASK_SENTINEL,T0_OFF,true,primary
75d73cdeb0d8b73a713ed0867209d2c1,123,MASK_SENTINEL,T1_SILENT_CHECK,false,primary
75d73cdeb0d8b73a713ed0867209d2c1,123,METADATA_TOKEN_MATCHED_TO_MASK,T0_OFF,true,primary
75d73cdeb0d8b73a713ed0867209d2c1,123,METADATA_TOKEN_MATCHED_TO_MASK,T1_SILENT_CHECK,false,primary
d3df1f91959633f831ee400e8c9613ae,266,BASE,T0_OFF,false,primary
d3df1f91959633f831ee400e8c9613ae,266,BASE,T1_SILENT_CHECK,false,primary
d3df1f91959633f831ee400e8c9613ae,266,MASK_SENTINEL,T0_OFF,false,primary
d3df1f91959633f831ee400e8c9613ae,266,MASK_SENTINEL,T1_SILENT_CHECK,false,primary
d3df1f91959633f831ee400e8c9613ae,266,METADATA_TOKEN_MATCHED_TO_MASK,T0_OFF,false,primary
d3df1f91959633f831ee400e8c9613ae,266,METADATA_TOKEN_MATCHED_TO_MASK,T1_SILENT_CHECK,false,primary
7326fb54d7810ccce35ddd5c14567060,111,BASE,T0_OFF,false,primary
7326fb54d7810ccce35ddd5c14567060,111,BASE,T1_SILENT_CHECK,false,primary
7326fb54d7810ccce35ddd5c14567060,111,MASK_SENTINEL,T0_OFF,false,primary
7326fb54d7810ccce35ddd5c14567060,111,MASK_SENTINEL,T1_SILENT_CHECK,false,primary
7326fb54d7810ccce35ddd5c14567060,111,METADATA_TOKEN_MATCHED_TO_MASK,T0_OFF,false,primary
7326fb54d7810ccce35ddd5c14567060,111,METADATA_TOKEN_MATCHED_TO_MASK,T1_SILENT_CHECK,false,primary
7ce3b78e1177866c798b2e30561f6b4b,62,BASE,T0_OFF,false,primary
7ce3b78e1177866c798b2e30561f6b4b,62,BASE,T1_SILENT_CHECK,true,primary
7ce3b78e1177866c798b2e30561f6b4b,62,MASK_SENTINEL,T0_OFF,false,primary
7ce3b78e1177866c798b2e30561f6b4b,62,MASK_SENTINEL,T1_SILENT_CHECK,true,primary
7ce3b78e1177866c798b2e30561f6b4b,62,METADATA_TOKEN_MATCHED_TO_MASK,T0_OFF,false,primary
7ce3b78e1177866c798b2e30561f6b4b,62,METADATA_TOKEN_MATCHED_TO_MASK,T1_SILENT_CHECK,true,primary
75e634306fb3c681b4acb2e2018e78dd,134,BASE,T0_OFF,true,primary
75e634306fb3c681b4acb2e2018e78dd,134,BASE,T1_SILENT_CHECK,true,primary
75e634306fb3c681b4acb2e2018e78dd,134,MASK_SENTINEL,T0_OFF,true,primary
75e634306fb3c681b4acb2e2018e78dd,134,MASK_SENTINEL,T1_SILENT_CHECK,true,primary
75e634306fb3c681b4acb2e2018e78dd,134,METADATA_TOKEN_MATCHED_TO_MASK,T0_OFF,true,primary
75e634306fb3c681b4acb2e2018e78dd,134,METADATA_TOKEN_MATCHED_TO_MASK,T1_SILENT_CHECK,true,primary
1983b7af74dadb0b9468b86af442410d,32,BASE,T0_OFF,false,primary
1983b7af74dadb0b9468b86af442410d,32,BASE,T1_SILENT_CHECK,false,primary
1983b7af74dadb0b9468b86af442410d,32,MASK_SENTINEL,T0_OFF,false,primary
1983b7af74dadb0b9468b86af442410d,32,MASK_SENTINEL,T1_SILENT_CHECK,false,primary
1983b7af74dadb0b9468b86af442410d,32,METADATA_TOKEN_MATCHED_TO_MASK,T0_OFF,false,primary
1983b7af74dadb0b9468b86af442410d,32,METADATA_TOKEN_MATCHED_TO_MASK,T1_SILENT_CHECK,false,primary
79f1e54a02d8cba80e34a60f7fa911cf,131,BASE,T0_OFF,true,primary
79f1e54a02d8cba80e34a60f7fa911cf,131,BASE,T1_SILENT_CHECK,false,primary
79f1e54a02d8cba80e34a60f7fa911cf,131,MASK_SENTINEL,T0_OFF,true,primary
79f1e54a02d8cba80e34a60f7fa911cf,131,MASK_SENTINEL,T1_SILENT_CHECK,false,primary
79f1e54a02d8cba80e34a60f7fa911cf,131,METADATA_TOKEN_MATCHED_TO_MASK,T0_OFF,true,primary
79f1e54a02d8cba80e34a60f7fa911cf,131,METADATA_TOKEN_MATCHED_TO_MASK,T1_SILENT_CHECK,false,primary
5901f61a8ce0dd994c629198fae94361,151,BASE,T0_OFF,false,primary
5901f61a8ce0dd994c629198fae94361,151,BASE,T1_SILENT_CHECK,false,primary
5901f61a8ce0dd994c629198fae94361,151,MASK_SENTINEL,T0_OFF,true,primary
5901f61a8ce0dd994c629198fae94361,151,MASK_SENTINEL,T1_SILENT_CHECK,false,primary
5901f61a8ce0dd994c629198fae94361,151,METADATA_TOKEN_MATCHED_TO_MASK,T0_OFF,true,primary
5901f61a8ce0dd994c629198fae94361,151,METADATA_TOKEN_MATCHED_TO_MASK,T1_SILENT_CHECK,false,primary
ecc0094c8ae45f25deda38bcc72837e6,234,BASE,T0_OFF,true,primary
ecc0094c8ae45f25deda38bcc72837e6,234,BASE,T1_SILENT_CHECK,true,primary
ecc0094c8ae45f25deda38bcc72837e6,234,MASK_SENTINEL,T0_OFF,false,primary
ecc0094c8ae45f25deda38bcc72837e6,234,MASK_SENTINEL,T1_SILENT_CHECK,true,primary
ecc0094c8ae45f25deda38bcc72837e6,234,METADATA_TOKEN_MATCHED_TO_MASK,T0_OFF,true,primary
ecc0094c8ae45f25deda38bcc72837e6,234,METADATA_TOKEN_MATCHED_TO_MASK,T1_SILENT_CHECK,true,primary
ecc0094c8ae45f25deda38bcc72837e6,234,BASE,T0_OFF,true,integrity_duplicate
ecc0094c8ae45f25deda38bcc72837e6,234,BASE,T1_SILENT_CHECK,true,integrity_duplicate
ecc0094c8ae45f25deda38bcc72837e6,234,MASK_SENTINEL,T0_OFF,false,integrity_duplicate
ecc0094c8ae45f25deda38bcc72837e6,234,MASK_SENTINEL,T1_SILENT_CHECK,true,integrity_duplicate
ecc0094c8ae45f25deda38bcc72837e6,234,METADATA_TOKEN_MATCHED_TO_MASK,T0_OFF,true,integrity_duplicate
ecc0094c8ae45f25deda38bcc72837e6,234,METADATA_TOKEN_MATCHED_TO_MASK,T1_SILENT_CHECK,true,integrity_duplicate
0172e0141558325c4cb733b7b94f988a,106,BASE,T0_OFF,true,primary
0172e0141558325c4cb733b7b94f988a,106,BASE,T1_SILENT_CHECK,false,primary
0172e0141558325c4cb733b7b94f988a,106,MASK_SENTINEL,T0_OFF,true,primary
0172e0141558325c4cb733b7b94f988a,106,MASK_SENTINEL,T1_SILENT_CHECK,true,primary
0172e0141558325c4cb733b7b94f988a,106,METADATA_TOKEN_MATCHED_TO_MASK,T0_OFF,true,primary
0172e0141558325c4cb733b7b94f988a,106,METADATA_TOKEN_MATCHED_TO_MASK,T1_SILENT_CHECK,true,primary
8a8c2369edfd627ba039fc9e24a4f8b1,169,BASE,T0_OFF,true,primary
8a8c2369edfd627ba039fc9e24a4f8b1,169,BASE,T1_SILENT_CHECK,true,primary
8a8c2369edfd627ba039fc9e24a4f8b1,169,MASK_SENTINEL,T0_OFF,true,primary
8a8c2369edfd627ba039fc9e24a4f8b1,169,MASK_SENTINEL,T1_SILENT_CHECK,true,primary
8a8c2369edfd627ba039fc9e24a4f8b1,169,METADATA_TOKEN_MATCHED_TO_MASK,T0_OFF,true,primary
8a8c2369edfd627ba039fc9e24a4f8b1,169,METADATA_TOKEN_MATCHED_TO_MASK,T1_SILENT_CHECK,true,primary
e36a17d3da32f78fe569093ee52bce19,180,BASE,T0_OFF,true,primary
e36a17d3da32f78fe569093ee52bce19,180,BASE,T1_SILENT_CHECK,true,primary
e36a17d3da32f78fe569093ee52bce19,180,MASK_SENTINEL,T0_OFF,true,primary
e36a17d3da32f78fe569093ee52bce19,180,MASK_SENTINEL,T1_SILENT_CHECK,false,primary
e36a17d3da32f78fe569093ee52bce19,180,METADATA_TOKEN_MATCHED_TO_MASK,T0_OFF,true,primary
e36a17d3da32f78fe569093ee52bce19,180,METADATA_TOKEN_MATCHED_TO_MASK,T1_SILENT_CHECK,true,primary
c1cc34b13182e2d51c17dcd4009da1bd,228,BASE,T0_OFF,false,primary
c1cc34b13182e2d51c17dcd4009da1bd,228,BASE,T1_SILENT_CHECK,false,primary
c1cc34b13182e2d51c17dcd4009da1bd,228,MASK_SENTINEL,T0_OFF,false,primary
c1cc34b13182e2d51c17dcd4009da1bd,228,MASK_SENTINEL,T1_SILENT_CHECK,false,primary
c1cc34b13182e2d51c17dcd4009da1bd,228,METADATA_TOKEN_MATCHED_TO_MASK,T0_OFF,false,primary
c1cc34b13182e2d51c17dcd4009da1bd,228,METADATA_TOKEN_MATCHED_TO_MASK,T1_SILENT_CHECK,false,primary
f0e009294af0d90c6c999b1cc56dc31a,255,BASE,T0_OFF,true,primary
f0e009294af0d90c6c999b1cc56dc31a,255,BASE,T1_SILENT_CHECK,true,primary
f0e009294af0d90c6c999b1cc56dc31a,255,MASK_SENTINEL,T0_OFF,true,primary
f0e009294af0d90c6c999b1cc56dc31a,255,MASK_SENTINEL,T1_SILENT_CHECK,true,primary
f0e009294af0d90c6c999b1cc56dc31a,255,METADATA_TOKEN_MATCHED_TO_MASK,T0_OFF,true,primary
f0e009294af0d90c6c999b1cc56dc31a,255,METADATA_TOKEN_MATCHED_TO_MASK,T1_SILENT_CHECK,true,primary
d6a2d0bf4cfa5bec2da70a35de415675,269,BASE,T0_OFF,false,primary
d6a2d0bf4cfa5bec2da70a35de415675,269,BASE,T1_SILENT_CHECK,false,primary
d6a2d0bf4cfa5bec2da70a35de415675,269,MASK_SENTINEL,T0_OFF,false,primary
d6a2d0bf4cfa5bec2da70a35de415675,269,MASK_SENTINEL,T1_SILENT_CHECK,false,primary
d6a2d0bf4cfa5bec2da70a35de415675,269,METADATA_TOKEN_MATCHED_TO_MASK,T0_OFF,false,primary
d6a2d0bf4cfa5bec2da70a35de415675,269,METADATA_TOKEN_MATCHED_TO_MASK,T1_SILENT_CHECK,false,primary
395b57cf8c4b0311a30edaba7c19e761,0,BASE,T0_OFF,false,primary
395b57cf8c4b0311a30edaba7c19e761,0,BASE,T1_SILENT_CHECK,false,primary
395b57cf8c4b0311a30edaba7c19e761,0,MASK_SENTINEL,T0_OFF,true,primary
395b57cf8c4b0311a30edaba7c19e761,0,MASK_SENTINEL,T1_SILENT_CHECK,false,primary
395b57cf8c4b0311a30edaba7c19e761,0,METADATA_TOKEN_MATCHED_TO_MASK,T0_OFF,true,primary
395b57cf8c4b0311a30edaba7c19e761,0,METADATA_TOKEN_MATCHED_TO_MASK,T1_SILENT_CHECK,false,primary
4120e1ef6f09817575a8cf1081c39c7f,66,BASE,T0_OFF,false,primary
4120e1ef6f09817575a8cf1081c39c7f,66,BASE,T1_SILENT_CHECK,false,primary
4120e1ef6f09817575a8cf1081c39c7f,66,MASK_SENTINEL,T0_OFF,false,primary
4120e1ef6f09817575a8cf1081c39c7f,66,MASK_SENTINEL,T1_SILENT_CHECK,false,primary
4120e1ef6f09817575a8cf1081c39c7f,66,METADATA_TOKEN_MATCHED_TO_MASK,T0_OFF,false,primary
4120e1ef6f09817575a8cf1081c39c7f,66,METADATA_TOKEN_MATCHED_TO_MASK,T1_SILENT_CHECK,false,primary
4120e1ef6f09817575a8cf1081c39c7f,66,BASE,T0_OFF,false,integrity_duplicate
4120e1ef6f09817575a8cf1081c39c7f,66,BASE,T1_SILENT_CHECK,false,integrity_duplicate
4120e1ef6f09817575a8cf1081c39c7f,66,MASK_SENTINEL,T0_OFF,false,integrity_duplicate
4120e1ef6f09817575a8cf1081c39c7f,66,MASK_SENTINEL,T1_SILENT_CHECK,false,integrity_duplicate
4120e1ef6f09817575a8cf1081c39c7f,66,METADATA_TOKEN_MATCHED_TO_MASK,T0_OFF,false,integrity_duplicate
4120e1ef6f09817575a8cf1081c39c7f,66,METADATA_TOKEN_MATCHED_TO_MASK,T1_SILENT_CHECK,false,integrity_duplicate
914d4846a6b6622f4ef7b022da26506a,172,BASE,T0_OFF,true,primary
914d4846a6b6622f4ef7b022da26506a,172,BASE,T1_SILENT_CHECK,true,primary
914d4846a6b6622f4ef7b022da26506a,172,MASK_SENTINEL,T0_OFF,true,primary
914d4846a6b6622f4ef7b022da26506a,172,MASK_SENTINEL,T1_SILENT_CHECK,true,primary
914d4846a6b6622f4ef7b022da26506a,172,METADATA_TOKEN_MATCHED_TO_MASK,T0_OFF,true,primary
914d4846a6b6622f4ef7b022da26506a,172,METADATA_TOKEN_MATCHED_TO_MASK,T1_SILENT_CHECK,true,primary
914d4846a6b6622f4ef7b022da26506a,172,BASE,T0_OFF,true,integrity_duplicate
914d4846a6b6622f4ef7b022da26506a,172,BASE,T1_SILENT_CHECK,true,integrity_duplicate
914d4846a6b6622f4ef7b022da26506a,172,MASK_SENTINEL,T0_OFF,true,integrity_duplicate
914d4846a6b6622f4ef7b022da26506a,172,MASK_SENTINEL,T1_SILENT_CHECK,true,integrity_duplicate
914d4846a6b6622f4ef7b022da26506a,172,METADATA_TOKEN_MATCHED_TO_MASK,T0_OFF,true,integrity_duplicate
914d4846a6b6622f4ef7b022da26506a,172,METADATA_TOKEN_MATCHED_TO_MASK,T1_SILENT_CHECK,true,integrity_duplicate
9479e342001236ce620d19c89e42e7ee,176,BASE,T0_OFF,true,primary
9479e342001236ce620d19c89e42e7ee,176,BASE,T1_SILENT_CHECK,true,primary
9479e342001236ce620d19c89e42e7ee,176,MASK_SENTINEL,T0_OFF,true,primary
9479e342001236ce620d19c89e42e7ee,176,MASK_SENTINEL,T1_SILENT_CHECK,true,primary
9479e342001236ce620d19c89e42e7ee,176,METADATA_TOKEN_MATCHED_TO_MASK,T0_OFF,true,primary
9479e342001236ce620d19c89e42e7ee,176,METADATA_TOKEN_MATCHED_TO_MASK,T1_SILENT_CHECK,true,primary
0e93f4b9878a3141bbbf80c9f9300bc6,17,BASE,T0_OFF,false,primary
0e93f4b9878a3141bbbf80c9f9300bc6,17,BASE,T1_SILENT_CHECK,false,primary
0e93f4b9878a3141bbbf80c9f9300bc6,17,MASK_SENTINEL,T0_OFF,false,primary
0e93f4b9878a3141bbbf80c9f9300bc6,17,MASK_SENTINEL,T1_SILENT_CHECK,false,primary
0e93f4b9878a3141bbbf80c9f9300bc6,17,METADATA_TOKEN_MATCHED_TO_MASK,T0_OFF,false,primary
0e93f4b9878a3141bbbf80c9f9300bc6,17,METADATA_TOKEN_MATCHED_TO_MASK,T1_SILENT_CHECK,false,primary
0e93f4b9878a3141bbbf80c9f9300bc6,17,BASE,T0_OFF,false,integrity_duplicate
0e93f4b9878a3141bbbf80c9f9300bc6,17,BASE,T1_SILENT_CHECK,false,integrity_duplicate
0e93f4b9878a3141bbbf80c9f9300bc6,17,MASK_SENTINEL,T0_OFF,false,integrity_duplicate
0e93f4b9878a3141bbbf80c9f9300bc6,17,MASK_SENTINEL,T1_SILENT_CHECK,false,integrity_duplicate
0e93f4b9878a3141bbbf80c9f9300bc6,17,METADATA_TOKEN_MATCHED_TO_MASK,T0_OFF,false,integrity_duplicate
0e93f4b9878a3141bbbf80c9f9300bc6,17,METADATA_TOKEN_MATCHED_TO_MASK,T1_SILENT_CHECK,false,integrity_duplicate
0fffa8b91e70b21f29ddc251d7d3ae1a,3,BASE,T0_OFF,true,primary
0fffa8b91e70b21f29ddc251d7d3ae1a,3,BASE,T1_SILENT_CHECK,false,primary
0fffa8b91e70b21f29ddc251d7d3ae1a,3,MASK_SENTINEL,T0_OFF,true,primary
0fffa8b91e70b21f29ddc251d7d3ae1a,3,MASK_SENTINEL,T1_SILENT_CHECK,false,primary
0fffa8b91e70b21f29ddc251d7d3ae1a,3,METADATA_TOKEN_MATCHED_TO_MASK,T0_OFF,true,primary
0fffa8b91e70b21f29ddc251d7d3ae1a,3,METADATA_TOKEN_MATCHED_TO_MASK,T1_SILENT_CHECK,false,primary
0fffa8b91e70b21f29ddc251d7d3ae1a,3,BASE,T0_OFF,true,integrity_duplicate
0fffa8b91e70b21f29ddc251d7d3ae1a,3,BASE,T1_SILENT_CHECK,false,integrity_duplicate
0fffa8b91e70b21f29ddc251d7d3ae1a,3,MASK_SENTINEL,T0_OFF,true,integrity_duplicate
0fffa8b91e70b21f29ddc251d7d3ae1a,3,MASK_SENTINEL,T1_SILENT_CHECK,false,integrity_duplicate
0fffa8b91e70b21f29ddc251d7d3ae1a,3,METADATA_TOKEN_MATCHED_TO_MASK,T0_OFF,true,integrity_duplicate
0fffa8b91e70b21f29ddc251d7d3ae1a,3,METADATA_TOKEN_MATCHED_TO_MASK,T1_SILENT_CHECK,false,integrity_duplicate
dad1098628fdd108f3f622c533eaaa70,271,BASE,T0_OFF,false,primary
dad1098628fdd108f3f622c533eaaa70,271,BASE,T1_SILENT_CHECK,false,primary
dad1098628fdd108f3f622c533eaaa70,271,MASK_SENTINEL,T0_OFF,false,primary
dad1098628fdd108f3f622c533eaaa70,271,MASK_SENTINEL,T1_SILENT_CHECK,false,primary
dad1098628fdd108f3f622c533eaaa70,271,METADATA_TOKEN_MATCHED_TO_MASK,T0_OFF,false,primary
dad1098628fdd108f3f622c533eaaa70,271,METADATA_TOKEN_MATCHED_TO_MASK,T1_SILENT_CHECK,false,primary
dad1098628fdd108f3f622c533eaaa70,271,BASE,T0_OFF,false,integrity_duplicate
dad1098628fdd108f3f622c533eaaa70,271,BASE,T1_SILENT_CHECK,false,integrity_duplicate
dad1098628fdd108f3f622c533eaaa70,271,MASK_SENTINEL,T0_OFF,false,integrity_duplicate
dad1098628fdd108f3f622c533eaaa70,271,MASK_SENTINEL,T1_SILENT_CHECK,false,integrity_duplicate
dad1098628fdd108f3f622c533eaaa70,271,METADATA_TOKEN_MATCHED_TO_MASK,T0_OFF,false,integrity_duplicate
dad1098628fdd108f3f622c533eaaa70,271,METADATA_TOKEN_MATCHED_TO_MASK,T1_SILENT_CHECK,false,integrity_duplicate
adb09908230cd149dd87bf3863009c1b,181,BASE,T0_OFF,false,primary
adb09908230cd149dd87bf3863009c1b,181,BASE,T1_SILENT_CHECK,false,primary
adb09908230cd149dd87bf3863009c1b,181,MASK_SENTINEL,T0_OFF,false,primary
adb09908230cd149dd87bf3863009c1b,181,MASK_SENTINEL,T1_SILENT_CHECK,false,primary
adb09908230cd149dd87bf3863009c1b,181,METADATA_TOKEN_MATCHED_TO_MASK,T0_OFF,false,primary
adb09908230cd149dd87bf3863009c1b,181,METADATA_TOKEN_MATCHED_TO_MASK,T1_SILENT_CHECK,false,primary
27eb43d72c3b19abf9005d3e797f4ba6,57,BASE,T0_OFF,true,primary
27eb43d72c3b19abf9005d3e797f4ba6,57,BASE,T1_SILENT_CHECK,true,primary
27eb43d72c3b19abf9005d3e797f4ba6,57,MASK_SENTINEL,T0_OFF,true,primary
27eb43d72c3b19abf9005d3e797f4ba6,57,MASK_SENTINEL,T1_SILENT_CHECK,true,primary
27eb43d72c3b19abf9005d3e797f4ba6,57,METADATA_TOKEN_MATCHED_TO_MASK,T0_OFF,true,primary
27eb43d72c3b19abf9005d3e797f4ba6,57,METADATA_TOKEN_MATCHED_TO_MASK,T1_SILENT_CHECK,true,primary
75f876b1dfd26e9f5025369b0e8fafdb,135,BASE,T0_OFF,true,primary
75f876b1dfd26e9f5025369b0e8fafdb,135,BASE,T1_SILENT_CHECK,true,primary
75f876b1dfd26e9f5025369b0e8fafdb,135,MASK_SENTINEL,T0_OFF,true,primary
75f876b1dfd26e9f5025369b0e8fafdb,135,MASK_SENTINEL,T1_SILENT_CHECK,true,primary
75f876b1dfd26e9f5025369b0e8fafdb,135,METADATA_TOKEN_MATCHED_TO_MASK,T0_OFF,true,primary
75f876b1dfd26e9f5025369b0e8fafdb,135,METADATA_TOKEN_MATCHED_TO_MASK,T1_SILENT_CHECK,true,primary
1907676b889015461093bad12f5ccd2f,31,BASE,T0_OFF,false,primary
1907676b889015461093bad12f5ccd2f,31,BASE,T1_SILENT_CHECK,false,primary
1907676b889015461093bad12f5ccd2f,31,MASK_SENTINEL,T0_OFF,false,primary
1907676b889015461093bad12f5ccd2f,31,MASK_SENTINEL,T1_SILENT_CHECK,false,primary
1907676b889015461093bad12f5ccd2f,31,METADATA_TOKEN_MATCHED_TO_MASK,T0_OFF,false,primary
1907676b889015461093bad12f5ccd2f,31,METADATA_TOKEN_MATCHED_TO_MASK,T1_SILENT_CHECK,false,primary
ca3f507d8fdd46645ae01e7e1f86e5ff,223,BASE,T0_OFF,true,primary
ca3f507d8fdd46645ae01e7e1f86e5ff,223,BASE,T1_SILENT_CHECK,true,primary
ca3f507d8fdd46645ae01e7e1f86e5ff,223,MASK_SENTINEL,T0_OFF,true,primary
ca3f507d8fdd46645ae01e7e1f86e5ff,223,MASK_SENTINEL,T1_SILENT_CHECK,true,primary
ca3f507d8fdd46645ae01e7e1f86e5ff,223,METADATA_TOKEN_MATCHED_TO_MASK,T0_OFF,true,primary
ca3f507d8fdd46645ae01e7e1f86e5ff,223,METADATA_TOKEN_MATCHED_TO_MASK,T1_SILENT_CHECK,true,primary
27806bf527904947a93170d156aa0eb8,16,BASE,T0_OFF,true,primary
27806bf527904947a93170d156aa0eb8,16,BASE,T1_SILENT_CHECK,false,primary
27806bf527904947a93170d156aa0eb8,16,MASK_SENTINEL,T0_OFF,true,primary
27806bf527904947a93170d156aa0eb8,16,MASK_SENTINEL,T1_SILENT_CHECK,false,primary
27806bf527904947a93170d156aa0eb8,16,METADATA_TOKEN_MATCHED_TO_MASK,T0_OFF,true,primary
27806bf527904947a93170d156aa0eb8,16,METADATA_TOKEN_MATCHED_TO_MASK,T1_SILENT_CHECK,false,primary
03ca80a22406021aab1ddc56fe5f4552,13,BASE,T0_OFF,true,primary
03ca80a22406021aab1ddc56fe5f4552,13,BASE,T1_SILENT_CHECK,true,primary
03ca80a22406021aab1ddc56fe5f4552,13,MASK_SENTINEL,T0_OFF,true,primary
03ca80a22406021aab1ddc56fe5f4552,13,MASK_SENTINEL,T1_SILENT_CHECK,true,primary
03ca80a22406021aab1ddc56fe5f4552,13,METADATA_TOKEN_MATCHED_TO_MASK,T0_OFF,true,primary
03ca80a22406021aab1ddc56fe5f4552,13,METADATA_TOKEN_MATCHED_TO_MASK,T1_SILENT_CHECK,true,primary
eebbf59daa833376a45f59baaa46a718,138,BASE,T0_OFF,false,primary
eebbf59daa833376a45f59baaa46a718,138,BASE,T1_SILENT_CHECK,false,primary
eebbf59daa833376a45f59baaa46a718,138,MASK_SENTINEL,T0_OFF,true,primary
eebbf59daa833376a45f59baaa46a718,138,MASK_SENTINEL,T1_SILENT_CHECK,false,primary
eebbf59daa833376a45f59baaa46a718,138,METADATA_TOKEN_MATCHED_TO_MASK,T0_OFF,false,primary
eebbf59daa833376a45f59baaa46a718,138,METADATA_TOKEN_MATCHED_TO_MASK,T1_SILENT_CHECK,true,primary
b39d1849fca6c77f939daf8d3251e822,202,BASE,T0_OFF,false,primary
b39d1849fca6c77f939daf8d3251e822,202,BASE,T1_SILENT_CHECK,false,primary
b39d1849fca6c77f939daf8d3251e822,202,MASK_SENTINEL,T0_OFF,false,primary
b39d1849fca6c77f939daf8d3251e822,202,MASK_SENTINEL,T1_SILENT_CHECK,false,primary
b39d1849fca6c77f939daf8d3251e822,202,METADATA_TOKEN_MATCHED_TO_MASK,T0_OFF,false,primary
b39d1849fca6c77f939daf8d3251e822,202,METADATA_TOKEN_MATCHED_TO_MASK,T1_SILENT_CHECK,false,primary
a1c5d84048c489f5542748be57b1ab1e,168,BASE,T0_OFF,false,primary
a1c5d84048c489f5542748be57b1ab1e,168,BASE,T1_SILENT_CHECK,false,primary
a1c5d84048c489f5542748be57b1ab1e,168,MASK_SENTINEL,T0_OFF,false,primary
a1c5d84048c489f5542748be57b1ab1e,168,MASK_SENTINEL,T1_SILENT_CHECK,false,primary
a1c5d84048c489f5542748be57b1ab1e,168,METADATA_TOKEN_MATCHED_TO_MASK,T0_OFF,false,primary
a1c5d84048c489f5542748be57b1ab1e,168,METADATA_TOKEN_MATCHED_TO_MASK,T1_SILENT_CHECK,false,primary
36721ac0ad2cd967998fedd2168308a3,63,BASE,T0_OFF,true,primary
36721ac0ad2cd967998fedd2168308a3,63,BASE,T1_SILENT_CHECK,true,primary
36721ac0ad2cd967998fedd2168308a3,63,MASK_SENTINEL,T0_OFF,true,primary
36721ac0ad2cd967998fedd2168308a3,63,MASK_SENTINEL,T1_SILENT_CHECK,true,primary
36721ac0ad2cd967998fedd2168308a3,63,METADATA_TOKEN_MATCHED_TO_MASK,T0_OFF,true,primary
36721ac0ad2cd967998fedd2168308a3,63,METADATA_TOKEN_MATCHED_TO_MASK,T1_SILENT_CHECK,true,primary
98e35a9a7563649544d636d07f14266d,177,BASE,T0_OFF,true,primary
98e35a9a7563649544d636d07f14266d,177,BASE,T1_SILENT_CHECK,true,primary
98e35a9a7563649544d636d07f14266d,177,MASK_SENTINEL,T0_OFF,true,primary
98e35a9a7563649544d636d07f14266d,177,MASK_SENTINEL,T1_SILENT_CHECK,true,primary
98e35a9a7563649544d636d07f14266d,177,METADATA_TOKEN_MATCHED_TO_MASK,T0_OFF,true,primary
98e35a9a7563649544d636d07f14266d,177,METADATA_TOKEN_MATCHED_TO_MASK,T1_SILENT_CHECK,true,primary
d95ca9abf51a5639cf25b5ef5e7837a8,235,BASE,T0_OFF,true,primary
d95ca9abf51a5639cf25b5ef5e7837a8,235,BASE,T1_SILENT_CHECK,true,primary
d95ca9abf51a5639cf25b5ef5e7837a8,235,MASK_SENTINEL,T0_OFF,true,primary
d95ca9abf51a5639cf25b5ef5e7837a8,235,MASK_SENTINEL,T1_SILENT_CHECK,true,primary
d95ca9abf51a5639cf25b5ef5e7837a8,235,METADATA_TOKEN_MATCHED_TO_MASK,T0_OFF,true,primary
d95ca9abf51a5639cf25b5ef5e7837a8,235,METADATA_TOKEN_MATCHED_TO_MASK,T1_SILENT_CHECK,true,primary
62abe431b72bff911481c1abe545491b,88,BASE,T0_OFF,false,primary
62abe431b72bff911481c1abe545491b,88,BASE,T1_SILENT_CHECK,false,primary
62abe431b72bff911481c1abe545491b,88,MASK_SENTINEL,T0_OFF,false,primary
62abe431b72bff911481c1abe545491b,88,MASK_SENTINEL,T1_SILENT_CHECK,false,primary
62abe431b72bff911481c1abe545491b,88,METADATA_TOKEN_MATCHED_TO_MASK,T0_OFF,false,primary
62abe431b72bff911481c1abe545491b,88,METADATA_TOKEN_MATCHED_TO_MASK,T1_SILENT_CHECK,false,primary
62abe431b72bff911481c1abe545491b,88,BASE,T0_OFF,false,integrity_duplicate
62abe431b72bff911481c1abe545491b,88,BASE,T1_SILENT_CHECK,false,integrity_duplicate
62abe431b72bff911481c1abe545491b,88,MASK_SENTINEL,T0_OFF,false,integrity_duplicate
62abe431b72bff911481c1abe545491b,88,MASK_SENTINEL,T1_SILENT_CHECK,false,integrity_duplicate
62abe431b72bff911481c1abe545491b,88,METADATA_TOKEN_MATCHED_TO_MASK,T0_OFF,false,integrity_duplicate
62abe431b72bff911481c1abe545491b,88,METADATA_TOKEN_MATCHED_TO_MASK,T1_SILENT_CHECK,false,integrity_duplicate
28d8764670ea3b05074d4c86e15a0e63,48,BASE,T0_OFF,false,primary
28d8764670ea3b05074d4c86e15a0e63,48,BASE,T1_SILENT_CHECK,false,primary
28d8764670ea3b05074d4c86e15a0e63,48,MASK_SENTINEL,T0_OFF,false,primary
28d8764670ea3b05074d4c86e15a0e63,48,MASK_SENTINEL,T1_SILENT_CHECK,false,primary
28d8764670ea3b05074d4c86e15a0e63,48,METADATA_TOKEN_MATCHED_TO_MASK,T0_OFF,false,primary
28d8764670ea3b05074d4c86e15a0e63,48,METADATA_TOKEN_MATCHED_TO_MASK,T1_SILENT_CHECK,false,primary
411e5ca7a07283d8b15fcfd78318fc4c,65,BASE,T0_OFF,false,primary
411e5ca7a07283d8b15fcfd78318fc4c,65,BASE,T1_SILENT_CHECK,false,primary
411e5ca7a07283d8b15fcfd78318fc4c,65,MASK_SENTINEL,T0_OFF,false,primary
411e5ca7a07283d8b15fcfd78318fc4c,65,MASK_SENTINEL,T1_SILENT_CHECK,false,primary
411e5ca7a07283d8b15fcfd78318fc4c,65,METADATA_TOKEN_MATCHED_TO_MASK,T0_OFF,false,primary
411e5ca7a07283d8b15fcfd78318fc4c,65,METADATA_TOKEN_MATCHED_TO_MASK,T1_SILENT_CHECK,false,primary
ead32b71d915ae971382732ed505799b,283,BASE,T0_OFF,false,primary
ead32b71d915ae971382732ed505799b,283,BASE,T1_SILENT_CHECK,false,primary
ead32b71d915ae971382732ed505799b,283,MASK_SENTINEL,T0_OFF,false,primary
ead32b71d915ae971382732ed505799b,283,MASK_SENTINEL,T1_SILENT_CHECK,false,primary
ead32b71d915ae971382732ed505799b,283,METADATA_TOKEN_MATCHED_TO_MASK,T0_OFF,false,primary
ead32b71d915ae971382732ed505799b,283,METADATA_TOKEN_MATCHED_TO_MASK,T1_SILENT_CHECK,false,primary
ac50421ef9d8e0bf1086ffa36bc78904,292,BASE,T0_OFF,false,primary
ac50421ef9d8e0bf1086ffa36bc78904,292,BASE,T1_SILENT_CHECK,false,primary
ac50421ef9d8e0bf1086ffa36bc78904,292,MASK_SENTINEL,T0_OFF,false,primary
ac50421ef9d8e0bf1086ffa36bc78904,292,MASK_SENTINEL,T1_SILENT_CHECK,false,primary
ac50421ef9d8e0bf1086ffa36bc78904,292,METADATA_TOKEN_MATCHED_TO_MASK,T0_OFF,true,primary
ac50421ef9d8e0bf1086ffa36bc78904,292,METADATA_TOKEN_MATCHED_TO_MASK,T1_SILENT_CHECK,false,primary
ac50421ef9d8e0bf1086ffa36bc78904,292,BASE,T0_OFF,false,integrity_duplicate
ac50421ef9d8e0bf1086ffa36bc78904,292,BASE,T1_SILENT_CHECK,false,integrity_duplicate
ac50421ef9d8e0bf1086ffa36bc78904,292,MASK_SENTINEL,T0_OFF,false,integrity_duplicate
ac50421ef9d8e0bf1086ffa36bc78904,292,MASK_SENTINEL,T1_SILENT_CHECK,false,integrity_duplicate
ac50421ef9d8e0bf1086ffa36bc78904,292,METADATA_TOKEN_MATCHED_TO_MASK,T0_OFF,true,integrity_duplicate
ac50421ef9d8e0bf1086ffa36bc78904,292,METADATA_TOKEN_MATCHED_TO_MASK,T1_SILENT_CHECK,false,integrity_duplicate
9beb7e2390ebcc468962e6b5dfb7aedc,164,BASE,T0_OFF,false,primary
9beb7e2390ebcc468962e6b5dfb7aedc,164,BASE,T1_SILENT_CHECK,false,primary
9beb7e2390ebcc468962e6b5dfb7aedc,164,MASK_SENTINEL,T0_OFF,false,primary
9beb7e2390ebcc468962e6b5dfb7aedc,164,MASK_SENTINEL,T1_SILENT_CHECK,false,primary
9beb7e2390ebcc468962e6b5dfb7aedc,164,METADATA_TOKEN_MATCHED_TO_MASK,T0_OFF,false,primary
9beb7e2390ebcc468962e6b5dfb7aedc,164,METADATA_TOKEN_MATCHED_TO_MASK,T1_SILENT_CHECK,false,primary
e3405263fd35f40aac6e486ecbaf893a,274,BASE,T0_OFF,false,primary
e3405263fd35f40aac6e486ecbaf893a,274,BASE,T1_SILENT_CHECK,false,primary
e3405263fd35f40aac6e486ecbaf893a,274,MASK_SENTINEL,T0_OFF,false,primary
e3405263fd35f40aac6e486ecbaf893a,274,MASK_SENTINEL,T1_SILENT_CHECK,false,primary
e3405263fd35f40aac6e486ecbaf893a,274,METADATA_TOKEN_MATCHED_TO_MASK,T0_OFF,false,primary
e3405263fd35f40aac6e486ecbaf893a,274,METADATA_TOKEN_MATCHED_TO_MASK,T1_SILENT_CHECK,false,primary
25fade0ccb504126030371b70dfcbcf8,49,BASE,T0_OFF,true,primary
25fade0ccb504126030371b70dfcbcf8,49,BASE,T1_SILENT_CHECK,true,primary
25fade0ccb504126030371b70dfcbcf8,49,MASK_SENTINEL,T0_OFF,true,primary
25fade0ccb504126030371b70dfcbcf8,49,MASK_SENTINEL,T1_SILENT_CHECK,true,primary
25fade0ccb504126030371b70dfcbcf8,49,METADATA_TOKEN_MATCHED_TO_MASK,T0_OFF,true,primary
25fade0ccb504126030371b70dfcbcf8,49,METADATA_TOKEN_MATCHED_TO_MASK,T1_SILENT_CHECK,true,primary
ee09df64617b41e1a6caa31a2e5cdd1d,284,BASE,T0_OFF,false,primary
ee09df64617b41e1a6caa31a2e5cdd1d,284,BASE,T1_SILENT_CHECK,false,primary
ee09df64617b41e1a6caa31a2e5cdd1d,284,MASK_SENTINEL,T0_OFF,false,primary
ee09df64617b41e1a6caa31a2e5cdd1d,284,MASK_SENTINEL,T1_SILENT_CHECK,false,primary
ee09df64617b41e1a6caa31a2e5cdd1d,284,METADATA_TOKEN_MATCHED_TO_MASK,T0_OFF,false,primary
ee09df64617b41e1a6caa31a2e5cdd1d,284,METADATA_TOKEN_MATCHED_TO_MASK,T1_SILENT_CHECK,false,primary
ee09df64617b41e1a6caa31a2e5cdd1d,284,BASE,T0_OFF,false,integrity_duplicate
ee09df64617b41e1a6caa31a2e5cdd1d,284,BASE,T1_SILENT_CHECK,false,integrity_duplicate
ee09df64617b41e1a6caa31a2e5cdd1d,284,MASK_SENTINEL,T0_OFF,false,integrity_duplicate
ee09df64617b41e1a6caa31a2e5cdd1d,284,MASK_SENTINEL,T1_SILENT_CHECK,false,integrity_duplicate
ee09df64617b41e1a6caa31a2e5cdd1d,284,METADATA_TOKEN_MATCHED_TO_MASK,T0_OFF,false,integrity_duplicate
ee09df64617b41e1a6caa31a2e5cdd1d,284,METADATA_TOKEN_MATCHED_TO_MASK,T1_SILENT_CHECK,false,integrity_duplicate
500cf441875e545e638ce378c4c66a0e,19,BASE,T0_OFF,false,primary
500cf441875e545e638ce378c4c66a0e,19,BASE,T1_SILENT_CHECK,false,primary
500cf441875e545e638ce378c4c66a0e,19,MASK_SENTINEL,T0_OFF,true,primary
500cf441875e545e638ce378c4c66a0e,19,MASK_SENTINEL,T1_SILENT_CHECK,false,primary
500cf441875e545e638ce378c4c66a0e,19,METADATA_TOKEN_MATCHED_TO_MASK,T0_OFF,true,primary
500cf441875e545e638ce378c4c66a0e,19,METADATA_TOKEN_MATCHED_TO_MASK,T1_SILENT_CHECK,false,primary
b11401d6a2f959bfce5b390bb516499c,192,BASE,T0_OFF,false,primary
b11401d6a2f959bfce5b390bb516499c,192,BASE,T1_SILENT_CHECK,false,primary
b11401d6a2f959bfce5b390bb516499c,192,MASK_SENTINEL,T0_OFF,false,primary
b11401d6a2f959bfce5b390bb516499c,192,MASK_SENTINEL,T1_SILENT_CHECK,false,primary
b11401d6a2f959bfce5b390bb516499c,192,METADATA_TOKEN_MATCHED_TO_MASK,T0_OFF,false,primary
b11401d6a2f959bfce5b390bb516499c,192,METADATA_TOKEN_MATCHED_TO_MASK,T1_SILENT_CHECK,false,primary
69e4f93b9225cd710546b381e07ad057,127,BASE,T0_OFF,true,primary
69e4f93b9225cd710546b381e07ad057,127,BASE,T1_SILENT_CHECK,true,primary
69e4f93b9225cd710546b381e07ad057,127,MASK_SENTINEL,T0_OFF,true,primary
69e4f93b9225cd710546b381e07ad057,127,MASK_SENTINEL,T1_SILENT_CHECK,true,primary
69e4f93b9225cd710546b381e07ad057,127,METADATA_TOKEN_MATCHED_TO_MASK,T0_OFF,true,primary
69e4f93b9225cd710546b381e07ad057,127,METADATA_TOKEN_MATCHED_TO_MASK,T1_SILENT_CHECK,true,primary
7aabd10bdc34d56db3edce42a4be98b0,143,BASE,T0_OFF,false,primary
7aabd10bdc34d56db3edce42a4be98b0,143,BASE,T1_SILENT_CHECK,false,primary
7aabd10bdc34d56db3edce42a4be98b0,143,MASK_SENTINEL,T0_OFF,false,primary
7aabd10bdc34d56db3edce42a4be98b0,143,MASK_SENTINEL,T1_SILENT_CHECK,false,primary
7aabd10bdc34d56db3edce42a4be98b0,143,METADATA_TOKEN_MATCHED_TO_MASK,T0_OFF,false,primary
7aabd10bdc34d56db3edce42a4be98b0,143,METADATA_TOKEN_MATCHED_TO_MASK,T1_SILENT_CHECK,false,primary
7aabd10bdc34d56db3edce42a4be98b0,143,BASE,T0_OFF,false,integrity_duplicate
7aabd10bdc34d56db3edce42a4be98b0,143,BASE,T1_SILENT_CHECK,false,integrity_duplicate
7aabd10bdc34d56db3edce42a4be98b0,143,MASK_SENTINEL,T0_OFF,false,integrity_duplicate
7aabd10bdc34d56db3edce42a4be98b0,143,MASK_SENTINEL,T1_SILENT_CHECK,false,integrity_duplicate
7aabd10bdc34d56db3edce42a4be98b0,143,METADATA_TOKEN_MATCHED_TO_MASK,T0_OFF,false,integrity_duplicate
7aabd10bdc34d56db3edce42a4be98b0,143,METADATA_TOKEN_MATCHED_TO_MASK,T1_SILENT_CHECK,false,integrity_duplicate
4798c610e9e343f4463203656b02600a,84,BASE,T0_OFF,true,primary
4798c610e9e343f4463203656b02600a,84,BASE,T1_SILENT_CHECK,true,primary
4798c610e9e343f4463203656b02600a,84,MASK_SENTINEL,T0_OFF,true,primary
4798c610e9e343f4463203656b02600a,84,MASK_SENTINEL,T1_SILENT_CHECK,true,primary
4798c610e9e343f4463203656b02600a,84,METADATA_TOKEN_MATCHED_TO_MASK,T0_OFF,true,primary
4798c610e9e343f4463203656b02600a,84,METADATA_TOKEN_MATCHED_TO_MASK,T1_SILENT_CHECK,true,primary
450520f793d3bc0a30ad3b6e1004c22b,70,BASE,T0_OFF,false,primary
450520f793d3bc0a30ad3b6e1004c22b,70,BASE,T1_SILENT_CHECK,false,primary
450520f793d3bc0a30ad3b6e1004c22b,70,MASK_SENTINEL,T0_OFF,false,primary
450520f793d3bc0a30ad3b6e1004c22b,70,MASK_SENTINEL,T1_SILENT_CHECK,false,primary
450520f793d3bc0a30ad3b6e1004c22b,70,METADATA_TOKEN_MATCHED_TO_MASK,T0_OFF,false,primary
450520f793d3bc0a30ad3b6e1004c22b,70,METADATA_TOKEN_MATCHED_TO_MASK,T1_SILENT_CHECK,false,primary
450520f793d3bc0a30ad3b6e1004c22b,70,BASE,T0_OFF,false,integrity_duplicate
450520f793d3bc0a30ad3b6e1004c22b,70,BASE,T1_SILENT_CHECK,false,integrity_duplicate
450520f793d3bc0a30ad3b6e1004c22b,70,MASK_SENTINEL,T0_OFF,false,integrity_duplicate
450520f793d3bc0a30ad3b6e1004c22b,70,MASK_SENTINEL,T1_SILENT_CHECK,false,integrity_duplicate
450520f793d3bc0a30ad3b6e1004c22b,70,METADATA_TOKEN_MATCHED_TO_MASK,T0_OFF,false,integrity_duplicate
450520f793d3bc0a30ad3b6e1004c22b,70,METADATA_TOKEN_MATCHED_TO_MASK,T1_SILENT_CHECK,false,integrity_duplicate
cc69159bab1827b0cf2252c373d80ef8,295,BASE,T0_OFF,true,primary
cc69159bab1827b0cf2252c373d80ef8,295,BASE,T1_SILENT_CHECK,false,primary
cc69159bab1827b0cf2252c373d80ef8,295,MASK_SENTINEL,T0_OFF,false,primary
cc69159bab1827b0cf2252c373d80ef8,295,MASK_SENTINEL,T1_SILENT_CHECK,false,primary
cc69159bab1827b0cf2252c373d80ef8,295,METADATA_TOKEN_MATCHED_TO_MASK,T0_OFF,false,primary
cc69159bab1827b0cf2252c373d80ef8,295,METADATA_TOKEN_MATCHED_TO_MASK,T1_SILENT_CHECK,false,primary
cc69159bab1827b0cf2252c373d80ef8,295,BASE,T0_OFF,true,integrity_duplicate
cc69159bab1827b0cf2252c373d80ef8,295,BASE,T1_SILENT_CHECK,false,integrity_duplicate
cc69159bab1827b0cf2252c373d80ef8,295,MASK_SENTINEL,T0_OFF,false,integrity_duplicate
cc69159bab1827b0cf2252c373d80ef8,295,MASK_SENTINEL,T1_SILENT_CHECK,false,integrity_duplicate
cc69159bab1827b0cf2252c373d80ef8,295,METADATA_TOKEN_MATCHED_TO_MASK,T0_OFF,false,integrity_duplicate
cc69159bab1827b0cf2252c373d80ef8,295,METADATA_TOKEN_MATCHED_TO_MASK,T1_SILENT_CHECK,false,integrity_duplicate
ba0f5c0e3b2d15561d2b81ffa62f5491,257,BASE,T0_OFF,true,primary
ba0f5c0e3b2d15561d2b81ffa62f5491,257,BASE,T1_SILENT_CHECK,false,primary
ba0f5c0e3b2d15561d2b81ffa62f5491,257,MASK_SENTINEL,T0_OFF,true,primary
ba0f5c0e3b2d15561d2b81ffa62f5491,257,MASK_SENTINEL,T1_SILENT_CHECK,true,primary
ba0f5c0e3b2d15561d2b81ffa62f5491,257,METADATA_TOKEN_MATCHED_TO_MASK,T0_OFF,true,primary
ba0f5c0e3b2d15561d2b81ffa62f5491,257,METADATA_TOKEN_MATCHED_TO_MASK,T1_SILENT_CHECK,true,primary
90e0186ac89188bb62b9c4859dd7e706,136,BASE,T0_OFF,true,primary
90e0186ac89188bb62b9c4859dd7e706,136,BASE,T1_SILENT_CHECK,false,primary
90e0186ac89188bb62b9c4859dd7e706,136,MASK_SENTINEL,T0_OFF,true,primary
90e0186ac89188bb62b9c4859dd7e706,136,MASK_SENTINEL,T1_SILENT_CHECK,false,primary
90e0186ac89188bb62b9c4859dd7e706,136,METADATA_TOKEN_MATCHED_TO_MASK,T0_OFF,true,primary
90e0186ac89188bb62b9c4859dd7e706,136,METADATA_TOKEN_MATCHED_TO_MASK,T1_SILENT_CHECK,false,primary
90e0186ac89188bb62b9c4859dd7e706,136,BASE,T0_OFF,true,integrity_duplicate
90e0186ac89188bb62b9c4859dd7e706,136,BASE,T1_SILENT_CHECK,false,integrity_duplicate
90e0186ac89188bb62b9c4859dd7e706,136,MASK_SENTINEL,T0_OFF,true,integrity_duplicate
90e0186ac89188bb62b9c4859dd7e706,136,MASK_SENTINEL,T1_SILENT_CHECK,false,integrity_duplicate
90e0186ac89188bb62b9c4859dd7e706,136,METADATA_TOKEN_MATCHED_TO_MASK,T0_OFF,true,integrity_duplicate
90e0186ac89188bb62b9c4859dd7e706,136,METADATA_TOKEN_MATCHED_TO_MASK,T1_SILENT_CHECK,false,integrity_duplicate
